Latitude (decimal degrees):	53.367
Longitude (decimal degrees):	7.206
Elevation (m):	7
Radiation database:	PVGIS-SARAH3


Slope: 23 deg. 
Azimuth: -10 deg. 
Nominal power of the PV system (c-Si) (kWp):	1.0
System losses (%):	14.0
time,P,G(i),H_sun,T2m,WS10m,Int
20230101:0011,0.0,0.0,0.0,15.26,10.14,0.0
20230101:0111,0.0,0.0,0.0,14.94,9.66,0.0
20230101:0211,0.0,0.0,0.0,14.39,8.9,0.0
20230101:0311,0.0,0.0,0.0,14.17,8.28,0.0
20230101:0411,0.0,0.0,0.0,13.59,8.14,0.0
20230101:0511,0.0,0.0,0.0,12.7,8.21,0.0
20230101:0611,0.0,0.0,0.0,12.16,8.14,0.0
20230101:0711,0.0,0.0,0.0,12.71,8.34,0.0
20230101:0811,0.82,7.74,1.89,12.23,8.0,0.0
20230101:0911,13.2,28.07,7.55,11.98,7.59,0.0
20230101:1011,137.68,175.28,11.51,12.06,7.24,0.0
20230101:1111,400.83,472.43,13.45,12.17,7.52,0.0
20230101:1211,290.55,347.27,13.21,12.2,7.52,0.0
20230101:1311,58.78,85.46,10.81,12.24,7.31,0.0
20230101:1411,35.01,57.44,6.45,12.04,6.83,0.0
20230101:1511,0.0,0.0,0.0,11.63,6.0,0.0
20230101:1611,0.0,0.0,0.0,11.31,4.9,0.0
20230101:1711,0.0,0.0,0.0,11.1,4.48,0.0
20230101:1811,0.0,0.0,0.0,10.97,4.48,0.0
20230101:1911,0.0,0.0,0.0,10.6,4.28,0.0
20230101:2011,0.0,0.0,0.0,10.69,4.14,0.0
20230101:2111,0.0,0.0,0.0,10.55,3.72,0.0
20230101:2211,0.0,0.0,0.0,10.27,3.31,0.0
20230101:2311,0.0,0.0,0.0,10.18,3.03,0.0
20230102:0011,0.0,0.0,0.0,10.14,3.24,0.0
20230102:0111,0.0,0.0,0.0,10.28,3.52,0.0
20230102:0211,0.0,0.0,0.0,10.77,4.34,0.0
20230102:0311,0.0,0.0,0.0,11.31,5.03,0.0
20230102:0411,0.0,0.0,0.0,11.59,5.52,0.0
20230102:0511,0.0,0.0,0.0,11.72,5.79,0.0
20230102:0611,0.0,0.0,0.0,11.72,5.72,0.0
20230102:0711,0.0,0.0,0.0,11.52,6.14,0.0
20230102:0811,0.0,1.94,1.91,10.83,5.24,0.0
20230102:0911,14.73,30.01,7.59,9.91,5.17,0.0
20230102:1011,70.45,97.85,11.57,9.11,4.48,0.0
20230102:1111,55.41,80.4,13.53,8.78,3.86,0.0
20230102:1211,324.76,384.63,13.31,8.89,3.66,0.0
20230102:1311,19.11,35.81,10.92,9.07,5.1,0.0
20230102:1411,10.68,24.2,6.57,8.99,4.76,0.0
20230102:1511,0.0,0.0,0.0,8.77,5.1,0.0
20230102:1611,0.0,0.0,0.0,8.12,4.97,0.0
20230102:1711,0.0,0.0,0.0,7.74,4.55,0.0
20230102:1811,0.0,0.0,0.0,7.49,4.41,0.0
20230102:1911,0.0,0.0,0.0,6.96,4.14,0.0
20230102:2011,0.0,0.0,0.0,6.35,3.93,0.0
20230102:2111,0.0,0.0,0.0,6.1,3.93,0.0
20230102:2211,0.0,0.0,0.0,5.8,3.79,0.0
20230102:2311,0.0,0.0,0.0,5.68,3.66,0.0
20230103:0011,0.0,0.0,0.0,5.46,3.59,0.0
20230103:0111,0.0,0.0,0.0,5.19,3.38,0.0
20230103:0211,0.0,0.0,0.0,5.02,3.17,0.0
20230103:0311,0.0,0.0,0.0,4.75,2.97,0.0
20230103:0411,0.0,0.0,0.0,4.2,2.83,0.0
20230103:0511,0.0,0.0,0.0,3.89,2.97,0.0
20230103:0611,0.0,0.0,0.0,3.87,3.03,0.0
20230103:0711,0.0,0.0,0.0,3.2,3.1,0.0
20230103:0811,0.48,6.78,1.95,3.07,3.1,0.0
20230103:0911,246.95,293.65,7.64,3.51,2.9,0.0
20230103:1011,247.69,292.02,11.64,4.21,2.62,0.0
20230103:1111,57.99,82.32,13.62,5.2,2.9,0.0
20230103:1211,119.01,151.27,13.41,5.99,2.97,0.0
20230103:1311,23.06,40.65,11.04,6.81,4.28,0.0
20230103:1411,33.24,54.03,6.7,7.04,4.21,0.0
20230103:1511,0.0,0.0,0.0,7.02,4.28,0.0
20230103:1611,0.0,0.0,0.0,7.1,4.48,0.0
20230103:1711,0.0,0.0,0.0,7.17,4.83,0.0
20230103:1811,0.0,0.0,0.0,7.24,5.31,0.0
20230103:1911,0.0,0.0,0.0,7.38,5.52,0.0
20230103:2011,0.0,0.0,0.0,7.32,6.07,0.0
20230103:2111,0.0,0.0,0.0,7.2,6.55,0.0
20230103:2211,0.0,0.0,0.0,7.21,6.83,0.0
20230103:2311,0.0,0.0,0.0,7.34,7.1,0.0
20230104:0011,0.0,0.0,0.0,7.63,7.52,0.0
20230104:0111,0.0,0.0,0.0,7.95,7.86,0.0
20230104:0211,0.0,0.0,0.0,8.45,8.07,0.0
20230104:0311,0.0,0.0,0.0,8.54,8.34,0.0
20230104:0411,0.0,0.0,0.0,8.66,8.55,0.0
20230104:0511,0.0,0.0,0.0,9.04,8.28,0.0
20230104:0611,0.0,0.0,0.0,9.63,8.41,0.0
20230104:0711,0.0,0.0,0.0,10.32,8.34,0.0
20230104:0811,0.0,4.84,1.99,10.66,8.41,0.0
20230104:0911,199.75,246.03,7.7,10.85,8.41,0.0
20230104:1011,30.15,50.33,11.71,11.02,8.21,0.0
20230104:1111,22.58,40.65,13.71,11.11,7.86,0.0
20230104:1211,41.01,63.88,13.52,11.47,8.07,0.0
20230104:1311,52.63,77.93,11.16,11.78,9.03,0.0
20230104:1411,17.2,33.65,6.83,11.19,9.24,0.0
20230104:1511,0.0,0.0,0.0,10.91,8.83,0.0
20230104:1611,0.0,0.0,0.0,10.32,8.48,0.0
20230104:1711,0.0,0.0,0.0,9.95,8.28,0.0
20230104:1811,0.0,0.0,0.0,9.61,8.0,0.0
20230104:1911,0.0,0.0,0.0,9.9,8.48,0.0
20230104:2011,0.0,0.0,0.0,9.88,8.9,0.0
20230104:2111,0.0,0.0,0.0,9.75,8.55,0.0
20230104:2211,0.0,0.0,0.0,9.5,8.21,0.0
20230104:2311,0.0,0.0,0.0,9.3,8.0,0.0
20230105:0011,0.0,0.0,0.0,9.08,7.72,0.0
20230105:0111,0.0,0.0,0.0,9.07,7.66,0.0
20230105:0211,0.0,0.0,0.0,9.09,7.45,0.0
20230105:0311,0.0,0.0,0.0,8.97,7.17,0.0
20230105:0411,0.0,0.0,0.0,8.82,6.97,0.0
20230105:0511,0.0,0.0,0.0,8.62,6.41,0.0
20230105:0611,0.0,0.0,0.0,8.44,6.0,0.0
20230105:0711,0.0,0.0,0.0,8.44,5.24,0.0
20230105:0811,0.86,7.74,2.04,8.25,4.76,0.0
20230105:0911,216.31,263.45,7.77,8.13,4.28,0.0
20230105:1011,306.31,362.72,11.8,8.63,4.0,0.0
20230105:1111,335.41,394.61,13.82,9.03,4.76,0.0
20230105:1211,398.81,469.6,13.64,9.46,4.55,0.0
20230105:1311,56.38,81.79,11.29,9.33,3.86,0.0
20230105:1411,41.71,65.1,6.97,9.22,3.52,0.0
20230105:1511,0.0,0.0,0.0,8.66,2.76,0.0
20230105:1611,0.0,0.0,0.0,8.46,2.34,0.0
20230105:1711,0.0,0.0,0.0,8.24,2.21,0.0
20230105:1811,0.0,0.0,0.0,8.38,2.48,0.0
20230105:1911,0.0,0.0,0.0,8.53,3.17,0.0
20230105:2011,0.0,0.0,0.0,8.64,3.31,0.0
20230105:2111,0.0,0.0,0.0,8.78,3.72,0.0
20230105:2211,0.0,0.0,0.0,9.01,4.34,0.0
20230105:2311,0.0,0.0,0.0,9.44,4.62,0.0
20230106:0011,0.0,0.0,0.0,9.74,4.9,0.0
20230106:0111,0.0,0.0,0.0,9.77,4.97,0.0
20230106:0211,0.0,0.0,0.0,9.75,5.1,0.0
20230106:0311,0.0,0.0,0.0,9.75,5.31,0.0
20230106:0411,0.0,0.0,0.0,9.83,5.72,0.0
20230106:0511,0.0,0.0,0.0,9.92,6.14,0.0
20230106:0611,0.0,0.0,0.0,10.02,6.55,0.0
20230106:0711,0.0,0.0,0.0,10.05,7.31,0.0
20230106:0811,0.0,0.97,2.1,9.65,8.21,0.0
20230106:0911,251.12,303.44,7.84,9.33,6.07,0.0
20230106:1011,345.21,406.22,11.89,8.92,5.03,0.0
20230106:1111,379.13,444.39,13.92,9.22,5.1,0.0
20230106:1211,404.42,474.95,13.76,9.5,5.17,0.0
20230106:1311,170.76,211.95,11.42,9.6,5.31,0.0
20230106:1411,59.14,86.45,7.11,9.32,4.9,0.0
20230106:1511,0.0,0.0,0.0,8.95,4.48,0.0
20230106:1611,0.0,0.0,0.0,8.43,4.34,0.0
20230106:1711,0.0,0.0,0.0,7.99,4.21,0.0
20230106:1811,0.0,0.0,0.0,7.64,3.79,0.0
20230106:1911,0.0,0.0,0.0,7.02,3.79,0.0
20230106:2011,0.0,0.0,0.0,6.78,3.79,0.0
20230106:2111,0.0,0.0,0.0,6.48,3.45,0.0
20230106:2211,0.0,0.0,0.0,6.58,3.31,0.0
20230106:2311,0.0,0.0,0.0,7.12,3.38,0.0
20230107:0011,0.0,0.0,0.0,8.07,3.59,0.0
20230107:0111,0.0,0.0,0.0,8.76,3.79,0.0
20230107:0211,0.0,0.0,0.0,9.28,4.21,0.0
20230107:0311,0.0,0.0,0.0,9.66,4.62,0.0
20230107:0411,0.0,0.0,0.0,9.96,4.76,0.0
20230107:0511,0.0,0.0,0.0,10.08,4.83,0.0
20230107:0611,0.0,0.0,0.0,10.08,4.97,0.0
20230107:0711,0.0,0.0,0.0,9.17,5.03,0.0
20230107:0811,0.0,1.94,2.16,8.81,5.03,0.0
20230107:0911,87.64,117.91,7.92,8.89,5.17,0.0
20230107:1011,218.37,263.58,11.99,9.43,5.31,0.0
20230107:1111,133.28,169.23,14.04,10.1,5.17,0.0
20230107:1211,127.13,162.64,13.9,10.41,5.52,0.0
20230107:1311,66.93,94.49,11.57,10.61,5.66,0.0
20230107:1411,49.36,74.73,7.26,10.44,5.79,0.0
20230107:1511,0.0,0.0,0.0,10.06,5.86,0.0
20230107:1611,0.0,0.0,0.0,9.6,5.86,0.0
20230107:1711,0.0,0.0,0.0,9.36,5.93,0.0
20230107:1811,0.0,0.0,0.0,9.45,6.14,0.0
20230107:1911,0.0,0.0,0.0,9.27,6.21,0.0
20230107:2011,0.0,0.0,0.0,9.59,6.28,0.0
20230107:2111,0.0,0.0,0.0,9.75,6.41,0.0
20230107:2211,0.0,0.0,0.0,9.48,6.21,0.0
20230107:2311,0.0,0.0,0.0,9.46,6.21,0.0
20230108:0011,0.0,0.0,0.0,9.8,6.14,0.0
20230108:0111,0.0,0.0,0.0,10.01,5.93,0.0
20230108:0211,0.0,0.0,0.0,9.67,5.66,0.0
20230108:0311,0.0,0.0,0.0,9.36,5.31,0.0
20230108:0411,0.0,0.0,0.0,9.05,4.83,0.0
20230108:0511,0.0,0.0,0.0,8.74,4.62,0.0
20230108:0611,0.0,0.0,0.0,8.36,4.55,0.0
20230108:0711,0.0,0.0,0.0,8.22,4.41,0.0
20230108:0811,2.27,10.65,2.23,8.1,4.28,0.0
20230108:0911,255.36,307.77,8.01,8.23,4.48,0.0
20230108:1011,371.27,436.01,12.09,8.62,4.69,0.0
20230108:1111,390.08,457.26,14.16,9.06,4.69,0.0
20230108:1211,407.66,477.61,14.04,9.47,5.66,0.0
20230108:1311,186.85,229.68,11.72,9.43,5.59,0.0
20230108:1411,133.77,174.6,7.42,9.07,4.97,0.0
20230108:1511,0.0,0.0,0.0,8.68,4.48,0.0
20230108:1611,0.0,0.0,0.0,8.02,4.07,0.0
20230108:1711,0.0,0.0,0.0,7.59,4.0,0.0
20230108:1811,0.0,0.0,0.0,7.09,4.21,0.0
20230108:1911,0.0,0.0,0.0,6.91,4.48,0.0
20230108:2011,0.0,0.0,0.0,6.67,4.83,0.0
20230108:2111,0.0,0.0,0.0,6.53,4.83,0.0
20230108:2211,0.0,0.0,0.0,6.25,4.76,0.0
20230108:2311,0.0,0.0,0.0,6.09,4.76,0.0
20230109:0011,0.0,0.0,0.0,6.3,4.62,0.0
20230109:0111,0.0,0.0,0.0,6.64,4.48,0.0
20230109:0211,0.0,0.0,0.0,6.88,4.69,0.0
20230109:0311,0.0,0.0,0.0,6.97,4.48,0.0
20230109:0411,0.0,0.0,0.0,6.85,4.14,0.0
20230109:0511,0.0,0.0,0.0,6.43,4.07,0.0
20230109:0611,0.0,0.0,0.0,5.79,4.21,0.0
20230109:0711,0.0,0.0,0.0,5.09,3.93,0.0
20230109:0811,0.0,4.84,2.31,4.95,3.52,0.0
20230109:0911,55.97,80.07,8.1,5.14,3.24,0.0
20230109:1011,18.68,34.85,12.21,5.78,2.97,0.0
20230109:1111,97.01,126.88,14.3,6.28,3.03,0.0
20230109:1211,39.5,60.98,14.18,6.54,3.03,0.0
20230109:1311,107.16,139.04,11.87,6.84,2.55,0.0
20230109:1411,17.85,33.88,7.58,6.81,3.1,0.0
20230109:1511,0.0,0.94,1.64,6.75,2.9,0.0
20230109:1611,0.0,0.0,0.0,6.38,2.76,0.0
20230109:1711,0.0,0.0,0.0,5.94,3.1,0.0
20230109:1811,0.0,0.0,0.0,5.76,3.38,0.0
20230109:1911,0.0,0.0,0.0,5.86,3.24,0.0
20230109:2011,0.0,0.0,0.0,5.82,3.45,0.0
20230109:2111,0.0,0.0,0.0,5.38,3.45,0.0
20230109:2211,0.0,0.0,0.0,5.21,3.59,0.0
20230109:2311,0.0,0.0,0.0,5.16,3.59,0.0
20230110:0011,0.0,0.0,0.0,5.11,3.59,0.0
20230110:0111,0.0,0.0,0.0,4.95,3.66,0.0
20230110:0211,0.0,0.0,0.0,4.86,3.79,0.0
20230110:0311,0.0,0.0,0.0,4.82,4.07,0.0
20230110:0411,0.0,0.0,0.0,4.88,4.14,0.0
20230110:0511,0.0,0.0,0.0,4.9,4.21,0.0
20230110:0611,0.0,0.0,0.0,4.78,4.34,0.0
20230110:0711,0.0,0.0,0.0,4.83,4.0,0.0
20230110:0811,0.0,4.84,2.4,4.95,4.28,0.0
20230110:0911,114.84,146.79,8.21,5.37,4.48,0.0
20230110:1011,147.19,181.8,12.33,6.08,4.9,0.0
20230110:1111,149.74,184.76,14.43,6.54,5.45,0.0
20230110:1211,128.23,161.42,14.33,6.63,4.9,0.0
20230110:1311,68.58,94.93,12.04,6.58,4.48,0.0
20230110:1411,41.54,63.78,7.75,6.13,5.31,0.0
20230110:1511,0.0,0.94,1.81,5.8,5.52,0.0
20230110:1611,0.0,0.0,0.0,5.74,5.93,0.0
20230110:1711,0.0,0.0,0.0,6.0,6.62,0.0
20230110:1811,0.0,0.0,0.0,5.99,7.66,0.0
20230110:1911,0.0,0.0,0.0,6.06,8.21,0.0
20230110:2011,0.0,0.0,0.0,6.14,8.21,0.0
20230110:2111,0.0,0.0,0.0,6.43,7.93,0.0
20230110:2211,0.0,0.0,0.0,7.04,7.79,0.0
20230110:2311,0.0,0.0,0.0,7.92,7.72,0.0
20230111:0011,0.0,0.0,0.0,8.69,7.86,0.0
20230111:0111,0.0,0.0,0.0,9.33,7.86,0.0
20230111:0211,0.0,0.0,0.0,9.9,7.79,0.0
20230111:0311,0.0,0.0,0.0,10.19,7.72,0.0
20230111:0411,0.0,0.0,0.0,10.39,7.31,0.0
20230111:0511,0.0,0.0,0.0,10.24,6.21,0.0
20230111:0611,0.0,0.0,0.0,10.09,5.1,0.0
20230111:0711,0.0,0.0,0.0,9.74,4.41,0.0
20230111:0811,19.85,38.33,2.49,9.09,3.79,0.0
20230111:0911,238.65,289.69,8.32,8.71,3.72,0.0
20230111:1011,356.4,419.9,12.46,8.79,4.14,0.0
20230111:1111,402.52,471.43,14.58,9.13,4.76,0.0
20230111:1211,419.44,491.28,14.49,9.22,5.17,0.0
20230111:1311,74.35,102.52,12.21,9.24,5.59,0.0
20230111:1411,2.78,11.62,7.93,8.83,6.14,0.0
20230111:1511,0.0,0.97,1.98,8.23,5.45,0.0
20230111:1611,0.0,0.0,0.0,7.6,5.03,0.0
20230111:1711,0.0,0.0,0.0,7.09,5.17,0.0
20230111:1811,0.0,0.0,0.0,6.82,5.72,0.0
20230111:1911,0.0,0.0,0.0,7.55,6.48,0.0
20230111:2011,0.0,0.0,0.0,7.64,7.1,0.0
20230111:2111,0.0,0.0,0.0,7.53,7.38,0.0
20230111:2211,0.0,0.0,0.0,7.17,7.59,0.0
20230111:2311,0.0,0.0,0.0,7.25,7.17,0.0
20230112:0011,0.0,0.0,0.0,7.25,6.76,0.0
20230112:0111,0.0,0.0,0.0,7.05,6.14,0.0
20230112:0211,0.0,0.0,0.0,7.08,5.72,0.0
20230112:0311,0.0,0.0,0.0,7.31,5.72,0.0
20230112:0411,0.0,0.0,0.0,7.62,6.41,0.0
20230112:0511,0.0,0.0,0.0,8.05,6.97,0.0
20230112:0611,0.0,0.0,0.0,8.15,7.93,0.0
20230112:0711,0.0,0.0,0.0,8.23,8.97,0.0
20230112:0811,0.0,1.94,2.59,9.05,8.9,0.0
20230112:0911,11.31,25.17,8.43,9.79,8.34,0.0
20230112:1011,45.38,68.85,12.59,10.41,8.14,0.0
20230112:1111,85.55,115.64,14.73,10.66,8.28,0.0
20230112:1211,28.66,48.4,14.66,10.69,7.1,0.0
20230112:1311,101.71,134.57,12.38,10.92,6.07,0.0
20230112:1411,48.9,73.93,8.11,10.75,6.41,0.0
20230112:1511,0.0,0.97,2.17,10.55,5.66,0.0
20230112:1611,0.0,0.0,0.0,9.97,5.1,0.0
20230112:1711,0.0,0.0,0.0,9.71,5.52,0.0
20230112:1811,0.0,0.0,0.0,9.8,6.55,0.0
20230112:1911,0.0,0.0,0.0,9.9,7.17,0.0
20230112:2011,0.0,0.0,0.0,10.01,7.17,0.0
20230112:2111,0.0,0.0,0.0,9.93,7.24,0.0
20230112:2211,0.0,0.0,0.0,9.85,7.66,0.0
20230112:2311,0.0,0.0,0.0,9.65,7.45,0.0
20230113:0011,0.0,0.0,0.0,8.95,7.24,0.0
20230113:0111,0.0,0.0,0.0,8.29,6.97,0.0
20230113:0211,0.0,0.0,0.0,7.71,6.9,0.0
20230113:0311,0.0,0.0,0.0,7.37,7.03,0.0
20230113:0411,0.0,0.0,0.0,7.12,7.24,0.0
20230113:0511,0.0,0.0,0.0,6.97,7.38,0.0
20230113:0611,0.0,0.0,0.0,6.83,7.59,0.0
20230113:0711,0.0,0.0,0.0,7.32,8.14,0.0
20230113:0811,0.87,7.74,2.69,7.3,8.28,0.0
20230113:0911,34.62,55.13,8.56,7.37,8.41,0.0
20230113:1011,14.93,30.01,12.73,7.65,8.55,0.0
20230113:1111,240.28,283.98,14.89,7.86,8.76,0.0
20230113:1211,103.07,133.94,14.83,7.86,8.69,0.0
20230113:1311,5.04,15.49,12.57,7.81,8.76,0.0
20230113:1411,25.41,43.86,8.29,7.89,8.69,0.0
20230113:1511,0.0,1.94,2.35,7.69,8.48,0.0
20230113:1611,0.0,0.0,0.0,7.51,8.0,0.0
20230113:1711,0.0,0.0,0.0,7.15,7.59,0.0
20230113:1811,0.0,0.0,0.0,7.14,7.38,0.0
20230113:1911,0.0,0.0,0.0,7.1,7.38,0.0
20230113:2011,0.0,0.0,0.0,7.11,6.69,0.0
20230113:2111,0.0,0.0,0.0,6.92,6.21,0.0
20230113:2211,0.0,0.0,0.0,6.61,5.79,0.0
20230113:2311,0.0,0.0,0.0,6.5,5.45,0.0
20230114:0011,0.0,0.0,0.0,6.37,5.17,0.0
20230114:0111,0.0,0.0,0.0,6.19,5.45,0.0
20230114:0211,0.0,0.0,0.0,6.28,5.59,0.0
20230114:0311,0.0,0.0,0.0,6.27,5.1,0.0
20230114:0411,0.0,0.0,0.0,5.8,4.9,0.0
20230114:0511,0.0,0.0,0.0,5.21,4.76,0.0
20230114:0611,0.0,0.0,0.0,4.82,4.83,0.0
20230114:0711,0.0,0.0,0.0,4.64,4.83,0.0
20230114:0811,0.0,4.84,2.81,4.76,5.24,0.0
20230114:0911,10.22,23.23,8.69,5.5,5.79,0.0
20230114:1011,17.2,32.91,12.88,6.2,6.28,0.0
20230114:1111,30.02,49.36,15.06,6.71,6.9,0.0
20230114:1211,22.29,39.69,15.01,7.14,7.31,0.0
20230114:1311,13.51,28.07,12.75,7.67,7.59,0.0
20230114:1411,23.76,41.85,8.49,8.42,8.14,0.0
20230114:1511,0.0,1.94,2.55,9.0,8.48,0.0
20230114:1611,0.0,0.0,0.0,9.56,8.07,0.0
20230114:1711,0.0,0.0,0.0,9.95,7.72,0.0
20230114:1811,0.0,0.0,0.0,10.26,7.72,0.0
20230114:1911,0.0,0.0,0.0,10.21,6.76,0.0
20230114:2011,0.0,0.0,0.0,9.48,6.14,0.0
20230114:2111,0.0,0.0,0.0,8.31,5.79,0.0
20230114:2211,0.0,0.0,0.0,7.63,5.93,0.0
20230114:2311,0.0,0.0,0.0,7.23,6.14,0.0
20230115:0011,0.0,0.0,0.0,6.88,6.21,0.0
20230115:0111,0.0,0.0,0.0,6.54,6.21,0.0
20230115:0211,0.0,0.0,0.0,6.31,6.28,0.0
20230115:0311,0.0,0.0,0.0,6.28,6.62,0.0
20230115:0411,0.0,0.0,0.0,6.17,6.97,0.0
20230115:0511,0.0,0.0,0.0,5.93,7.03,0.0
20230115:0611,0.0,0.0,0.0,5.76,7.17,0.0
20230115:0711,0.0,0.0,0.0,5.71,7.59,0.0
20230115:0811,65.15,95.09,2.93,5.49,8.21,0.0
20230115:0911,250.49,295.55,8.82,5.39,8.83,0.0
20230115:1011,180.06,216.25,13.04,5.65,9.59,0.0
20230115:1111,347.94,398.48,15.23,5.82,9.17,0.0
20230115:1211,61.83,86.84,15.2,6.1,9.24,0.0
20230115:1311,18.73,34.85,12.95,5.65,9.66,0.0
20230115:1411,42.91,65.05,8.69,5.83,9.31,0.0
20230115:1511,0.0,3.87,2.75,5.48,8.48,0.0
20230115:1611,0.0,0.0,0.0,5.06,7.72,0.0
20230115:1711,0.0,0.0,0.0,5.06,6.9,0.0
20230115:1811,0.0,0.0,0.0,5.17,6.41,0.0
20230115:1911,0.0,0.0,0.0,4.97,5.52,0.0
20230115:2011,0.0,0.0,0.0,4.76,5.59,0.0
20230115:2111,0.0,0.0,0.0,4.65,5.59,0.0
20230115:2211,0.0,0.0,0.0,4.74,5.24,0.0
20230115:2311,0.0,0.0,0.0,4.62,4.76,0.0
20230116:0011,0.0,0.0,0.0,4.5,4.41,0.0
20230116:0111,0.0,0.0,0.0,4.49,4.21,0.0
20230116:0211,0.0,0.0,0.0,4.29,3.93,0.0
20230116:0311,0.0,0.0,0.0,4.14,3.79,0.0
20230116:0411,0.0,0.0,0.0,3.96,3.66,0.0
20230116:0511,0.0,0.0,0.0,3.73,3.45,0.0
20230116:0611,0.0,0.0,0.0,3.64,3.66,0.0
20230116:0711,0.0,0.0,0.0,3.29,3.38,0.0
20230116:0811,41.96,65.81,3.05,3.09,3.93,0.0
20230116:0911,59.57,83.58,8.97,3.5,3.93,0.0
20230116:1011,106.2,135.73,13.2,4.06,3.72,0.0
20230116:1111,27.99,46.46,15.41,4.4,4.14,0.0
20230116:1211,32.79,52.27,15.39,4.08,5.52,0.0
20230116:1311,28.89,47.43,13.15,3.72,5.66,0.0
20230116:1411,13.08,27.1,8.89,3.81,5.59,0.0
20230116:1511,0.9,7.74,2.95,3.98,4.76,0.0
20230116:1611,0.0,0.0,0.0,3.91,4.07,0.0
20230116:1711,0.0,0.0,0.0,3.72,3.59,0.0
20230116:1811,0.0,0.0,0.0,3.4,3.38,0.0
20230116:1911,0.0,0.0,0.0,3.15,3.1,0.0
20230116:2011,0.0,0.0,0.0,3.16,2.62,0.0
20230116:2111,0.0,0.0,0.0,3.15,2.14,0.0
20230116:2211,0.0,0.0,0.0,3.3,1.72,0.0
20230116:2311,0.0,0.0,0.0,3.42,2.0,0.0
20230117:0011,0.0,0.0,0.0,3.37,3.1,0.0
20230117:0111,0.0,0.0,0.0,3.18,4.14,0.0
20230117:0211,0.0,0.0,0.0,2.88,5.45,0.0
20230117:0311,0.0,0.0,0.0,2.78,7.38,0.0
20230117:0411,0.0,0.0,0.0,3.02,6.9,0.0
20230117:0511,0.0,0.0,0.0,2.94,5.93,0.0
20230117:0611,0.0,0.0,0.0,2.8,5.45,0.0
20230117:0711,0.0,0.0,0.0,2.43,4.34,0.0
20230117:0811,2.92,11.62,3.19,1.8,4.21,0.0
20230117:0911,14.65,29.04,9.12,1.91,4.14,0.0
20230117:1011,398.38,455.24,13.37,2.44,3.86,0.0
20230117:1111,170.97,205.56,15.6,3.2,4.14,0.0
20230117:1211,471.76,539.8,15.59,3.78,4.48,0.0
20230117:1311,269.02,314.59,13.36,3.99,4.62,0.0
20230117:1411,21.14,37.75,9.1,3.84,4.48,0.0
20230117:1511,0.0,4.84,3.16,3.32,4.48,0.0
20230117:1611,0.0,0.0,0.0,2.62,4.21,0.0
20230117:1711,0.0,0.0,0.0,1.9,4.14,0.0
20230117:1811,0.0,0.0,0.0,1.3,4.28,0.0
20230117:1911,0.0,0.0,0.0,0.83,4.0,0.0
20230117:2011,0.0,0.0,0.0,0.51,4.21,0.0
20230117:2111,0.0,0.0,0.0,0.32,4.34,0.0
20230117:2211,0.0,0.0,0.0,0.23,4.07,0.0
20230117:2311,0.0,0.0,0.0,-0.04,3.59,0.0
20230118:0011,0.0,0.0,0.0,-0.36,3.17,0.0
20230118:0111,0.0,0.0,0.0,-0.66,2.83,0.0
20230118:0211,0.0,0.0,0.0,-0.92,2.76,0.0
20230118:0311,0.0,0.0,0.0,-1.23,3.03,0.0
20230118:0411,0.0,0.0,0.0,-1.43,3.17,0.0
20230118:0511,0.0,0.0,0.0,-1.51,3.1,0.0
20230118:0611,0.0,0.0,0.0,-1.44,3.1,0.0
20230118:0711,0.0,0.0,0.0,-1.35,3.59,0.0
20230118:0811,96.1,128.49,3.33,-1.32,3.72,0.0
20230118:0911,217.02,253.96,9.28,-0.61,3.66,0.0
20230118:1011,437.41,495.41,13.55,0.57,3.79,0.0
20230118:1111,486.49,551.5,15.79,1.75,4.21,0.0
20230118:1211,483.61,550.01,15.8,2.69,4.69,0.0
20230118:1311,283.54,329.22,13.57,3.17,4.83,0.0
20230118:1411,239.84,287.94,9.31,3.22,5.66,0.0
20230118:1511,0.49,6.78,3.37,2.77,5.66,0.0
20230118:1611,0.0,0.0,0.0,2.08,5.93,0.0
20230118:1711,0.0,0.0,0.0,1.73,6.48,0.0
20230118:1811,0.0,0.0,0.0,1.75,7.03,0.0
20230118:1911,0.0,0.0,0.0,1.39,7.31,0.0
20230118:2011,0.0,0.0,0.0,1.59,6.9,0.0
20230118:2111,0.0,0.0,0.0,1.8,6.83,0.0
20230118:2211,0.0,0.0,0.0,2.0,6.69,0.0
20230118:2311,0.0,0.0,0.0,2.04,6.21,0.0
20230119:0011,0.0,0.0,0.0,2.15,5.93,0.0
20230119:0111,0.0,0.0,0.0,2.01,5.52,0.0
20230119:0211,0.0,0.0,0.0,1.81,5.17,0.0
20230119:0311,0.0,0.0,0.0,1.83,4.76,0.0
20230119:0411,0.0,0.0,0.0,1.82,4.28,0.0
20230119:0511,0.0,0.0,0.0,1.93,3.93,0.0
20230119:0611,0.0,0.0,0.0,2.39,3.93,0.0
20230119:0711,0.0,0.0,0.0,1.88,3.24,0.0
20230119:0811,1.38,8.71,3.47,2.32,3.72,0.0
20230119:0911,175.47,211.74,9.44,2.86,4.0,0.0
20230119:1011,237.9,278.77,13.73,3.65,4.21,0.0
20230119:1111,456.77,522.6,15.99,4.41,4.76,0.0
20230119:1211,470.1,539.66,16.01,4.79,4.69,0.0
20230119:1311,166.86,202.87,13.79,4.75,4.97,0.0
20230119:1411,158.84,197.57,9.53,4.49,4.55,0.0
20230119:1511,10.95,25.36,3.59,3.75,4.14,0.0
20230119:1611,0.0,0.0,0.0,2.77,3.66,0.0
20230119:1711,0.0,0.0,0.0,1.92,3.31,0.0
20230119:1811,0.0,0.0,0.0,1.19,3.1,0.0
20230119:1911,0.0,0.0,0.0,0.85,3.17,0.0
20230119:2011,0.0,0.0,0.0,0.54,3.17,0.0
20230119:2111,0.0,0.0,0.0,0.06,3.1,0.0
20230119:2211,0.0,0.0,0.0,-0.23,3.03,0.0
20230119:2311,0.0,0.0,0.0,-0.4,3.03,0.0
20230120:0011,0.0,0.0,0.0,-0.6,3.03,0.0
20230120:0111,0.0,0.0,0.0,-0.74,2.97,0.0
20230120:0211,0.0,0.0,0.0,-0.88,2.9,0.0
20230120:0311,0.0,0.0,0.0,-1.07,2.83,0.0
20230120:0411,0.0,0.0,0.0,-1.31,2.9,0.0
20230120:0511,0.0,0.0,0.0,-1.68,2.9,0.0
20230120:0611,0.0,0.0,0.0,-1.97,2.9,0.0
20230120:0711,0.0,0.0,0.0,-2.1,2.41,0.0
20230120:0811,37.0,57.96,3.63,-2.19,2.48,0.0
20230120:0911,28.8,46.46,9.62,-1.41,2.76,0.0
20230120:1011,23.93,40.65,13.92,-0.43,3.38,0.0
20230120:1111,12.61,26.13,16.2,0.26,3.17,0.0
20230120:1211,109.8,138.27,16.23,0.88,2.9,0.0
20230120:1311,47.96,69.69,14.01,1.36,2.48,0.0
20230120:1411,31.46,50.29,9.76,1.52,2.07,0.0
20230120:1511,0.92,7.74,3.81,1.43,1.52,0.0
20230120:1611,0.0,0.0,0.0,0.81,1.59,0.0
20230120:1711,0.0,0.0,0.0,0.2,1.52,0.0
20230120:1811,0.0,0.0,0.0,-0.68,1.17,0.0
20230120:1911,0.0,0.0,0.0,-1.31,1.52,0.0
20230120:2011,0.0,0.0,0.0,-1.36,1.52,0.0
20230120:2111,0.0,0.0,0.0,-1.58,1.52,0.0
20230120:2211,0.0,0.0,0.0,-1.75,1.38,0.0
20230120:2311,0.0,0.0,0.0,-1.54,1.17,0.0
20230121:0011,0.0,0.0,0.0,-1.13,1.03,0.0
20230121:0111,0.0,0.0,0.0,-1.12,1.1,0.0
20230121:0211,0.0,0.0,0.0,-1.38,1.38,0.0
20230121:0311,0.0,0.0,0.0,-1.56,1.66,0.0
20230121:0411,0.0,0.0,0.0,-0.68,1.66,0.0
20230121:0511,0.0,0.0,0.0,-0.79,1.93,0.0
20230121:0611,0.0,0.0,0.0,-0.5,1.93,0.0
20230121:0711,0.0,0.0,0.0,-0.6,2.0,0.0
20230121:0811,10.45,23.39,3.79,-0.48,1.86,0.0
20230121:0911,48.1,69.53,9.79,0.15,1.72,0.0
20230121:1011,109.74,138.59,14.12,1.43,1.93,0.0
20230121:1111,481.61,549.87,16.41,1.97,3.1,0.0
20230121:1211,472.87,541.58,16.45,2.14,2.9,0.0
20230121:1311,387.04,447.0,14.24,2.19,2.55,0.0
20230121:1411,26.71,44.52,9.99,2.14,2.28,0.0
20230121:1511,55.6,87.11,4.04,1.76,1.93,0.0
20230121:1611,0.0,0.0,0.0,0.97,2.28,0.0
20230121:1711,0.0,0.0,0.0,0.77,2.41,0.0
20230121:1811,0.0,0.0,0.0,0.76,2.28,0.0
20230121:1911,0.0,0.0,0.0,0.38,2.55,0.0
20230121:2011,0.0,0.0,0.0,0.29,2.76,0.0
20230121:2111,0.0,0.0,0.0,0.36,3.03,0.0
20230121:2211,0.0,0.0,0.0,0.22,3.31,0.0
20230121:2311,0.0,0.0,0.0,0.04,3.45,0.0
20230122:0011,0.0,0.0,0.0,0.0,3.59,0.0
20230122:0111,0.0,0.0,0.0,-0.11,3.59,0.0
20230122:0211,0.0,0.0,0.0,-0.14,3.59,0.0
20230122:0311,0.0,0.0,0.0,-0.19,3.59,0.0
20230122:0411,0.0,0.0,0.0,-0.25,3.59,0.0
20230122:0511,0.0,0.0,0.0,-0.18,3.52,0.0
20230122:0611,0.0,0.0,0.0,-0.19,3.38,0.0
20230122:0711,0.0,0.0,0.0,-0.71,3.31,0.0
20230122:0811,20.96,37.74,3.95,-0.69,3.24,0.0
20230122:0911,95.76,122.56,9.98,-0.04,3.45,0.0
20230122:1011,130.73,160.65,14.32,0.95,3.52,0.0
20230122:1111,72.92,98.03,16.63,1.78,4.0,0.0
20230122:1211,52.82,75.5,16.68,2.37,4.21,0.0
20230122:1311,42.75,63.88,14.48,2.69,4.0,0.0
20230122:1411,22.78,39.69,10.22,2.72,3.72,0.0
20230122:1511,4.6,14.52,4.27,2.56,3.31,0.0
20230122:1611,0.0,0.0,0.0,2.24,3.17,0.0
20230122:1711,0.0,0.0,0.0,2.08,3.17,0.0
20230122:1811,0.0,0.0,0.0,2.07,3.17,0.0
20230122:1911,0.0,0.0,0.0,2.14,3.03,0.0
20230122:2011,0.0,0.0,0.0,2.18,3.1,0.0
20230122:2111,0.0,0.0,0.0,2.07,3.03,0.0
20230122:2211,0.0,0.0,0.0,1.96,2.9,0.0
20230122:2311,0.0,0.0,0.0,1.79,2.76,0.0
20230123:0011,0.0,0.0,0.0,1.76,2.55,0.0
20230123:0111,0.0,0.0,0.0,1.69,2.48,0.0
20230123:0211,0.0,0.0,0.0,1.49,2.48,0.0
20230123:0311,0.0,0.0,0.0,1.17,2.41,0.0
20230123:0411,0.0,0.0,0.0,0.98,2.41,0.0
20230123:0511,0.0,0.0,0.0,0.88,2.41,0.0
20230123:0611,0.0,0.0,0.0,0.79,2.41,0.0
20230123:0711,0.0,0.0,0.0,0.97,2.41,0.0
20230123:0811,10.78,23.94,4.13,1.01,2.14,0.0
20230123:0911,33.46,52.66,10.17,1.64,1.86,0.0
20230123:1011,50.19,72.59,14.53,2.43,2.14,0.0
20230123:1111,63.09,87.68,16.86,3.29,2.07,0.0
20230123:1211,69.64,95.37,16.92,3.81,1.93,0.0
20230123:1311,39.13,60.01,14.72,4.07,1.72,0.0
20230123:1411,21.09,37.75,10.46,3.98,1.79,0.0
20230123:1511,3.99,13.55,4.5,3.7,1.52,0.0
20230123:1611,0.0,0.0,0.0,2.96,1.66,0.0
20230123:1711,0.0,0.0,0.0,2.41,1.59,0.0
20230123:1811,0.0,0.0,0.0,2.1,1.52,0.0
20230123:1911,0.0,0.0,0.0,2.16,1.79,0.0
20230123:2011,0.0,0.0,0.0,2.08,1.86,0.0
20230123:2111,0.0,0.0,0.0,2.03,1.66,0.0
20230123:2211,0.0,0.0,0.0,1.78,1.45,0.0
20230123:2311,0.0,0.0,0.0,1.53,1.38,0.0
20230124:0011,0.0,0.0,0.0,1.39,1.45,0.0
20230124:0111,0.0,0.0,0.0,1.06,1.24,0.0
20230124:0211,0.0,0.0,0.0,0.74,0.83,0.0
20230124:0311,0.0,0.0,0.0,0.51,0.83,0.0
20230124:0411,0.0,0.0,0.0,0.53,0.83,0.0
20230124:0511,0.0,0.0,0.0,-0.05,1.1,0.0
20230124:0611,0.0,0.0,0.0,-0.1,1.1,0.0
20230124:0711,0.0,0.0,0.0,-0.11,1.72,0.0
20230124:0811,2.41,10.65,4.31,0.01,1.52,0.0
20230124:0911,22.2,38.72,10.37,0.78,1.31,0.0
20230124:1011,25.15,42.59,14.75,2.04,1.52,0.0
20230124:1111,29.79,48.4,17.09,2.57,2.28,0.0
20230124:1211,27.41,45.49,17.16,2.73,2.21,0.0
20230124:1311,24.28,41.62,14.96,2.87,2.14,0.0
20230124:1411,14.56,29.04,10.71,2.93,2.0,0.0
20230124:1511,4.01,13.55,4.74,2.78,1.59,0.0
20230124:1611,0.0,0.0,0.0,2.45,1.1,0.0
20230124:1711,0.0,0.0,0.0,1.95,1.24,0.0
20230124:1811,0.0,0.0,0.0,1.81,1.17,0.0
20230124:1911,0.0,0.0,0.0,1.3,1.45,0.0
20230124:2011,0.0,0.0,0.0,1.13,1.24,0.0
20230124:2111,0.0,0.0,0.0,0.95,1.17,0.0
20230124:2211,0.0,0.0,0.0,0.73,1.31,0.0
20230124:2311,0.0,0.0,0.0,0.34,1.38,0.0
20230125:0011,0.0,0.0,0.0,0.22,1.31,0.0
20230125:0111,0.0,0.0,0.0,-0.06,1.24,0.0
20230125:0211,0.0,0.0,0.0,-0.29,1.38,0.0
20230125:0311,0.0,0.0,0.0,-0.44,1.52,0.0
20230125:0411,0.0,0.0,0.0,-0.63,1.45,0.0
20230125:0511,0.0,0.0,0.0,-0.89,1.31,0.0
20230125:0611,0.0,0.0,0.0,-0.82,1.45,0.0
20230125:0711,0.0,0.0,0.0,-1.49,2.14,0.0
20230125:0811,3.55,12.58,4.49,-1.68,2.28,0.0
20230125:0911,17.9,32.91,10.57,-1.67,2.48,0.0
20230125:1011,22.48,38.72,14.97,-1.45,2.69,0.0
20230125:1111,24.0,40.65,17.33,-1.13,2.83,0.0
20230125:1211,30.31,48.4,17.41,-0.77,3.03,0.0
20230125:1311,27.88,45.49,15.22,-0.52,3.17,0.0
20230125:1411,14.82,29.04,10.95,-0.37,3.1,0.0
20230125:1511,5.91,16.45,4.98,-0.25,3.03,0.0
20230125:1611,0.0,0.0,0.0,-0.27,2.76,0.0
20230125:1711,0.0,0.0,0.0,-0.29,3.24,0.0
20230125:1811,0.0,0.0,0.0,-0.27,3.31,0.0
20230125:1911,0.0,0.0,0.0,-0.67,3.1,0.0
20230125:2011,0.0,0.0,0.0,-0.71,3.03,0.0
20230125:2111,0.0,0.0,0.0,-0.68,2.97,0.0
20230125:2211,0.0,0.0,0.0,-0.67,3.1,0.0
20230125:2311,0.0,0.0,0.0,-0.63,3.03,0.0
20230126:0011,0.0,0.0,0.0,-0.61,2.9,0.0
20230126:0111,0.0,0.0,0.0,-0.66,2.69,0.0
20230126:0211,0.0,0.0,0.0,-0.54,2.55,0.0
20230126:0311,0.0,0.0,0.0,-0.27,2.28,0.0
20230126:0411,0.0,0.0,0.0,0.24,1.86,0.0
20230126:0511,0.0,0.0,0.0,0.93,1.31,0.0
20230126:0611,0.0,0.0,0.0,1.77,1.79,0.0
20230126:0711,0.0,0.0,0.0,3.33,3.03,0.0
20230126:0811,117.45,154.74,4.68,4.2,3.66,0.0
20230126:0911,248.77,294.78,10.78,4.83,3.52,0.0
20230126:1011,418.29,485.56,15.2,5.63,3.24,0.0
20230126:1111,383.62,446.14,17.57,6.51,3.52,0.0
20230126:1211,386.06,448.57,17.66,7.05,4.41,0.0
20230126:1311,110.1,141.93,15.47,6.96,4.21,0.0
20230126:1411,51.12,74.8,11.21,6.31,3.86,0.0
20230126:1511,48.12,75.88,5.23,5.77,3.52,0.0
20230126:1611,0.0,0.0,0.0,4.68,3.31,0.0
20230126:1711,0.0,0.0,0.0,3.82,3.1,0.0
20230126:1811,0.0,0.0,0.0,3.16,3.1,0.0
20230126:1911,0.0,0.0,0.0,2.62,3.38,0.0
20230126:2011,0.0,0.0,0.0,2.3,3.38,0.0
20230126:2111,0.0,0.0,0.0,2.25,3.38,0.0
20230126:2211,0.0,0.0,0.0,2.41,3.45,0.0
20230126:2311,0.0,0.0,0.0,2.45,3.59,0.0
20230127:0011,0.0,0.0,0.0,2.45,3.66,0.0
20230127:0111,0.0,0.0,0.0,2.5,3.72,0.0
20230127:0211,0.0,0.0,0.0,2.62,3.86,0.0
20230127:0311,0.0,0.0,0.0,2.65,3.59,0.0
20230127:0411,0.0,0.0,0.0,2.81,3.52,0.0
20230127:0511,0.0,0.0,0.0,2.87,3.72,0.0
20230127:0611,0.0,0.0,0.0,2.87,3.79,0.0
20230127:0711,0.0,0.0,0.0,2.88,3.52,0.0
20230127:0811,9.02,21.29,4.88,2.84,3.52,0.0
20230127:0911,24.29,41.62,11.0,2.9,3.38,0.0
20230127:1011,36.93,57.11,15.43,3.24,4.07,0.0
20230127:1111,28.88,47.43,17.82,3.64,3.79,0.0
20230127:1211,33.59,53.24,17.92,3.85,3.45,0.0
20230127:1311,14.49,29.04,15.73,3.96,3.59,0.0
20230127:1411,8.96,21.29,11.46,3.84,3.45,0.0
20230127:1511,1.36,8.71,5.48,3.51,2.9,0.0
20230127:1611,0.0,0.0,0.0,2.58,2.48,0.0
20230127:1711,0.0,0.0,0.0,1.7,2.28,0.0
20230127:1811,0.0,0.0,0.0,0.85,2.14,0.0
20230127:1911,0.0,0.0,0.0,0.76,1.79,0.0
20230127:2011,0.0,0.0,0.0,0.21,1.59,0.0
20230127:2111,0.0,0.0,0.0,-0.25,1.31,0.0
20230127:2211,0.0,0.0,0.0,-0.45,1.03,0.0
20230127:2311,0.0,0.0,0.0,-0.23,0.76,0.0
20230128:0011,0.0,0.0,0.0,-0.2,0.62,0.0
20230128:0111,0.0,0.0,0.0,-0.36,0.62,0.0
20230128:0211,0.0,0.0,0.0,-0.34,0.48,0.0
20230128:0311,0.0,0.0,0.0,-0.46,0.41,0.0
20230128:0411,0.0,0.0,0.0,-0.88,0.76,0.0
20230128:0511,0.0,0.0,0.0,-0.73,1.1,0.0
20230128:0611,0.0,0.0,0.0,-0.54,1.38,0.0
20230128:0711,0.0,0.0,0.0,-0.34,1.59,0.0
20230128:0811,75.82,103.7,5.09,-0.3,1.59,0.0
20230128:0911,252.3,295.18,11.22,0.48,1.52,0.0
20230128:1011,203.11,240.53,15.67,1.66,1.66,0.0
20230128:1111,261.85,305.21,18.07,2.44,2.14,0.0
20230128:1211,335.14,387.65,18.19,3.3,2.48,0.0
20230128:1311,74.79,101.06,16.0,3.75,2.76,0.0
20230128:1411,69.86,95.81,11.73,3.95,2.69,0.0
20230128:1511,7.66,19.36,5.73,3.76,2.55,0.0
20230128:1611,0.0,0.0,0.0,3.13,2.76,0.0
20230128:1711,0.0,0.0,0.0,2.72,2.97,0.0
20230128:1811,0.0,0.0,0.0,2.66,3.03,0.0
20230128:1911,0.0,0.0,0.0,2.9,2.97,0.0
20230128:2011,0.0,0.0,0.0,2.83,3.17,0.0
20230128:2111,0.0,0.0,0.0,2.86,3.45,0.0
20230128:2211,0.0,0.0,0.0,2.99,3.52,0.0
20230128:2311,0.0,0.0,0.0,3.08,3.52,0.0
20230129:0011,0.0,0.0,0.0,3.25,3.59,0.0
20230129:0111,0.0,0.0,0.0,3.34,3.59,0.0
20230129:0211,0.0,0.0,0.0,3.47,3.66,0.0
20230129:0311,0.0,0.0,0.0,3.55,3.72,0.0
20230129:0411,0.0,0.0,0.0,3.57,3.86,0.0
20230129:0511,0.0,0.0,0.0,3.5,3.93,0.0
20230129:0611,0.0,0.0,0.0,3.47,4.07,0.0
20230129:0711,0.0,0.0,0.0,3.08,4.14,0.0
20230129:0811,15.7,30.73,5.3,3.03,4.34,0.0
20230129:0911,41.93,63.05,11.45,3.38,4.48,0.0
20230129:1011,125.02,156.09,15.92,3.79,4.76,0.0
20230129:1111,60.82,85.18,18.34,4.04,5.17,0.0
20230129:1211,23.37,40.65,18.46,4.31,5.52,0.0
20230129:1311,44.87,66.79,16.27,4.52,5.59,0.0
20230129:1411,24.09,41.62,11.99,4.79,6.28,0.0
20230129:1511,6.97,18.39,5.99,4.98,6.0,0.0
20230129:1611,0.0,0.0,0.0,5.0,5.93,0.0
20230129:1711,0.0,0.0,0.0,4.92,6.0,0.0
20230129:1811,0.0,0.0,0.0,4.93,6.14,0.0
20230129:1911,0.0,0.0,0.0,4.71,6.48,0.0
20230129:2011,0.0,0.0,0.0,4.78,6.69,0.0
20230129:2111,0.0,0.0,0.0,5.13,6.9,0.0
20230129:2211,0.0,0.0,0.0,5.49,7.03,0.0
20230129:2311,0.0,0.0,0.0,5.77,7.17,0.0
20230130:0011,0.0,0.0,0.0,6.11,7.45,0.0
20230130:0111,0.0,0.0,0.0,6.38,7.86,0.0
20230130:0211,0.0,0.0,0.0,6.29,7.86,0.0
20230130:0311,0.0,0.0,0.0,6.34,7.66,0.0
20230130:0411,0.0,0.0,0.0,6.37,7.52,0.0
20230130:0511,0.0,0.0,0.0,5.63,7.24,0.0
20230130:0611,0.0,0.0,0.0,4.86,7.86,0.0
20230130:0711,0.0,0.0,0.0,5.1,7.59,0.0
20230130:0811,0.89,7.74,5.51,5.21,7.79,0.0
20230130:0911,15.81,30.97,11.68,5.64,9.1,0.0
20230130:1011,37.31,58.08,16.17,5.96,9.52,0.0
20230130:1111,497.03,564.72,18.6,6.58,9.24,0.0
20230130:1211,209.33,248.79,18.73,6.45,9.66,0.0
20230130:1311,161.01,197.5,16.54,7.17,8.48,0.0
20230130:1411,124.68,158.79,12.26,7.32,9.52,0.0
20230130:1511,117.79,162.38,6.25,7.08,8.76,0.0
20230130:1611,0.0,0.0,0.0,6.49,7.66,0.0
20230130:1711,0.0,0.0,0.0,6.19,6.97,0.0
20230130:1811,0.0,0.0,0.0,5.92,6.76,0.0
20230130:1911,0.0,0.0,0.0,5.62,6.69,0.0
20230130:2011,0.0,0.0,0.0,5.56,6.9,0.0
20230130:2111,0.0,0.0,0.0,5.5,6.83,0.0
20230130:2211,0.0,0.0,0.0,5.29,6.21,0.0
20230130:2311,0.0,0.0,0.0,5.1,5.66,0.0
20230131:0011,0.0,0.0,0.0,5.01,5.38,0.0
20230131:0111,0.0,0.0,0.0,4.86,5.24,0.0
20230131:0211,0.0,0.0,0.0,4.52,4.9,0.0
20230131:0311,0.0,0.0,0.0,4.11,4.62,0.0
20230131:0411,0.0,0.0,0.0,3.85,4.62,0.0
20230131:0511,0.0,0.0,0.0,3.97,5.03,0.0
20230131:0611,0.0,0.0,0.0,4.65,5.66,0.0
20230131:0711,0.0,0.0,0.0,5.45,6.48,0.0
20230131:0811,1.33,8.71,5.74,5.77,6.62,0.0
20230131:0911,10.86,24.2,11.92,6.12,6.83,0.0
20230131:1011,158.75,194.22,16.43,6.28,6.83,0.0
20230131:1111,19.38,35.81,18.87,6.47,6.9,0.0
20230131:1211,122.38,155.11,19.01,6.87,7.31,0.0
20230131:1311,21.52,38.72,16.82,7.31,7.59,0.0
20230131:1411,29.88,49.36,12.53,7.7,8.0,0.0
20230131:1511,21.38,39.07,6.52,7.31,8.41,0.0
20230131:1611,0.0,0.0,0.0,6.84,8.34,0.0
20230131:1711,0.0,0.0,0.0,6.3,8.07,0.0
20230131:1811,0.0,0.0,0.0,5.81,7.45,0.0
20230131:1911,0.0,0.0,0.0,5.81,7.45,0.0
20230131:2011,0.0,0.0,0.0,5.89,7.52,0.0
20230131:2111,0.0,0.0,0.0,5.79,7.24,0.0
20230131:2211,0.0,0.0,0.0,5.8,7.52,0.0
20230131:2311,0.0,0.0,0.0,5.81,7.31,0.0
20230201:0011,0.0,0.0,0.0,5.84,6.9,0.0
20230201:0111,0.0,0.0,0.0,5.62,7.38,0.0
20230201:0211,0.0,0.0,0.0,5.49,8.0,0.0
20230201:0311,0.0,0.0,0.0,5.3,8.07,0.0
20230201:0411,0.0,0.0,0.0,5.17,8.69,0.0
20230201:0511,0.0,0.0,0.0,4.85,9.1,0.0
20230201:0611,0.0,0.0,0.0,4.74,7.79,0.0
20230201:0711,0.0,0.0,0.0,5.32,7.59,0.0
20230201:0811,27.33,46.24,5.96,5.53,7.66,0.0
20230201:0911,24.72,42.59,12.17,5.96,8.34,0.0
20230201:1011,21.69,38.72,16.7,5.91,8.83,0.0
20230201:1111,12.29,26.13,19.15,5.25,8.0,0.0
20230201:1211,377.52,430.51,19.29,5.5,8.83,0.0
20230201:1311,268.67,312.22,17.11,5.28,9.38,0.0
20230201:1411,157.53,194.29,12.81,5.77,7.86,0.0
20230201:1511,5.09,15.49,6.78,6.2,7.52,0.0
20230201:1611,0.0,0.0,0.0,6.17,7.59,0.0
20230201:1711,0.0,0.0,0.0,5.82,7.72,0.0
20230201:1811,0.0,0.0,0.0,5.81,7.72,0.0
20230201:1911,0.0,0.0,0.0,5.96,7.59,0.0
20230201:2011,0.0,0.0,0.0,5.84,7.66,0.0
20230201:2111,0.0,0.0,0.0,5.82,7.52,0.0
20230201:2211,0.0,0.0,0.0,5.92,7.45,0.0
20230201:2311,0.0,0.0,0.0,5.86,7.24,0.0
20230202:0011,0.0,0.0,0.0,5.83,6.83,0.0
20230202:0111,0.0,0.0,0.0,5.95,6.34,0.0
20230202:0211,0.0,0.0,0.0,5.82,5.72,0.0
20230202:0311,0.0,0.0,0.0,5.72,5.38,0.0
20230202:0411,0.0,0.0,0.0,5.54,4.97,0.0
20230202:0511,0.0,0.0,0.0,5.46,4.62,0.0
20230202:0611,0.0,0.0,0.0,5.43,4.34,0.0
20230202:0711,0.0,0.0,0.0,5.03,3.31,0.0
20230202:0811,26.96,45.74,6.2,5.19,3.17,0.0
20230202:0911,166.42,203.82,12.42,5.62,3.03,0.0
20230202:1011,102.79,133.56,16.96,6.15,2.55,0.0
20230202:1111,125.96,159.67,19.43,6.38,2.41,0.0
20230202:1211,68.21,94.86,19.58,6.76,2.48,0.0
20230202:1311,59.89,85.18,17.39,6.75,2.62,0.0
20230202:1411,38.69,60.01,13.09,6.48,2.34,0.0
20230202:1511,28.8,48.52,7.06,6.03,2.28,0.0
20230202:1611,0.0,0.0,0.0,5.59,2.34,0.0
20230202:1711,0.0,0.0,0.0,5.45,2.41,0.0
20230202:1811,0.0,0.0,0.0,5.74,2.48,0.0
20230202:1911,0.0,0.0,0.0,6.83,4.34,0.0
20230202:2011,0.0,0.0,0.0,7.37,5.17,0.0
20230202:2111,0.0,0.0,0.0,7.51,5.93,0.0
20230202:2211,0.0,0.0,0.0,7.66,6.28,0.0
20230202:2311,0.0,0.0,0.0,7.88,6.48,0.0
20230203:0011,0.0,0.0,0.0,7.81,6.83,0.0
20230203:0111,0.0,0.0,0.0,7.93,7.17,0.0
20230203:0211,0.0,0.0,0.0,7.98,7.1,0.0
20230203:0311,0.0,0.0,0.0,7.95,7.31,0.0
20230203:0411,0.0,0.0,0.0,8.01,7.52,0.0
20230203:0511,0.0,0.0,0.0,8.1,7.86,0.0
20230203:0611,0.0,0.0,0.0,8.28,8.41,0.0
20230203:0711,0.0,0.0,0.0,8.58,8.55,0.0
20230203:0811,10.7,24.2,6.44,8.75,8.62,0.0
20230203:0911,52.07,76.33,12.68,8.75,8.55,0.0
20230203:1011,336.11,391.21,17.24,8.91,8.41,0.0
20230203:1111,498.5,573.6,19.72,9.13,8.69,0.0
20230203:1211,314.84,368.14,19.88,9.17,8.41,0.0
20230203:1311,392.85,456.33,17.69,8.99,8.14,0.0
20230203:1411,128.36,163.56,13.38,8.5,8.0,0.0
20230203:1511,83.42,118.03,7.33,8.05,8.41,0.0
20230203:1611,0.0,0.0,0.0,7.68,8.28,0.0
20230203:1711,0.0,0.0,0.0,7.4,8.28,0.0
20230203:1811,0.0,0.0,0.0,7.14,8.07,0.0
20230203:1911,0.0,0.0,0.0,7.23,7.79,0.0
20230203:2011,0.0,0.0,0.0,7.24,7.38,0.0
20230203:2111,0.0,0.0,0.0,7.15,6.69,0.0
20230203:2211,0.0,0.0,0.0,6.94,5.86,0.0
20230203:2311,0.0,0.0,0.0,6.8,4.9,0.0
20230204:0011,0.0,0.0,0.0,6.35,4.0,0.0
20230204:0111,0.0,0.0,0.0,5.68,3.17,0.0
20230204:0211,0.0,0.0,0.0,4.7,2.55,0.0
20230204:0311,0.0,0.0,0.0,4.03,2.0,0.0
20230204:0411,0.0,0.0,0.0,3.74,1.59,0.0
20230204:0511,0.0,0.0,0.0,3.29,1.52,0.0
20230204:0611,0.0,0.0,0.0,2.73,1.66,0.0
20230204:0711,0.0,0.0,0.0,2.78,1.66,0.0
20230204:0811,90.69,121.06,6.68,2.82,1.66,0.0
20230204:0911,112.02,142.23,12.94,3.17,2.14,0.0
20230204:1011,188.24,225.88,17.52,3.86,2.55,0.0
20230204:1111,200.55,240.14,20.01,4.58,2.69,0.0
20230204:1211,240.98,285.54,20.17,5.19,2.55,0.0
20230204:1311,354.4,414.73,17.98,5.55,2.41,0.0
20230204:1411,237.65,286.25,13.66,5.71,2.41,0.0
20230204:1511,154.21,204.78,7.6,5.5,2.14,0.0
20230204:1611,0.0,0.0,0.0,4.79,2.0,0.0
20230204:1711,0.0,0.0,0.0,3.93,2.21,0.0
20230204:1811,0.0,0.0,0.0,3.48,2.41,0.0
20230204:1911,0.0,0.0,0.0,3.49,2.41,0.0
20230204:2011,0.0,0.0,0.0,3.41,2.55,0.0
20230204:2111,0.0,0.0,0.0,3.31,2.69,0.0
20230204:2211,0.0,0.0,0.0,3.42,2.83,0.0
20230204:2311,0.0,0.0,0.0,3.45,2.97,0.0
20230205:0011,0.0,0.0,0.0,3.42,3.17,0.0
20230205:0111,0.0,0.0,0.0,3.27,3.1,0.0
20230205:0211,0.0,0.0,0.0,3.23,3.03,0.0
20230205:0311,0.0,0.0,0.0,3.15,2.9,0.0
20230205:0411,0.0,0.0,0.0,3.15,2.83,0.0
20230205:0511,0.0,0.0,0.0,3.42,2.55,0.0
20230205:0611,0.0,0.0,0.0,4.0,2.21,0.0
20230205:0711,0.0,0.0,0.0,4.56,2.21,0.0
20230205:0811,77.13,105.88,6.93,5.14,4.14,0.0
20230205:0911,15.78,30.97,13.21,5.81,6.14,0.0
20230205:1011,141.55,175.53,17.8,6.19,7.03,0.0
20230205:1111,330.78,382.91,20.31,6.8,6.76,0.0
20230205:1211,371.31,428.92,20.48,7.28,6.83,0.0
20230205:1311,155.26,191.9,18.28,7.46,6.34,0.0
20230205:1411,216.02,261.3,13.95,7.45,5.72,0.0
20230205:1511,158.19,209.19,7.88,6.97,5.03,0.0
20230205:1611,0.0,0.0,0.0,6.12,4.62,0.0
20230205:1711,0.0,0.0,0.0,5.27,4.48,0.0
20230205:1811,0.0,0.0,0.0,4.89,4.55,0.0
20230205:1911,0.0,0.0,0.0,4.42,3.93,0.0
20230205:2011,0.0,0.0,0.0,4.15,3.72,0.0
20230205:2111,0.0,0.0,0.0,3.79,3.31,0.0
20230205:2211,0.0,0.0,0.0,3.42,2.83,0.0
20230205:2311,0.0,0.0,0.0,3.01,2.41,0.0
20230206:0011,0.0,0.0,0.0,2.67,2.34,0.0
20230206:0111,0.0,0.0,0.0,2.29,2.28,0.0
20230206:0211,0.0,0.0,0.0,2.01,2.21,0.0
20230206:0311,0.0,0.0,0.0,2.01,2.14,0.0
20230206:0411,0.0,0.0,0.0,1.91,2.21,0.0
20230206:0511,0.0,0.0,0.0,2.15,2.28,0.0
20230206:0611,0.0,0.0,0.0,2.44,2.41,0.0
20230206:0711,0.0,0.0,0.0,2.02,2.48,0.0
20230206:0811,63.8,89.33,7.19,2.43,2.21,0.0
20230206:0911,77.04,103.73,13.49,3.88,1.59,0.0
20230206:1011,447.3,521.65,18.09,6.22,2.76,0.0
20230206:1111,471.7,550.39,20.61,6.82,3.03,0.0
20230206:1211,436.39,509.59,20.78,7.14,3.17,0.0
20230206:1311,456.3,536.1,18.59,7.19,2.76,0.0
20230206:1411,253.84,306.37,14.25,7.0,2.21,0.0
20230206:1511,154.28,204.79,8.17,6.76,1.79,0.0
20230206:1611,0.0,0.0,0.0,5.72,1.38,0.0
20230206:1711,0.0,0.0,0.0,4.26,1.45,0.0
20230206:1811,0.0,0.0,0.0,2.69,1.52,0.0
20230206:1911,0.0,0.0,0.0,2.17,1.59,0.0
20230206:2011,0.0,0.0,0.0,1.66,1.86,0.0
20230206:2111,0.0,0.0,0.0,1.43,2.14,0.0
20230206:2211,0.0,0.0,0.0,1.34,2.34,0.0
20230206:2311,0.0,0.0,0.0,1.12,2.69,0.0
20230207:0011,0.0,0.0,0.0,1.06,2.83,0.0
20230207:0111,0.0,0.0,0.0,0.4,2.69,0.0
20230207:0211,0.0,0.0,0.0,-0.04,2.34,0.0
20230207:0311,0.0,0.0,0.0,-0.5,2.0,0.0
20230207:0411,0.0,0.0,0.0,-0.92,1.93,0.0
20230207:0511,0.0,0.0,0.0,-1.36,1.86,0.0
20230207:0611,0.0,0.0,0.0,-1.54,1.93,0.0
20230207:0711,0.0,0.0,0.0,-1.6,2.14,0.0
20230207:0811,131.73,164.46,7.45,-1.4,2.21,0.0
20230207:0911,312.63,358.93,13.76,-0.06,2.41,0.0
20230207:1011,536.76,612.77,18.39,0.97,2.76,0.0
20230207:1111,588.0,677.15,20.92,1.65,2.41,0.0
20230207:1211,551.34,637.72,21.1,2.33,2.07,0.0
20230207:1311,489.81,569.3,18.89,2.78,1.72,0.0
20230207:1411,314.63,371.48,14.55,2.99,1.52,0.0
20230207:1511,173.28,224.07,8.45,2.76,1.38,0.0
20230207:1611,0.0,0.0,0.0,1.8,2.07,0.0
20230207:1711,0.0,0.0,0.0,0.47,2.21,0.0
20230207:1811,0.0,0.0,0.0,-0.33,2.14,0.0
20230207:1911,0.0,0.0,0.0,-0.73,1.93,0.0
20230207:2011,0.0,0.0,0.0,-1.6,1.72,0.0
20230207:2111,0.0,0.0,0.0,-2.25,1.66,0.0
20230207:2211,0.0,0.0,0.0,-2.5,1.59,0.0
20230207:2311,0.0,0.0,0.0,-2.7,1.59,0.0
20230208:0011,0.0,0.0,0.0,-2.76,1.59,0.0
20230208:0111,0.0,0.0,0.0,-2.87,1.59,0.0
20230208:0211,0.0,0.0,0.0,-3.07,1.66,0.0
20230208:0311,0.0,0.0,0.0,-3.2,1.72,0.0
20230208:0411,0.0,0.0,0.0,-3.35,1.79,0.0
20230208:0511,0.0,0.0,0.0,-3.54,1.86,0.0
20230208:0611,0.0,0.0,0.0,-3.58,1.93,0.0
20230208:0711,0.0,0.0,0.0,-3.54,2.21,0.0
20230208:0811,120.75,151.07,7.72,-2.88,2.07,0.0
20230208:0911,377.76,431.18,14.05,-0.82,2.07,0.0
20230208:1011,536.08,614.71,18.69,1.19,2.34,0.0
20230208:1111,581.37,671.14,21.23,2.71,2.62,0.0
20230208:1211,554.63,641.82,21.41,3.89,2.83,0.0
20230208:1311,497.5,577.98,19.2,4.56,2.76,0.0
20230208:1411,338.83,399.88,14.84,4.65,2.55,0.0
20230208:1511,178.79,230.41,8.74,3.89,2.55,0.0
20230208:1611,0.0,0.0,0.0,2.28,2.97,0.0
20230208:1711,0.0,0.0,0.0,0.83,3.03,0.0
20230208:1811,0.0,0.0,0.0,0.09,3.03,0.0
20230208:1911,0.0,0.0,0.0,0.0,3.17,0.0
20230208:2011,0.0,0.0,0.0,-0.18,3.17,0.0
20230208:2111,0.0,0.0,0.0,-0.34,3.17,0.0
20230208:2211,0.0,0.0,0.0,-0.45,3.38,0.0
20230208:2311,0.0,0.0,0.0,-0.48,3.59,0.0
20230209:0011,0.0,0.0,0.0,-0.52,3.79,0.0
20230209:0111,0.0,0.0,0.0,-0.59,4.0,0.0
20230209:0211,0.0,0.0,0.0,-0.76,4.07,0.0
20230209:0311,0.0,0.0,0.0,-0.9,4.28,0.0
20230209:0411,0.0,0.0,0.0,-0.98,4.28,0.0
20230209:0511,0.0,0.0,0.0,-1.04,4.07,0.0
20230209:0611,0.0,0.0,0.0,-1.1,4.0,0.0
20230209:0711,0.0,0.0,0.0,-0.7,4.21,0.0
20230209:0811,64.04,88.11,7.99,-0.51,4.21,0.0
20230209:0911,127.42,156.86,14.34,0.3,3.79,0.0
20230209:1011,264.29,304.63,19.0,1.38,4.07,0.0
20230209:1111,277.96,321.05,21.55,2.54,4.21,0.0
20230209:1211,263.11,306.53,21.73,3.66,4.21,0.0
20230209:1311,130.92,163.33,19.52,3.97,3.72,0.0
20230209:1411,41.61,62.92,15.15,4.19,3.66,0.0
20230209:1511,15.19,30.01,9.02,4.17,3.72,0.0
20230209:1611,0.0,0.0,0.0,4.03,3.52,0.0
20230209:1711,0.0,0.0,0.0,3.55,3.24,0.0
20230209:1811,0.0,0.0,0.0,3.2,3.24,0.0
20230209:1911,0.0,0.0,0.0,2.98,3.31,0.0
20230209:2011,0.0,0.0,0.0,2.42,3.38,0.0
20230209:2111,0.0,0.0,0.0,1.87,3.52,0.0
20230209:2211,0.0,0.0,0.0,1.64,3.72,0.0
20230209:2311,0.0,0.0,0.0,1.64,3.79,0.0
20230210:0011,0.0,0.0,0.0,1.6,3.66,0.0
20230210:0111,0.0,0.0,0.0,1.56,3.52,0.0
20230210:0211,0.0,0.0,0.0,1.52,3.52,0.0
20230210:0311,0.0,0.0,0.0,1.54,3.59,0.0
20230210:0411,0.0,0.0,0.0,1.55,3.52,0.0
20230210:0511,0.0,0.0,0.0,1.48,3.45,0.0
20230210:0611,0.0,0.0,0.0,1.46,3.45,0.0
20230210:0711,0.0,0.0,0.0,1.51,3.31,0.0
20230210:0811,53.41,76.56,8.27,1.81,3.45,0.0
20230210:0911,223.59,263.35,14.63,2.77,3.38,0.0
20230210:1011,205.73,244.23,19.31,4.17,4.55,0.0
20230210:1111,469.86,538.57,21.87,5.43,5.03,0.0
20230210:1211,359.91,415.7,22.05,6.23,5.59,0.0
20230210:1311,343.72,399.03,19.83,6.65,5.66,0.0
20230210:1411,248.41,296.19,15.45,6.84,5.66,0.0
20230210:1511,157.02,203.84,9.31,6.52,5.24,0.0
20230210:1611,0.0,1.88,1.87,5.92,5.24,0.0
20230210:1711,0.0,0.0,0.0,5.13,5.24,0.0
20230210:1811,0.0,0.0,0.0,4.87,5.45,0.0
20230210:1911,0.0,0.0,0.0,5.06,5.86,0.0
20230210:2011,0.0,0.0,0.0,5.0,5.86,0.0
20230210:2111,0.0,0.0,0.0,5.28,5.66,0.0
20230210:2211,0.0,0.0,0.0,5.73,5.38,0.0
20230210:2311,0.0,0.0,0.0,6.02,5.31,0.0
20230211:0011,0.0,0.0,0.0,6.2,5.31,0.0
20230211:0111,0.0,0.0,0.0,6.42,5.24,0.0
20230211:0211,0.0,0.0,0.0,6.59,5.17,0.0
20230211:0311,0.0,0.0,0.0,6.83,5.17,0.0
20230211:0411,0.0,0.0,0.0,7.04,5.17,0.0
20230211:0511,0.0,0.0,0.0,7.2,5.1,0.0
20230211:0611,0.0,0.0,0.0,7.27,5.1,0.0
20230211:0711,0.0,0.0,0.0,7.18,5.03,0.0
20230211:0811,13.52,28.07,8.55,7.41,4.9,0.0
20230211:0911,117.84,150.9,14.93,7.77,4.62,0.0
20230211:1011,120.89,154.7,19.62,8.07,4.14,0.0
20230211:1111,48.04,71.63,22.2,8.33,4.21,0.0
20230211:1211,44.74,67.76,22.38,8.62,4.28,0.0
20230211:1311,56.87,82.27,20.15,8.96,4.34,0.0
20230211:1411,43.06,65.82,15.76,8.98,4.62,0.0
20230211:1511,28.36,47.8,9.61,8.5,3.72,0.0
20230211:1611,0.0,0.97,2.15,8.11,3.52,0.0
20230211:1711,0.0,0.0,0.0,7.67,3.17,0.0
20230211:1811,0.0,0.0,0.0,7.32,2.76,0.0
20230211:1911,0.0,0.0,0.0,6.72,2.9,0.0
20230211:2011,0.0,0.0,0.0,6.31,2.97,0.0
20230211:2111,0.0,0.0,0.0,6.08,2.97,0.0
20230211:2211,0.0,0.0,0.0,6.18,2.9,0.0
20230211:2311,0.0,0.0,0.0,6.35,2.69,0.0
20230212:0011,0.0,0.0,0.0,6.49,2.41,0.0
20230212:0111,0.0,0.0,0.0,6.46,2.14,0.0
20230212:0211,0.0,0.0,0.0,6.15,2.0,0.0
20230212:0311,0.0,0.0,0.0,6.2,1.86,0.0
20230212:0411,0.0,0.0,0.0,6.07,1.93,0.0
20230212:0511,0.0,0.0,0.0,5.97,1.93,0.0
20230212:0611,0.0,0.0,0.0,5.96,2.0,0.0
20230212:0711,0.0,0.0,0.0,5.88,1.86,0.0
20230212:0811,47.33,70.59,8.84,6.13,1.86,0.0
20230212:0911,91.24,121.05,15.23,6.74,1.86,0.0
20230212:1011,80.83,109.66,19.94,7.33,1.86,0.0
20230212:1111,75.26,103.57,22.53,7.93,1.79,0.0
20230212:1211,170.8,211.96,22.71,8.53,1.86,0.0
20230212:1311,182.73,225.65,20.48,9.06,2.07,0.0
20230212:1411,34.24,55.17,16.07,9.15,2.21,0.0
20230212:1511,20.56,37.75,9.9,8.89,2.07,0.0
20230212:1611,0.0,0.97,2.43,8.37,1.79,0.0
20230212:1711,0.0,0.0,0.0,7.77,1.52,0.0
20230212:1811,0.0,0.0,0.0,7.11,1.38,0.0
20230212:1911,0.0,0.0,0.0,6.77,1.52,0.0
20230212:2011,0.0,0.0,0.0,6.31,1.38,0.0
20230212:2111,0.0,0.0,0.0,5.96,1.17,0.0
20230212:2211,0.0,0.0,0.0,5.49,0.9,0.0
20230212:2311,0.0,0.0,0.0,5.27,0.69,0.0
20230213:0011,0.0,0.0,0.0,4.94,0.69,0.0
20230213:0111,0.0,0.0,0.0,4.7,0.76,0.0
20230213:0211,0.0,0.0,0.0,4.71,0.62,0.0
20230213:0311,0.0,0.0,0.0,4.68,0.48,0.0
20230213:0411,0.0,0.0,0.0,4.76,0.34,0.0
20230213:0511,0.0,0.0,0.0,4.64,0.34,0.0
20230213:0611,0.0,0.0,0.0,4.39,0.48,0.0
20230213:0711,0.0,0.0,0.0,4.63,0.9,0.0
20230213:0811,20.94,37.75,9.13,5.3,1.1,0.0
20230213:0911,33.93,54.2,15.54,6.2,1.31,0.0
20230213:1011,40.15,61.95,20.26,6.97,1.38,0.0
20230213:1111,48.08,71.63,22.86,7.62,1.45,0.0
20230213:1211,38.32,60.01,23.05,8.2,1.31,0.0
20230213:1311,42.19,64.85,20.8,8.7,1.17,0.0
20230213:1411,50.98,75.5,16.38,8.97,1.31,0.0
20230213:1511,48.64,73.35,10.2,9.07,1.31,0.0
20230213:1611,0.0,1.94,2.71,8.84,0.97,0.0
20230213:1711,0.0,0.0,0.0,7.54,1.1,0.0
20230213:1811,0.0,0.0,0.0,6.31,1.66,0.0
20230213:1911,0.0,0.0,0.0,5.48,2.14,0.0
20230213:2011,0.0,0.0,0.0,4.97,2.07,0.0
20230213:2111,0.0,0.0,0.0,4.48,2.07,0.0
20230213:2211,0.0,0.0,0.0,3.98,2.07,0.0
20230213:2311,0.0,0.0,0.0,3.48,2.14,0.0
20230214:0011,0.0,0.0,0.0,3.07,2.28,0.0
20230214:0111,0.0,0.0,0.0,2.84,2.48,0.0
20230214:0211,0.0,0.0,0.0,2.74,2.62,0.0
20230214:0311,0.0,0.0,0.0,2.71,2.62,0.0
20230214:0411,0.0,0.0,0.0,2.45,2.62,0.0
20230214:0511,0.0,0.0,0.0,2.2,2.55,0.0
20230214:0611,0.0,0.0,0.0,1.89,2.48,0.0
20230214:0711,0.0,1.94,1.77,1.64,2.55,0.0
20230214:0811,187.42,228.22,9.42,2.02,2.21,0.0
20230214:0911,339.58,395.37,15.85,3.69,2.14,0.0
20230214:1011,523.85,613.9,20.59,5.63,2.14,0.0
20230214:1111,590.15,702.08,23.2,7.34,2.0,0.0
20230214:1211,553.94,661.55,23.38,8.74,2.0,0.0
20230214:1311,497.45,595.71,21.13,9.71,2.0,0.0
20230214:1411,362.69,438.26,16.7,10.21,2.14,0.0
20230214:1511,209.49,271.7,10.5,10.15,2.07,0.0
20230214:1611,0.85,7.74,3.0,9.12,2.07,0.0
20230214:1711,0.0,0.0,0.0,7.44,2.28,0.0
20230214:1811,0.0,0.0,0.0,6.09,2.28,0.0
20230214:1911,0.0,0.0,0.0,5.32,2.28,0.0
20230214:2011,0.0,0.0,0.0,4.44,2.14,0.0
20230214:2111,0.0,0.0,0.0,3.47,2.0,0.0
20230214:2211,0.0,0.0,0.0,2.45,1.93,0.0
20230214:2311,0.0,0.0,0.0,1.68,1.93,0.0
20230215:0011,0.0,0.0,0.0,1.0,1.93,0.0
20230215:0111,0.0,0.0,0.0,0.46,1.93,0.0
20230215:0211,0.0,0.0,0.0,0.11,2.07,0.0
20230215:0311,0.0,0.0,0.0,-0.13,2.14,0.0
20230215:0411,0.0,0.0,0.0,-0.34,2.14,0.0
20230215:0511,0.0,0.0,0.0,-0.46,2.21,0.0
20230215:0611,0.0,0.0,0.0,-0.46,2.21,0.0
20230215:0711,0.0,0.97,2.05,-0.05,2.07,0.0
20230215:0811,158.72,194.29,9.73,0.42,2.21,0.0
20230215:0911,409.76,471.22,16.17,1.49,2.14,0.0
20230215:1011,447.89,516.4,20.92,3.11,2.28,0.0
20230215:1111,494.97,576.16,23.54,4.97,2.34,0.0
20230215:1211,490.44,574.83,23.73,6.86,2.62,0.0
20230215:1311,395.26,466.03,21.47,8.19,2.76,0.0
20230215:1411,143.92,182.0,17.01,8.87,2.69,0.0
20230215:1511,96.7,131.2,10.8,8.77,2.55,0.0
20230215:1611,0.07,5.81,3.28,7.93,2.76,0.0
20230215:1711,0.0,0.0,0.0,6.73,3.1,0.0
20230215:1811,0.0,0.0,0.0,6.07,3.17,0.0
20230215:1911,0.0,0.0,0.0,6.01,3.38,0.0
20230215:2011,0.0,0.0,0.0,5.71,3.38,0.0
20230215:2111,0.0,0.0,0.0,5.57,3.45,0.0
20230215:2211,0.0,0.0,0.0,5.3,3.52,0.0
20230215:2311,0.0,0.0,0.0,5.02,3.52,0.0
20230216:0011,0.0,0.0,0.0,4.67,3.52,0.0
20230216:0111,0.0,0.0,0.0,4.32,3.52,0.0
20230216:0211,0.0,0.0,0.0,4.06,3.45,0.0
20230216:0311,0.0,0.0,0.0,3.84,3.45,0.0
20230216:0411,0.0,0.0,0.0,3.67,3.45,0.0
20230216:0511,0.0,0.0,0.0,3.72,3.52,0.0
20230216:0611,0.0,0.0,0.0,4.07,3.66,0.0
20230216:0711,0.0,0.97,2.34,5.12,3.79,0.0
20230216:0811,8.21,20.33,10.03,5.79,4.0,0.0
20230216:0911,24.61,42.59,16.49,6.58,4.07,0.0
20230216:1011,139.11,174.52,21.26,7.15,3.93,0.0
20230216:1111,108.07,140.56,23.88,7.8,3.93,0.0
20230216:1211,141.15,177.87,24.07,8.5,4.48,0.0
20230216:1311,43.06,65.82,21.8,9.0,4.76,0.0
20230216:1411,175.39,217.27,17.33,9.35,4.14,0.0
20230216:1511,19.11,35.81,11.1,8.92,3.24,0.0
20230216:1611,2.27,10.65,3.57,8.33,3.24,0.0
20230216:1711,0.0,0.0,0.0,7.82,3.52,0.0
20230216:1811,0.0,0.0,0.0,7.69,3.86,0.0
20230216:1911,0.0,0.0,0.0,8.28,4.21,0.0
20230216:2011,0.0,0.0,0.0,8.47,4.62,0.0
20230216:2111,0.0,0.0,0.0,8.58,4.97,0.0
20230216:2211,0.0,0.0,0.0,8.59,5.03,0.0
20230216:2311,0.0,0.0,0.0,8.55,5.03,0.0
20230217:0011,0.0,0.0,0.0,8.57,4.9,0.0
20230217:0111,0.0,0.0,0.0,8.66,4.83,0.0
20230217:0211,0.0,0.0,0.0,8.8,4.97,0.0
20230217:0311,0.0,0.0,0.0,8.91,5.31,0.0
20230217:0411,0.0,0.0,0.0,8.96,5.72,0.0
20230217:0511,0.0,0.0,0.0,8.84,6.0,0.0
20230217:0611,0.0,0.0,0.0,8.76,6.48,0.0
20230217:0711,0.0,2.9,2.64,9.02,7.03,0.0
20230217:0811,12.01,26.13,10.34,9.37,7.52,0.0
20230217:0911,14.05,29.04,16.82,9.83,8.0,0.0
20230217:1011,24.17,42.59,21.6,10.33,8.48,0.0
20230217:1111,17.5,33.88,24.23,10.83,8.76,0.0
20230217:1211,36.47,58.08,24.42,10.54,9.66,0.0
20230217:1311,91.66,122.93,22.14,10.6,9.31,0.0
20230217:1411,21.87,39.69,17.65,10.88,9.17,0.0
20230217:1511,139.37,182.17,11.4,10.78,9.79,0.0
20230217:1611,7.32,20.0,3.85,9.73,8.83,0.0
20230217:1711,0.0,0.0,0.0,8.66,8.14,0.0
20230217:1811,0.0,0.0,0.0,7.87,7.59,0.0
20230217:1911,0.0,0.0,0.0,7.55,6.9,0.0
20230217:2011,0.0,0.0,0.0,7.23,6.48,0.0
20230217:2111,0.0,0.0,0.0,7.0,5.93,0.0
20230217:2211,0.0,0.0,0.0,6.86,5.52,0.0
20230217:2311,0.0,0.0,0.0,6.64,4.97,0.0
20230218:0011,0.0,0.0,0.0,6.55,4.48,0.0
20230218:0111,0.0,0.0,0.0,6.39,4.14,0.0
20230218:0211,0.0,0.0,0.0,6.28,3.86,0.0
20230218:0311,0.0,0.0,0.0,6.23,3.45,0.0
20230218:0411,0.0,0.0,0.0,6.18,2.69,0.0
20230218:0511,0.0,0.0,0.0,6.23,2.28,0.0
20230218:0611,0.0,0.0,0.0,6.19,1.79,0.0
20230218:0711,0.0,3.87,2.94,7.14,3.72,0.0
20230218:0811,6.83,18.39,10.65,8.36,6.34,0.0
20230218:0911,39.11,60.98,17.15,9.05,7.72,0.0
20230218:1011,37.52,59.04,21.94,9.08,8.28,0.0
20230218:1111,55.19,80.34,24.58,9.6,8.69,0.0
20230218:1211,158.01,197.24,24.77,10.38,8.83,0.0
20230218:1311,289.22,341.9,22.48,10.52,9.59,0.0
20230218:1411,200.94,245.17,17.97,10.22,8.62,0.0
20230218:1511,82.97,114.02,11.7,9.26,6.83,0.0
20230218:1611,3.88,13.55,4.14,8.17,4.9,0.0
20230218:1711,0.0,0.0,0.0,7.36,3.52,0.0
20230218:1811,0.0,0.0,0.0,6.63,2.41,0.0
20230218:1911,0.0,0.0,0.0,7.42,2.97,0.0
20230218:2011,0.0,0.0,0.0,7.21,2.0,0.0
20230218:2111,0.0,0.0,0.0,7.02,1.38,0.0
20230218:2211,0.0,0.0,0.0,6.82,1.1,0.0
20230218:2311,0.0,0.0,0.0,6.54,0.76,0.0
20230219:0011,0.0,0.0,0.0,6.4,0.55,0.0
20230219:0111,0.0,0.0,0.0,6.31,1.03,0.0
20230219:0211,0.0,0.0,0.0,6.15,1.66,0.0
20230219:0311,0.0,0.0,0.0,5.84,2.07,0.0
20230219:0411,0.0,0.0,0.0,5.51,2.21,0.0
20230219:0511,0.0,0.0,0.0,5.16,2.0,0.0
20230219:0611,0.0,0.0,0.0,4.82,1.93,0.0
20230219:0711,1.83,9.68,3.24,4.11,1.59,0.0
20230219:0811,259.45,313.37,10.97,4.43,1.24,0.0
20230219:0911,450.62,533.13,17.48,5.68,1.17,0.0
20230219:1011,498.16,584.71,22.29,6.86,2.41,0.0
20230219:1111,374.76,440.09,24.94,7.38,2.69,0.0
20230219:1211,349.17,410.75,25.12,7.84,3.17,0.0
20230219:1311,216.58,261.38,22.82,7.94,3.66,0.0
20230219:1411,355.02,419.85,18.3,7.86,3.66,0.0
20230219:1511,189.93,240.63,12.01,7.53,3.31,0.0
20230219:1611,5.66,16.45,4.43,6.95,2.76,0.0
20230219:1711,0.0,0.0,0.0,5.95,2.83,0.0
20230219:1811,0.0,0.0,0.0,5.15,2.9,0.0
20230219:1911,0.0,0.0,0.0,5.13,3.17,0.0
20230219:2011,0.0,0.0,0.0,4.44,3.72,0.0
20230219:2111,0.0,0.0,0.0,4.16,4.21,0.0
20230219:2211,0.0,0.0,0.0,4.28,4.83,0.0
20230219:2311,0.0,0.0,0.0,4.43,5.31,0.0
20230220:0011,0.0,0.0,0.0,4.81,5.79,0.0
20230220:0111,0.0,0.0,0.0,5.26,6.14,0.0
20230220:0211,0.0,0.0,0.0,6.22,6.48,0.0
20230220:0311,0.0,0.0,0.0,6.91,6.69,0.0
20230220:0411,0.0,0.0,0.0,6.63,6.83,0.0
20230220:0511,0.0,0.0,0.0,6.58,6.97,0.0
20230220:0611,0.0,0.0,0.0,6.87,7.03,0.0
20230220:0711,0.08,5.81,3.55,7.35,7.24,0.0
20230220:0811,16.31,31.94,11.29,8.15,7.52,0.0
20230220:0911,33.62,54.2,17.82,8.79,7.79,0.0
20230220:1011,52.79,77.43,22.64,9.28,7.31,0.0
20230220:1111,97.07,128.73,25.29,9.59,7.79,0.0
20230220:1211,46.15,69.69,25.48,9.9,7.86,0.0
20230220:1311,42.1,64.85,23.16,10.06,7.93,0.0
20230220:1411,45.31,68.72,18.62,10.0,7.52,0.0
20230220:1511,7.4,19.36,12.31,9.86,7.72,0.0
20230220:1611,0.0,3.87,4.72,9.78,7.45,0.0
20230220:1711,0.0,0.0,0.0,9.73,7.17,0.0
20230220:1811,0.0,0.0,0.0,9.69,7.03,0.0
20230220:1911,0.0,0.0,0.0,9.67,6.76,0.0
20230220:2011,0.0,0.0,0.0,9.78,6.69,0.0
20230220:2111,0.0,0.0,0.0,9.93,6.55,0.0
20230220:2211,0.0,0.0,0.0,9.94,6.48,0.0
20230220:2311,0.0,0.0,0.0,9.83,6.34,0.0
20230221:0011,0.0,0.0,0.0,9.75,6.28,0.0
20230221:0111,0.0,0.0,0.0,9.67,6.14,0.0
20230221:0211,0.0,0.0,0.0,9.58,5.86,0.0
20230221:0311,0.0,0.0,0.0,9.44,5.52,0.0
20230221:0411,0.0,0.0,0.0,9.3,5.24,0.0
20230221:0511,0.0,0.0,0.0,9.13,4.9,0.0
20230221:0611,0.0,0.0,0.0,8.93,4.55,0.0
20230221:0711,0.44,6.78,3.86,8.71,4.55,0.0
20230221:0811,72.59,100.71,11.62,8.77,4.34,0.0
20230221:0911,84.36,114.13,18.16,9.16,4.55,0.0
20230221:1011,66.6,93.89,22.99,9.62,4.76,0.0
20230221:1111,62.3,89.05,25.66,10.11,4.34,0.0
20230221:1211,35.59,57.11,25.83,10.64,4.21,0.0
20230221:1311,94.26,126.73,23.51,11.28,4.14,0.0
20230221:1411,68.41,96.72,18.95,11.25,3.45,0.0
20230221:1511,63.39,91.24,12.62,11.09,3.38,0.0
20230221:1611,10.98,25.36,5.01,10.61,2.69,0.0
20230221:1711,0.0,0.0,0.0,9.94,2.34,0.0
20230221:1811,0.0,0.0,0.0,9.59,2.0,0.0
20230221:1911,0.0,0.0,0.0,9.05,2.34,0.0
20230221:2011,0.0,0.0,0.0,8.66,1.79,0.0
20230221:2111,0.0,0.0,0.0,8.11,1.38,0.0
20230221:2211,0.0,0.0,0.0,7.58,1.31,0.0
20230221:2311,0.0,0.0,0.0,7.04,1.52,0.0
20230222:0011,0.0,0.0,0.0,6.85,1.66,0.0
20230222:0111,0.0,0.0,0.0,6.7,1.79,0.0
20230222:0211,0.0,0.0,0.0,6.68,1.86,0.0
20230222:0311,0.0,0.0,0.0,6.85,1.86,0.0
20230222:0411,0.0,0.0,0.0,6.78,1.86,0.0
20230222:0511,0.0,0.0,0.0,6.83,1.93,0.0
20230222:0611,0.0,0.0,0.0,6.77,2.14,0.0
20230222:0711,0.08,5.81,4.18,6.49,2.0,0.0
20230222:0811,11.48,25.17,11.95,6.84,2.76,0.0
20230222:0911,172.64,212.2,18.5,7.39,2.76,0.0
20230222:1011,176.47,217.33,23.35,8.21,3.03,0.0
20230222:1111,115.48,150.03,26.02,9.3,3.24,0.0
20230222:1211,220.07,268.75,26.19,10.28,2.97,0.0
20230222:1311,92.56,124.77,23.85,10.82,2.62,0.0
20230222:1411,181.1,226.16,19.28,10.93,2.21,0.0
20230222:1511,79.57,110.65,12.93,10.73,2.07,0.0
20230222:1611,4.96,15.49,5.3,9.97,1.86,0.0
20230222:1711,0.0,0.0,0.0,9.31,2.0,0.0
20230222:1811,0.0,0.0,0.0,8.63,2.21,0.0
20230222:1911,0.0,0.0,0.0,8.77,2.0,0.0
20230222:2011,0.0,0.0,0.0,8.4,2.0,0.0
20230222:2111,0.0,0.0,0.0,8.13,2.0,0.0
20230222:2211,0.0,0.0,0.0,7.74,1.86,0.0
20230222:2311,0.0,0.0,0.0,7.32,1.72,0.0
20230223:0011,0.0,0.0,0.0,7.14,1.59,0.0
20230223:0111,0.0,0.0,0.0,7.03,1.72,0.0
20230223:0211,0.0,0.0,0.0,7.06,2.0,0.0
20230223:0311,0.0,0.0,0.0,6.96,2.28,0.0
20230223:0411,0.0,0.0,0.0,6.8,2.21,0.0
20230223:0511,0.0,0.0,0.0,6.63,2.14,0.0
20230223:0611,0.0,0.0,0.0,6.47,2.07,0.0
20230223:0711,3.91,13.55,4.5,6.66,2.07,0.0
20230223:0811,8.81,21.29,12.28,6.85,3.31,0.0
20230223:0911,83.0,111.77,18.85,7.14,3.66,0.0
20230223:1011,83.99,113.25,23.71,7.51,3.1,0.0
20230223:1111,59.52,85.18,26.39,8.03,2.76,0.0
20230223:1211,56.98,82.27,26.56,8.3,2.83,0.0
20230223:1311,80.3,109.38,24.2,8.27,2.97,0.0
20230223:1411,40.01,61.95,19.61,8.07,3.38,0.0
20230223:1511,104.26,137.64,13.24,7.48,4.34,0.0
20230223:1611,6.9,18.39,5.59,6.62,4.48,0.0
20230223:1711,0.0,0.0,0.0,5.78,3.93,0.0
20230223:1811,0.0,0.0,0.0,5.19,3.31,0.0
20230223:1911,0.0,0.0,0.0,4.43,2.62,0.0
20230223:2011,0.0,0.0,0.0,3.72,2.62,0.0
20230223:2111,0.0,0.0,0.0,3.5,2.41,0.0
20230223:2211,0.0,0.0,0.0,3.17,2.69,0.0
20230223:2311,0.0,0.0,0.0,3.05,2.9,0.0
20230224:0011,0.0,0.0,0.0,3.17,3.17,0.0
20230224:0111,0.0,0.0,0.0,2.93,3.59,0.0
20230224:0211,0.0,0.0,0.0,3.03,4.0,0.0
20230224:0311,0.0,0.0,0.0,3.31,4.41,0.0
20230224:0411,0.0,0.0,0.0,3.61,4.76,0.0
20230224:0511,0.0,0.0,0.0,3.9,5.24,0.0
20230224:0611,0.0,0.0,0.0,4.09,5.86,0.0
20230224:0711,2.88,11.62,4.82,3.7,6.48,0.0
20230224:0811,40.9,61.95,12.61,3.96,6.41,0.0
20230224:0911,43.21,64.85,19.2,4.63,6.14,0.0
20230224:1011,30.96,50.33,24.07,5.62,5.38,0.0
20230224:1111,88.74,118.09,26.76,6.66,4.55,0.0
20230224:1211,538.21,623.2,26.92,7.47,5.24,0.0
20230224:1311,483.73,558.75,24.55,7.64,6.07,0.0
20230224:1411,33.12,53.24,19.94,6.95,6.41,0.0
20230224:1511,30.85,50.33,13.54,6.37,6.07,0.0
20230224:1611,63.06,106.29,5.88,6.03,6.28,0.0
20230224:1711,0.0,0.0,0.0,5.5,6.21,0.0
20230224:1811,0.0,0.0,0.0,4.9,6.41,0.0
20230224:1911,0.0,0.0,0.0,4.6,6.69,0.0
20230224:2011,0.0,0.0,0.0,4.63,6.28,0.0
20230224:2111,0.0,0.0,0.0,4.68,5.59,0.0
20230224:2211,0.0,0.0,0.0,4.7,5.03,0.0
20230224:2311,0.0,0.0,0.0,4.48,4.62,0.0
20230225:0011,0.0,0.0,0.0,4.26,4.28,0.0
20230225:0111,0.0,0.0,0.0,3.98,4.14,0.0
20230225:0211,0.0,0.0,0.0,3.77,4.14,0.0
20230225:0311,0.0,0.0,0.0,3.79,4.34,0.0
20230225:0411,0.0,0.0,0.0,3.52,4.41,0.0
20230225:0511,0.0,0.0,0.0,3.24,4.48,0.0
20230225:0611,0.0,0.0,0.0,3.23,4.69,0.0
20230225:0711,97.81,138.24,5.15,3.13,4.76,0.0
20230225:0811,180.34,217.7,12.95,3.27,5.38,0.0
20230225:0911,100.59,129.54,19.55,3.78,6.41,0.0
20230225:1011,633.31,717.85,24.44,4.02,6.76,0.0
20230225:1111,667.78,758.84,27.13,4.33,6.83,0.0
20230225:1211,631.27,717.7,27.29,4.74,6.9,0.0
20230225:1311,602.17,685.61,24.91,4.87,6.69,0.0
20230225:1411,433.86,497.98,20.27,4.88,6.55,0.0
20230225:1511,188.22,231.64,13.85,4.58,6.0,0.0
20230225:1611,27.97,49.12,6.17,4.15,5.1,0.0
20230225:1711,0.0,0.0,0.0,3.44,4.55,0.0
20230225:1811,0.0,0.0,0.0,2.99,4.41,0.0
20230225:1911,0.0,0.0,0.0,2.41,4.69,0.0
20230225:2011,0.0,0.0,0.0,2.22,4.62,0.0
20230225:2111,0.0,0.0,0.0,1.98,4.41,0.0
20230225:2211,0.0,0.0,0.0,1.63,4.14,0.0
20230225:2311,0.0,0.0,0.0,1.19,3.86,0.0
20230226:0011,0.0,0.0,0.0,0.77,3.72,0.0
20230226:0111,0.0,0.0,0.0,0.39,3.52,0.0
20230226:0211,0.0,0.0,0.0,0.08,3.38,0.0
20230226:0311,0.0,0.0,0.0,-0.05,3.38,0.0
20230226:0411,0.0,0.0,0.0,-0.05,3.45,0.0
20230226:0511,0.0,0.0,0.0,-0.06,3.38,0.0
20230226:0611,0.0,0.0,0.0,0.07,3.24,0.0
20230226:0711,98.41,136.59,5.48,0.06,3.17,0.0
20230226:0811,319.01,371.06,13.3,1.06,3.03,0.0
20230226:0911,503.24,576.85,19.91,2.6,3.24,0.0
20230226:1011,593.61,677.39,24.81,3.75,4.97,0.0
20230226:1111,675.42,772.81,27.5,4.4,5.72,0.0
20230226:1211,540.43,617.35,27.66,4.55,5.38,0.0
20230226:1311,583.64,667.67,25.26,4.62,5.38,0.0
20230226:1411,417.2,480.4,20.6,4.46,5.17,0.0
20230226:1511,197.22,241.86,14.16,4.34,4.76,0.0
20230226:1611,41.42,68.67,6.46,3.79,3.66,0.0
20230226:1711,0.0,0.0,0.0,2.76,3.03,0.0
20230226:1811,0.0,0.0,0.0,1.99,2.76,0.0
20230226:1911,0.0,0.0,0.0,1.98,2.55,0.0
20230226:2011,0.0,0.0,0.0,1.74,2.28,0.0
20230226:2111,0.0,0.0,0.0,1.27,2.07,0.0
20230226:2211,0.0,0.0,0.0,0.56,1.93,0.0
20230226:2311,0.0,0.0,0.0,-0.33,1.79,0.0
20230227:0011,0.0,0.0,0.0,-0.87,1.66,0.0
20230227:0111,0.0,0.0,0.0,-1.26,1.66,0.0
20230227:0211,0.0,0.0,0.0,-1.51,1.66,0.0
20230227:0311,0.0,0.0,0.0,-1.64,1.59,0.0
20230227:0411,0.0,0.0,0.0,-2.11,1.72,0.0
20230227:0511,0.0,0.0,0.0,-2.7,2.07,0.0
20230227:0611,0.0,0.0,0.0,-2.69,2.14,0.0
20230227:0711,58.62,85.3,5.81,-1.79,2.21,0.0
20230227:0811,156.97,191.06,13.64,0.73,1.72,0.0
20230227:0911,391.27,452.79,20.27,2.74,1.79,0.0
20230227:1011,614.03,718.97,25.18,4.15,2.21,0.0
20230227:1111,278.79,328.26,27.88,5.4,3.03,0.0
20230227:1211,71.1,97.76,28.03,6.12,4.41,0.0
20230227:1311,295.15,345.91,25.61,6.29,4.62,0.0
20230227:1411,190.99,231.22,20.93,6.12,4.48,0.0
20230227:1511,137.63,174.63,14.47,5.72,3.59,0.0
20230227:1611,42.27,69.73,6.76,5.15,2.97,0.0
20230227:1711,0.0,0.0,0.0,4.26,2.48,0.0
20230227:1811,0.0,0.0,0.0,3.5,2.14,0.0
20230227:1911,0.0,0.0,0.0,2.13,2.14,0.0
20230227:2011,0.0,0.0,0.0,1.61,1.79,0.0
20230227:2111,0.0,0.0,0.0,1.41,1.17,0.0
20230227:2211,0.0,0.0,0.0,2.45,0.28,0.0
20230227:2311,0.0,0.0,0.0,1.99,0.69,0.0
20230228:0011,0.0,0.0,0.0,1.85,1.1,0.0
20230228:0111,0.0,0.0,0.0,1.93,1.24,0.0
20230228:0211,0.0,0.0,0.0,1.87,1.45,0.0
20230228:0311,0.0,0.0,0.0,1.83,1.52,0.0
20230228:0411,0.0,0.0,0.0,1.79,1.52,0.0
20230228:0511,0.0,0.0,0.0,1.78,1.59,0.0
20230228:0611,0.0,0.0,0.0,1.57,1.66,0.0
20230228:0711,5.84,16.45,6.15,1.74,1.59,0.0
20230228:0811,342.36,402.21,13.99,2.17,1.59,0.0
20230228:0911,498.88,581.38,20.63,3.39,1.66,0.0
20230228:1011,557.85,653.28,25.56,4.35,1.86,0.0
20230228:1111,553.64,653.89,28.26,5.17,1.52,0.0
20230228:1211,338.32,400.61,28.41,5.79,1.03,0.0
20230228:1311,515.9,617.53,25.97,6.21,0.69,0.0
20230228:1411,438.6,524.77,21.27,6.38,0.76,0.0
20230228:1511,286.73,354.95,14.79,6.35,1.03,0.0
20230228:1611,65.91,105.81,7.05,6.01,1.03,0.0
20230228:1711,0.0,0.0,0.0,4.79,1.17,0.0
20230228:1811,0.0,0.0,0.0,2.81,1.24,0.0
20230228:1911,0.0,0.0,0.0,2.16,1.17,0.0
20230228:2011,0.0,0.0,0.0,0.81,1.38,0.0
20230228:2111,0.0,0.0,0.0,0.59,1.24,0.0
20230228:2211,0.0,0.0,0.0,1.24,0.97,0.0
20230228:2311,0.0,0.0,0.0,0.7,0.62,0.0
20230301:0011,0.0,0.0,0.0,0.46,0.28,0.0
20230301:0111,0.0,0.0,0.0,0.01,0.48,0.0
20230301:0211,0.0,0.0,0.0,-0.64,0.34,0.0
20230301:0311,0.0,0.0,0.0,-1.06,0.34,0.0
20230301:0411,0.0,0.0,0.0,-1.12,0.34,0.0
20230301:0511,0.0,0.0,0.0,-1.29,0.07,0.0
20230301:0611,0.0,0.0,0.0,-1.13,0.07,0.0
20230301:0711,80.46,112.12,6.49,-0.29,0.21,0.0
20230301:0811,265.13,312.65,14.34,0.19,0.41,0.0
20230301:0911,460.51,541.55,21.0,2.9,0.48,0.0
20230301:1011,610.55,725.11,25.94,4.39,1.24,0.0
20230301:1111,668.99,796.81,28.64,5.32,1.86,0.0
20230301:1211,616.36,729.96,28.78,5.9,2.07,0.0
20230301:1311,586.3,692.33,26.33,6.41,2.34,0.0
20230301:1411,466.53,549.59,21.6,6.48,2.55,0.0
20230301:1511,287.23,351.2,15.1,6.15,2.76,0.0
20230301:1611,77.7,121.7,7.34,4.86,2.97,0.0
20230301:1711,0.0,0.0,0.0,2.99,3.24,0.0
20230301:1811,0.0,0.0,0.0,1.76,3.24,0.0
20230301:1911,0.0,0.0,0.0,0.95,3.1,0.0
20230301:2011,0.0,0.0,0.0,0.55,2.83,0.0
20230301:2111,0.0,0.0,0.0,0.24,2.55,0.0
20230301:2211,0.0,0.0,0.0,-0.01,2.28,0.0
20230301:2311,0.0,0.0,0.0,-0.08,2.34,0.0
20230302:0011,0.0,0.0,0.0,-0.11,2.62,0.0
20230302:0111,0.0,0.0,0.0,-0.13,2.55,0.0
20230302:0211,0.0,0.0,0.0,-0.18,2.28,0.0
20230302:0311,0.0,0.0,0.0,-0.35,2.21,0.0
20230302:0411,0.0,0.0,0.0,-0.63,2.28,0.0
20230302:0511,0.0,0.0,0.0,-0.78,2.62,0.0
20230302:0611,0.0,0.0,0.0,-0.78,2.69,0.0
20230302:0711,47.31,70.66,6.83,-0.35,2.76,0.0
20230302:0811,106.65,134.83,14.7,-0.09,2.41,0.0
20230302:0911,141.11,172.7,21.37,0.58,2.07,0.0
20230302:1011,191.31,228.57,26.32,1.61,1.86,0.0
20230302:1111,287.05,335.48,29.03,2.64,1.79,0.0
20230302:1211,231.58,274.8,29.16,3.38,2.07,0.0
20230302:1311,567.8,662.05,26.69,4.14,2.34,0.0
20230302:1411,477.05,556.38,21.93,4.58,2.69,0.0
20230302:1511,296.04,357.91,15.41,4.4,3.03,0.0
20230302:1611,86.81,134.31,7.63,3.82,3.03,0.0
20230302:1711,0.0,0.0,0.0,3.04,2.55,0.0
20230302:1811,0.0,0.0,0.0,2.26,2.48,0.0
20230302:1911,0.0,0.0,0.0,1.81,2.48,0.0
20230302:2011,0.0,0.0,0.0,1.59,2.34,0.0
20230302:2111,0.0,0.0,0.0,1.34,2.07,0.0
20230302:2211,0.0,0.0,0.0,1.33,1.66,0.0
20230302:2311,0.0,0.0,0.0,0.79,1.31,0.0
20230303:0011,0.0,0.0,0.0,0.02,1.38,0.0
20230303:0111,0.0,0.0,0.0,-0.45,1.45,0.0
20230303:0211,0.0,0.0,0.0,-0.99,1.66,0.0
20230303:0311,0.0,0.0,0.0,-1.44,1.86,0.0
20230303:0411,0.0,0.0,0.0,-1.59,2.0,0.0
20230303:0511,0.0,0.0,0.0,-1.56,2.0,0.0
20230303:0611,0.0,0.0,0.0,-1.53,2.07,0.0
20230303:0711,109.21,145.26,7.17,-0.8,1.52,0.0
20230303:0811,54.61,77.67,15.05,2.04,1.03,0.0
20230303:0911,168.42,205.68,21.74,3.93,1.24,0.0
20230303:1011,238.3,283.93,26.7,5.36,2.34,0.0
20230303:1111,184.77,225.41,29.41,6.05,2.76,0.0
20230303:1211,98.89,129.7,29.53,6.52,3.17,0.0
20230303:1311,143.71,180.05,27.05,6.89,3.66,0.0
20230303:1411,105.9,137.74,22.27,7.11,3.93,0.0
20230303:1511,62.09,87.83,15.72,7.19,4.14,0.0
20230303:1611,35.94,58.74,7.93,6.75,3.52,0.0
20230303:1711,0.0,0.0,0.0,5.71,3.24,0.0
20230303:1811,0.0,0.0,0.0,4.75,3.1,0.0
20230303:1911,0.0,0.0,0.0,4.33,3.1,0.0
20230303:2011,0.0,0.0,0.0,4.02,3.17,0.0
20230303:2111,0.0,0.0,0.0,3.93,3.24,0.0
20230303:2211,0.0,0.0,0.0,4.17,3.66,0.0
20230303:2311,0.0,0.0,0.0,4.36,3.86,0.0
20230304:0011,0.0,0.0,0.0,4.51,3.93,0.0
20230304:0111,0.0,0.0,0.0,4.78,4.0,0.0
20230304:0211,0.0,0.0,0.0,4.99,4.21,0.0
20230304:0311,0.0,0.0,0.0,5.25,4.41,0.0
20230304:0411,0.0,0.0,0.0,5.33,4.76,0.0
20230304:0511,0.0,0.0,0.0,5.64,5.03,0.0
20230304:0611,0.0,0.0,0.0,5.84,5.1,0.0
20230304:0711,56.54,83.33,7.52,5.78,5.03,0.0
20230304:0811,90.24,119.33,15.41,6.03,5.03,0.0
20230304:0911,131.38,165.1,22.11,6.14,5.31,0.0
20230304:1011,130.52,164.33,27.08,6.07,5.59,0.0
20230304:1111,369.56,426.98,29.8,5.78,5.45,0.0
20230304:1211,134.14,168.23,29.91,5.84,6.07,0.0
20230304:1311,181.51,219.88,27.41,5.45,5.59,0.0
20230304:1411,158.66,194.71,22.6,5.44,5.72,0.0
20230304:1511,82.76,110.77,16.03,5.25,6.0,0.0
20230304:1611,50.68,78.59,8.22,4.93,5.45,0.0
20230304:1711,0.0,0.0,0.0,4.5,4.97,0.0
20230304:1811,0.0,0.0,0.0,4.07,4.48,0.0
20230304:1911,0.0,0.0,0.0,3.62,3.72,0.0
20230304:2011,0.0,0.0,0.0,3.28,3.52,0.0
20230304:2111,0.0,0.0,0.0,3.33,3.45,0.0
20230304:2211,0.0,0.0,0.0,3.3,3.45,0.0
20230304:2311,0.0,0.0,0.0,3.28,3.45,0.0
20230305:0011,0.0,0.0,0.0,3.18,3.38,0.0
20230305:0111,0.0,0.0,0.0,3.16,3.52,0.0
20230305:0211,0.0,0.0,0.0,2.97,3.59,0.0
20230305:0311,0.0,0.0,0.0,2.71,3.66,0.0
20230305:0411,0.0,0.0,0.0,2.93,3.79,0.0
20230305:0511,0.0,0.0,0.0,2.75,3.79,0.0
20230305:0611,0.0,0.0,0.0,2.46,3.79,0.0
20230305:0711,92.97,126.22,7.87,2.62,3.72,0.0
20230305:0811,301.52,351.8,15.77,3.14,3.66,0.0
20230305:0911,281.89,327.43,22.49,4.04,4.76,0.0
20230305:1011,390.5,449.04,27.47,4.68,4.62,0.0
20230305:1111,514.25,591.82,30.19,5.17,4.48,0.0
20230305:1211,288.4,338.11,30.29,5.55,4.34,0.0
20230305:1311,366.69,425.37,27.77,5.69,4.28,0.0
20230305:1411,444.19,514.7,22.94,5.78,4.48,0.0
20230305:1511,162.46,201.54,16.34,5.48,4.83,0.0
20230305:1611,47.37,73.32,8.51,5.0,4.55,0.0
20230305:1711,0.0,0.0,0.0,4.41,3.93,0.0
20230305:1811,0.0,0.0,0.0,3.83,3.66,0.0
20230305:1911,0.0,0.0,0.0,3.48,4.28,0.0
20230305:2011,0.0,0.0,0.0,3.22,4.28,0.0
20230305:2111,0.0,0.0,0.0,2.79,4.0,0.0
20230305:2211,0.0,0.0,0.0,2.72,3.38,0.0
20230305:2311,0.0,0.0,0.0,2.36,2.62,0.0
20230306:0011,0.0,0.0,0.0,2.03,2.0,0.0
20230306:0111,0.0,0.0,0.0,1.57,1.86,0.0
20230306:0211,0.0,0.0,0.0,1.41,1.66,0.0
20230306:0311,0.0,0.0,0.0,1.16,1.38,0.0
20230306:0411,0.0,0.0,0.0,0.95,1.1,0.0
20230306:0511,0.0,0.0,0.0,0.28,1.31,0.0
20230306:0611,0.0,0.0,0.0,-0.01,1.45,0.0
20230306:0711,165.12,211.63,8.22,0.2,1.24,0.0
20230306:0811,243.42,287.49,16.14,1.44,1.17,0.0
20230306:0911,212.51,252.96,22.86,2.69,1.45,0.0
20230306:1011,535.27,626.18,27.86,3.72,1.59,0.0
20230306:1111,464.15,544.42,30.58,4.44,1.38,0.0
20230306:1211,558.45,656.37,30.68,5.09,2.0,0.0
20230306:1311,494.68,575.9,28.13,5.29,2.76,0.0
20230306:1411,312.03,365.59,23.28,5.26,3.31,0.0
20230306:1511,201.99,246.55,16.65,5.07,3.79,0.0
20230306:1611,64.42,96.81,8.8,4.74,3.38,0.0
20230306:1711,0.0,0.0,0.0,4.12,3.24,0.0
20230306:1811,0.0,0.0,0.0,3.44,3.72,0.0
20230306:1911,0.0,0.0,0.0,3.08,5.17,0.0
20230306:2011,0.0,0.0,0.0,2.59,5.79,0.0
20230306:2111,0.0,0.0,0.0,2.06,6.28,0.0
20230306:2211,0.0,0.0,0.0,1.8,6.14,0.0
20230306:2311,0.0,0.0,0.0,1.78,6.07,0.0
20230307:0011,0.0,0.0,0.0,2.25,5.17,0.0
20230307:0111,0.0,0.0,0.0,2.78,5.1,0.0
20230307:0211,0.0,0.0,0.0,3.16,5.72,0.0
20230307:0311,0.0,0.0,0.0,2.95,6.76,0.0
20230307:0411,0.0,0.0,0.0,2.6,7.38,0.0
20230307:0511,0.0,0.0,0.0,2.42,7.17,0.0
20230307:0611,0.0,0.0,0.0,2.13,6.34,0.0
20230307:0711,39.61,60.76,8.58,2.56,6.28,0.0
20230307:0811,146.1,178.84,16.5,2.47,5.03,0.0
20230307:0911,209.77,248.16,23.24,3.18,4.76,0.0
20230307:1011,314.83,363.23,28.25,3.95,5.45,0.0
20230307:1111,558.49,638.67,30.97,4.58,5.38,0.0
20230307:1211,601.23,689.82,31.06,5.05,5.38,0.0
20230307:1311,507.02,578.31,28.49,4.29,5.52,0.0
20230307:1411,432.18,496.04,23.61,4.26,5.1,0.0
20230307:1511,321.93,381.46,16.96,2.97,4.69,0.0
20230307:1611,85.03,124.12,9.09,2.72,4.07,0.0
20230307:1711,0.0,0.0,0.0,2.12,3.17,0.0
20230307:1811,0.0,0.0,0.0,1.32,2.83,0.0
20230307:1911,0.0,0.0,0.0,0.96,2.76,0.0
20230307:2011,0.0,0.0,0.0,0.35,2.83,0.0
20230307:2111,0.0,0.0,0.0,-0.02,2.83,0.0
20230307:2211,0.0,0.0,0.0,-0.29,2.9,0.0
20230307:2311,0.0,0.0,0.0,-0.36,2.97,0.0
20230308:0011,0.0,0.0,0.0,-0.67,3.03,0.0
20230308:0111,0.0,0.0,0.0,-0.85,3.03,0.0
20230308:0211,0.0,0.0,0.0,-0.98,2.97,0.0
20230308:0311,0.0,0.0,0.0,-1.14,2.9,0.0
20230308:0411,0.0,0.0,0.0,-1.36,2.76,0.0
20230308:0511,0.0,0.0,0.0,-1.71,2.55,0.0
20230308:0611,0.0,0.0,0.0,-1.96,2.41,0.0
20230308:0711,64.88,89.93,8.93,-1.69,1.79,0.0
20230308:0811,122.09,151.62,16.87,-0.44,1.66,0.0
20230308:0911,305.37,353.05,23.62,1.03,1.66,0.0
20230308:1011,464.8,537.22,28.64,2.04,1.66,0.0
20230308:1111,552.71,645.56,31.37,2.66,1.52,0.0
20230308:1211,493.48,574.66,31.44,3.14,1.66,0.0
20230308:1311,371.9,433.14,28.85,3.65,1.79,0.0
20230308:1411,270.32,319.0,23.95,3.88,1.79,0.0
20230308:1511,141.64,177.04,17.27,3.73,2.21,0.0
20230308:1611,76.97,112.38,9.39,3.52,2.34,0.0
20230308:1711,0.0,0.0,0.0,2.91,2.14,0.0
20230308:1811,0.0,0.0,0.0,2.1,2.34,0.0
20230308:1911,0.0,0.0,0.0,1.52,2.34,0.0
20230308:2011,0.0,0.0,0.0,1.21,2.34,0.0
20230308:2111,0.0,0.0,0.0,0.91,2.34,0.0
20230308:2211,0.0,0.0,0.0,0.73,2.55,0.0
20230308:2311,0.0,0.0,0.0,0.52,2.48,0.0
20230309:0011,0.0,0.0,0.0,0.34,2.55,0.0
20230309:0111,0.0,0.0,0.0,0.15,2.76,0.0
20230309:0211,0.0,0.0,0.0,0.11,2.97,0.0
20230309:0311,0.0,0.0,0.0,-0.12,2.83,0.0
20230309:0411,0.0,0.0,0.0,-0.34,2.69,0.0
20230309:0511,0.0,0.0,0.0,-0.31,2.69,0.0
20230309:0611,0.0,0.0,0.0,-0.55,2.34,0.0
20230309:0711,161.65,204.02,9.29,-0.35,2.21,0.0
20230309:0811,327.55,378.07,17.24,0.63,2.41,0.0
20230309:0911,439.51,502.9,24.01,2.05,2.83,0.0
20230309:1011,272.57,319.04,29.03,3.2,2.55,0.0
20230309:1111,281.52,331.03,31.76,3.98,2.21,0.0
20230309:1211,207.88,250.21,31.83,4.25,1.72,0.0
20230309:1311,124.39,157.48,29.21,4.37,1.66,0.0
20230309:1411,72.36,98.73,24.28,4.31,2.0,0.0
20230309:1511,56.42,80.34,17.58,4.12,2.0,0.0
20230309:1611,24.98,42.59,9.68,3.42,1.86,0.0
20230309:1711,0.0,0.0,0.0,2.6,2.14,0.0
20230309:1811,0.0,0.0,0.0,1.46,2.0,0.0
20230309:1911,0.0,0.0,0.0,0.89,2.41,0.0
20230309:2011,0.0,0.0,0.0,0.84,2.69,0.0
20230309:2111,0.0,0.0,0.0,0.79,3.03,0.0
20230309:2211,0.0,0.0,0.0,0.74,3.45,0.0
20230309:2311,0.0,0.0,0.0,0.7,3.86,0.0
20230310:0011,0.0,0.0,0.0,0.7,4.07,0.0
20230310:0111,0.0,0.0,0.0,0.78,4.76,0.0
20230310:0211,0.0,0.0,0.0,0.81,4.76,0.0
20230310:0311,0.0,0.0,0.0,0.86,4.97,0.0
20230310:0411,0.0,0.0,0.0,0.93,5.1,0.0
20230310:0511,0.0,0.0,0.0,0.85,4.83,0.0
20230310:0611,0.0,0.0,0.0,0.75,4.76,0.0
20230310:0711,56.6,80.34,9.65,0.58,4.55,0.0
20230310:0811,140.85,171.94,17.61,0.81,4.62,0.0
20230310:0911,93.75,120.99,24.39,1.31,5.52,0.0
20230310:1011,78.82,104.54,29.43,1.42,4.97,0.0
20230310:1111,112.96,142.29,32.16,1.44,4.76,0.0
20230310:1211,92.67,120.02,32.21,1.51,4.28,0.0
20230310:1311,76.11,101.63,29.58,1.66,4.62,0.0
20230310:1411,30.77,49.36,24.62,1.71,4.83,0.0
20230310:1511,10.45,23.23,17.89,1.45,4.97,0.0
20230310:1611,14.7,29.04,9.97,1.31,6.0,0.0
20230310:1711,0.0,0.0,0.0,1.19,6.55,0.0
20230310:1811,0.0,0.0,0.0,1.02,6.55,0.0
20230310:1911,0.0,0.0,0.0,0.79,5.17,0.0
20230310:2011,0.0,0.0,0.0,0.64,4.83,0.0
20230310:2111,0.0,0.0,0.0,0.65,4.48,0.0
20230310:2211,0.0,0.0,0.0,0.49,4.34,0.0
20230310:2311,0.0,0.0,0.0,0.27,4.55,0.0
20230311:0011,0.0,0.0,0.0,-0.01,4.62,0.0
20230311:0111,0.0,0.0,0.0,-0.07,4.62,0.0
20230311:0211,0.0,0.0,0.0,-0.03,4.55,0.0
20230311:0311,0.0,0.0,0.0,0.06,4.34,0.0
20230311:0411,0.0,0.0,0.0,-0.07,3.93,0.0
20230311:0511,0.0,0.0,0.0,-0.64,3.24,0.0
20230311:0611,0.0,0.0,0.0,-1.29,2.9,0.0
20230311:0711,138.9,174.87,10.01,-1.65,2.55,0.0
20230311:0811,193.63,228.31,17.98,-1.03,2.41,0.0
20230311:0911,275.49,318.49,24.78,1.2,3.03,0.0
20230311:1011,448.48,513.7,29.82,2.87,3.45,0.0
20230311:1111,583.32,670.79,32.56,3.5,3.86,0.0
20230311:1211,658.49,757.44,32.6,3.92,4.62,0.0
20230311:1311,97.78,126.8,29.94,3.92,5.31,0.0
20230311:1411,55.02,78.4,24.95,3.7,5.03,0.0
20230311:1511,132.2,165.01,18.2,3.13,4.76,0.0
20230311:1611,89.52,126.89,10.26,2.77,4.34,0.0
20230311:1711,0.0,0.0,0.0,2.07,3.93,0.0
20230311:1811,0.0,0.0,0.0,1.27,3.59,0.0
20230311:1911,0.0,0.0,0.0,1.04,3.52,0.0
20230311:2011,0.0,0.0,0.0,0.54,3.38,0.0
20230311:2111,0.0,0.0,0.0,0.25,3.17,0.0
20230311:2211,0.0,0.0,0.0,-0.27,3.03,0.0
20230311:2311,0.0,0.0,0.0,-0.53,2.97,0.0
20230312:0011,0.0,0.0,0.0,-0.89,2.62,0.0
20230312:0111,0.0,0.0,0.0,-1.34,2.34,0.0
20230312:0211,0.0,0.0,0.0,-1.97,2.28,0.0
20230312:0311,0.0,0.0,0.0,-2.15,2.28,0.0
20230312:0411,0.0,0.0,0.0,-2.26,2.28,0.0
20230312:0511,0.0,0.0,0.0,-1.99,2.62,0.0
20230312:0611,0.0,0.97,1.71,-1.13,2.83,0.0
20230312:0711,160.9,201.26,10.37,-0.14,2.69,0.0
20230312:0811,146.02,177.61,18.36,0.27,2.97,0.0
20230312:0911,191.5,226.89,25.16,0.85,3.59,0.0
20230312:1011,69.22,93.89,30.22,1.61,4.48,0.0
20230312:1111,80.39,106.47,32.95,1.8,4.62,0.0
20230312:1211,57.83,81.31,32.98,2.53,4.14,0.0
20230312:1311,80.49,107.44,30.3,3.57,3.66,0.0
20230312:1411,92.75,121.96,25.29,5.35,4.69,0.0
20230312:1511,37.04,58.08,18.51,7.14,5.59,0.0
20230312:1611,75.96,110.2,10.54,7.64,5.79,0.0
20230312:1711,0.0,1.88,1.89,7.51,5.45,0.0
20230312:1811,0.0,0.0,0.0,7.18,5.1,0.0
20230312:1911,0.0,0.0,0.0,7.23,5.03,0.0
20230312:2011,0.0,0.0,0.0,7.13,5.03,0.0
20230312:2111,0.0,0.0,0.0,6.89,5.24,0.0
20230312:2211,0.0,0.0,0.0,7.16,5.38,0.0
20230312:2311,0.0,0.0,0.0,7.53,5.1,0.0
20230313:0011,0.0,0.0,0.0,7.69,5.24,0.0
20230313:0111,0.0,0.0,0.0,7.91,5.31,0.0
20230313:0211,0.0,0.0,0.0,7.88,5.38,0.0
20230313:0311,0.0,0.0,0.0,8.05,6.21,0.0
20230313:0411,0.0,0.0,0.0,8.38,6.97,0.0
20230313:0511,0.0,0.0,0.0,9.1,7.66,0.0
20230313:0611,0.0,0.97,2.06,9.9,8.14,0.0
20230313:0711,31.81,52.51,10.74,10.96,8.48,0.0
20230313:0811,27.05,46.46,18.73,11.39,9.38,0.0
20230313:0911,377.71,443.0,25.55,11.63,9.1,0.0
20230313:1011,111.22,146.16,30.62,12.07,9.45,0.0
20230313:1111,353.32,417.99,33.35,12.57,9.86,0.0
20230313:1211,92.98,125.83,33.37,13.24,9.79,0.0
20230313:1311,282.11,339.8,30.66,13.96,10.48,0.0
20230313:1411,468.16,551.28,25.62,13.9,10.69,0.0
20230313:1511,306.7,375.05,18.82,13.45,10.14,0.0
20230313:1611,113.4,167.15,10.83,12.73,10.0,0.0
20230313:1711,0.0,3.87,2.16,11.98,8.97,0.0
20230313:1811,0.0,0.0,0.0,11.21,8.21,0.0
20230313:1911,0.0,0.0,0.0,11.35,7.93,0.0
20230313:2011,0.0,0.0,0.0,10.96,7.59,0.0
20230313:2111,0.0,0.0,0.0,10.62,7.1,0.0
20230313:2211,0.0,0.0,0.0,10.39,6.48,0.0
20230313:2311,0.0,0.0,0.0,10.05,6.0,0.0
20230314:0011,0.0,0.0,0.0,9.62,6.21,0.0
20230314:0111,0.0,0.0,0.0,9.35,6.14,0.0
20230314:0211,0.0,0.0,0.0,9.42,6.21,0.0
20230314:0311,0.0,0.0,0.0,9.24,6.21,0.0
20230314:0411,0.0,0.0,0.0,9.07,6.34,0.0
20230314:0511,0.0,0.0,0.0,8.92,6.76,0.0
20230314:0611,0.0,1.94,2.42,8.82,6.9,0.0
20230314:0711,5.02,15.49,11.1,8.38,6.41,0.0
20230314:0811,19.36,35.81,19.11,6.58,6.07,0.0
20230314:0911,255.06,296.68,25.94,3.59,6.97,0.0
20230314:1011,95.21,123.89,31.02,4.09,6.62,0.0
20230314:1111,516.9,589.1,33.75,5.68,7.72,0.0
20230314:1211,550.8,628.31,33.76,6.02,7.79,0.0
20230314:1311,432.06,494.69,31.03,5.99,7.52,0.0
20230314:1411,358.03,413.5,25.95,6.07,7.31,0.0
20230314:1511,193.95,235.67,19.13,6.01,7.24,0.0
20230314:1611,47.79,71.28,11.12,5.28,6.55,0.0
20230314:1711,0.0,1.94,2.44,4.34,5.93,0.0
20230314:1811,0.0,0.0,0.0,3.52,4.97,0.0
20230314:1911,0.0,0.0,0.0,3.15,4.69,0.0
20230314:2011,0.0,0.0,0.0,2.8,4.69,0.0
20230314:2111,0.0,0.0,0.0,2.61,4.55,0.0
20230314:2211,0.0,0.0,0.0,2.39,4.34,0.0
20230314:2311,0.0,0.0,0.0,2.41,4.14,0.0
20230315:0011,0.0,0.0,0.0,2.11,3.38,0.0
20230315:0111,0.0,0.0,0.0,1.74,2.83,0.0
20230315:0211,0.0,0.0,0.0,1.61,2.55,0.0
20230315:0311,0.0,0.0,0.0,1.06,2.55,0.0
20230315:0411,0.0,0.0,0.0,0.62,2.83,0.0
20230315:0511,0.0,0.0,0.0,0.71,2.97,0.0
20230315:0611,3.14,13.05,2.78,0.77,3.03,0.0
20230315:0711,219.46,269.63,11.47,1.59,2.76,0.0
20230315:0811,445.69,514.88,19.49,3.22,3.31,0.0
20230315:0911,613.17,705.49,26.33,4.19,4.28,0.0
20230315:1011,632.47,732.38,31.42,5.28,4.34,0.0
20230315:1111,493.48,572.01,34.15,6.24,4.41,0.0
20230315:1211,731.17,858.6,34.14,7.06,4.62,0.0
20230315:1311,652.52,762.4,31.39,7.53,4.76,0.0
20230315:1411,521.25,607.18,26.29,7.56,4.9,0.0
20230315:1511,341.52,409.23,19.43,7.28,4.55,0.0
20230315:1611,140.04,199.7,11.41,6.86,3.38,0.0
20230315:1711,2.26,11.0,2.72,5.85,2.55,0.0
20230315:1811,0.0,0.0,0.0,4.42,2.28,0.0
20230315:1911,0.0,0.0,0.0,3.17,2.21,0.0
20230315:2011,0.0,0.0,0.0,1.98,2.14,0.0
20230315:2111,0.0,0.0,0.0,0.99,2.21,0.0
20230315:2211,0.0,0.0,0.0,0.64,2.48,0.0
20230315:2311,0.0,0.0,0.0,0.91,2.76,0.0
20230316:0011,0.0,0.0,0.0,1.46,3.03,0.0
20230316:0111,0.0,0.0,0.0,1.83,3.38,0.0
20230316:0211,0.0,0.0,0.0,1.68,3.59,0.0
20230316:0311,0.0,0.0,0.0,1.59,3.72,0.0
20230316:0411,0.0,0.0,0.0,1.93,4.0,0.0
20230316:0511,0.0,0.0,0.0,2.35,4.41,0.0
20230316:0611,0.0,3.87,3.14,2.65,4.83,0.0
20230316:0711,39.4,60.12,11.84,3.32,5.31,0.0
20230316:0811,83.83,111.13,19.87,3.8,4.9,0.0
20230316:0911,160.41,195.94,26.72,4.3,4.97,0.0
20230316:1011,173.14,210.64,31.82,4.84,5.03,0.0
20230316:1111,279.83,328.46,34.55,5.51,5.17,0.0
20230316:1211,142.55,177.76,34.53,5.81,5.1,0.0
20230316:1311,267.61,315.83,31.75,6.21,5.03,0.0
20230316:1411,181.64,221.83,26.62,7.37,5.86,0.0
20230316:1511,63.04,89.05,19.74,7.91,5.93,0.0
20230316:1611,82.66,117.33,11.69,8.35,5.86,0.0
20230316:1711,0.0,3.87,2.99,8.21,5.66,0.0
20230316:1811,0.0,0.0,0.0,7.8,5.38,0.0
20230316:1911,0.0,0.0,0.0,6.84,5.45,0.0
20230316:2011,0.0,0.0,0.0,6.52,5.52,0.0
20230316:2111,0.0,0.0,0.0,6.42,5.45,0.0
20230316:2211,0.0,0.0,0.0,6.57,5.1,0.0
20230316:2311,0.0,0.0,0.0,6.39,4.62,0.0
20230317:0011,0.0,0.0,0.0,6.37,4.41,0.0
20230317:0111,0.0,0.0,0.0,6.37,4.34,0.0
20230317:0211,0.0,0.0,0.0,6.53,4.21,0.0
20230317:0311,0.0,0.0,0.0,6.66,4.14,0.0
20230317:0411,0.0,0.0,0.0,6.8,4.07,0.0
20230317:0511,0.0,0.0,0.0,6.98,4.07,0.0
20230317:0611,0.0,2.9,3.51,6.86,3.93,0.0
20230317:0711,95.73,128.04,12.21,7.19,3.86,0.0
20230317:0811,398.31,469.83,20.24,8.28,3.59,0.0
20230317:0911,191.51,235.8,27.11,9.91,4.0,0.0
20230317:1011,620.75,742.06,32.22,11.78,4.14,0.0
20230317:1111,704.71,853.95,34.95,13.12,4.21,0.0
20230317:1211,699.3,850.0,34.92,13.87,4.21,0.0
20230317:1311,288.53,352.86,32.11,14.29,3.66,0.0
20230317:1411,182.47,231.1,26.95,14.45,2.76,0.0
20230317:1511,80.32,112.25,20.04,14.34,2.62,0.0
20230317:1611,28.13,48.4,11.98,13.82,2.21,0.0
20230317:1711,0.81,7.74,3.27,12.84,2.41,0.0
20230317:1811,0.0,0.0,0.0,11.65,2.76,0.0
20230317:1911,0.0,0.0,0.0,11.35,2.21,0.0
20230317:2011,0.0,0.0,0.0,10.49,2.21,0.0
20230317:2111,0.0,0.0,0.0,10.01,2.28,0.0
20230317:2211,0.0,0.0,0.0,9.41,2.62,0.0
20230317:2311,0.0,0.0,0.0,9.39,2.83,0.0
20230318:0011,0.0,0.0,0.0,9.41,3.03,0.0
20230318:0111,0.0,0.0,0.0,9.37,3.1,0.0
20230318:0211,0.0,0.0,0.0,9.54,3.03,0.0
20230318:0311,0.0,0.0,0.0,9.42,3.03,0.0
20230318:0411,0.0,0.0,0.0,8.95,3.1,0.0
20230318:0511,0.0,0.0,0.0,8.57,2.97,0.0
20230318:0611,2.79,11.62,3.87,8.03,2.76,0.0
20230318:0711,61.98,88.56,12.58,8.14,2.55,0.0
20230318:0811,302.2,362.09,20.62,9.18,2.48,0.0
20230318:0911,320.79,384.42,27.51,10.5,2.69,0.0
20230318:1011,104.64,139.38,32.62,11.88,2.69,0.0
20230318:1111,632.29,772.47,35.36,13.43,2.9,0.0
20230318:1211,299.39,366.31,35.3,14.51,3.59,0.0
20230318:1311,384.64,465.95,32.47,14.75,3.86,0.0
20230318:1411,395.47,481.24,27.28,14.63,2.97,0.0
20230318:1511,130.79,171.84,20.35,14.36,2.34,0.0
20230318:1611,79.01,115.19,12.27,13.99,1.86,0.0
20230318:1711,3.7,13.89,3.54,13.27,2.0,0.0
20230318:1811,0.0,0.0,0.0,11.78,2.69,0.0
20230318:1911,0.0,0.0,0.0,10.84,2.41,0.0
20230318:2011,0.0,0.0,0.0,10.14,2.55,0.0
20230318:2111,0.0,0.0,0.0,9.58,2.69,0.0
20230318:2211,0.0,0.0,0.0,9.33,2.76,0.0
20230318:2311,0.0,0.0,0.0,8.86,2.9,0.0
20230319:0011,0.0,0.0,0.0,8.74,2.83,0.0
20230319:0111,0.0,0.0,0.0,8.66,2.83,0.0
20230319:0211,0.0,0.0,0.0,8.56,2.76,0.0
20230319:0311,0.0,0.0,0.0,8.12,2.76,0.0
20230319:0411,0.0,0.0,0.0,7.81,2.9,0.0
20230319:0511,0.0,0.0,0.0,7.74,2.76,0.0
20230319:0611,10.55,25.31,4.23,7.93,2.62,0.0
20230319:0711,224.44,281.74,12.94,8.51,2.62,0.0
20230319:0811,429.12,509.89,21.0,9.63,3.24,0.0
20230319:0911,376.41,447.14,27.9,10.99,4.0,0.0
20230319:1011,442.92,526.94,33.02,11.37,3.86,0.0
20230319:1111,434.94,519.42,35.76,11.87,3.86,0.0
20230319:1211,631.96,761.06,35.69,12.32,3.79,0.0
20230319:1311,635.98,766.32,32.83,12.59,3.79,0.0
20230319:1411,472.76,566.77,27.61,12.71,3.79,0.0
20230319:1511,241.59,299.71,20.65,12.5,3.38,0.0
20230319:1611,108.64,154.24,12.55,12.02,3.52,0.0
20230319:1711,1.27,8.71,3.82,11.28,3.17,0.0
20230319:1811,0.0,0.0,0.0,10.29,2.97,0.0
20230319:1911,0.0,0.0,0.0,9.35,2.9,0.0
20230319:2011,0.0,0.0,0.0,8.82,2.55,0.0
20230319:2111,0.0,0.0,0.0,7.91,2.69,0.0
20230319:2211,0.0,0.0,0.0,7.28,2.69,0.0
20230319:2311,0.0,0.0,0.0,7.03,2.83,0.0
20230320:0011,0.0,0.0,0.0,6.91,2.9,0.0
20230320:0111,0.0,0.0,0.0,6.98,3.17,0.0
20230320:0211,0.0,0.0,0.0,7.08,3.17,0.0
20230320:0311,0.0,0.0,0.0,7.16,3.45,0.0
20230320:0411,0.0,0.0,0.0,7.2,3.52,0.0
20230320:0511,0.0,0.0,0.0,7.23,3.52,0.0
20230320:0611,0.45,6.78,4.6,7.28,3.66,0.0
20230320:0711,75.35,103.76,13.31,7.38,3.79,0.0
20230320:0811,101.33,132.95,21.38,7.81,3.72,0.0
20230320:0911,169.51,209.47,28.29,8.07,4.28,0.0
20230320:1011,295.18,350.28,33.42,8.71,4.9,0.0
20230320:1111,177.24,219.41,36.16,9.21,4.97,0.0
20230320:1211,179.92,222.78,36.08,9.62,4.97,0.0
20230320:1311,101.09,133.57,33.19,9.58,5.1,0.0
20230320:1411,49.49,73.56,27.94,9.12,4.76,0.0
20230320:1511,82.3,111.74,20.95,8.7,4.21,0.0
20230320:1611,69.63,98.93,12.83,8.34,4.07,0.0
20230320:1711,0.86,7.74,4.09,8.1,4.14,0.0
20230320:1811,0.0,0.0,0.0,7.9,4.0,0.0
20230320:1911,0.0,0.0,0.0,8.04,3.79,0.0
20230320:2011,0.0,0.0,0.0,8.12,3.59,0.0
20230320:2111,0.0,0.0,0.0,8.17,3.24,0.0
20230320:2211,0.0,0.0,0.0,8.22,2.9,0.0
20230320:2311,0.0,0.0,0.0,8.28,2.69,0.0
20230321:0011,0.0,0.0,0.0,8.35,2.62,0.0
20230321:0111,0.0,0.0,0.0,8.4,2.62,0.0
20230321:0211,0.0,0.0,0.0,8.47,2.69,0.0
20230321:0311,0.0,0.0,0.0,8.52,2.83,0.0
20230321:0411,0.0,0.0,0.0,8.6,3.31,0.0
20230321:0511,0.0,0.0,0.0,8.64,3.38,0.0
20230321:0611,0.0,3.87,4.96,8.61,3.31,0.0
20230321:0711,0.0,0.0,0.0,8.7,4.07,0.0
20230321:0811,0.0,0.0,0.0,8.74,4.07,0.0
20230321:0911,89.38,120.02,28.68,9.04,4.14,0.0
20230321:1011,102.84,135.51,33.82,9.16,3.93,0.0
20230321:1111,112.85,147.13,36.56,9.39,3.66,0.0
20230321:1211,189.01,233.65,36.46,9.69,3.72,0.0
20230321:1311,160.43,201.62,33.55,10.13,3.79,0.0
20230321:1411,91.12,122.93,28.27,10.85,4.14,0.0
20230321:1511,132.11,170.65,21.25,11.46,3.86,0.0
20230321:1611,33.85,55.17,13.11,11.68,3.93,0.0
20230321:1711,6.1,17.42,4.36,11.41,3.59,0.0
20230321:1811,0.0,0.0,0.0,10.76,3.52,0.0
20230321:1911,0.0,0.0,0.0,10.65,4.21,0.0
20230321:2011,0.0,0.0,0.0,10.54,4.48,0.0
20230321:2111,0.0,0.0,0.0,9.97,4.41,0.0
20230321:2211,0.0,0.0,0.0,9.6,4.62,0.0
20230321:2311,0.0,0.0,0.0,9.86,4.9,0.0
20230322:0011,0.0,0.0,0.0,9.8,4.97,0.0
20230322:0111,0.0,0.0,0.0,9.38,4.9,0.0
20230322:0211,0.0,0.0,0.0,9.14,4.97,0.0
20230322:0311,0.0,0.0,0.0,8.9,5.03,0.0
20230322:0411,0.0,0.0,0.0,8.94,4.97,0.0
20230322:0511,0.0,0.0,0.0,9.05,4.41,0.0
20230322:0611,4.41,14.52,5.32,9.45,4.9,0.0
20230322:0711,0.0,0.0,0.0,9.95,5.93,0.0
20230322:0811,84.66,114.97,22.14,10.31,6.34,0.0
20230322:0911,124.0,160.14,29.07,10.94,7.1,0.0
20230322:1011,134.93,172.94,34.23,11.44,7.31,0.0
20230322:1111,94.67,126.8,36.96,10.98,6.9,0.0
20230322:1211,102.59,135.51,36.85,10.37,7.1,0.0
20230322:1311,93.51,124.86,33.91,9.79,6.76,0.0
20230322:1411,99.34,131.64,28.59,9.97,6.48,0.0
20230322:1511,61.52,88.08,21.55,10.25,6.28,0.0
20230322:1611,16.13,31.94,13.4,10.15,6.0,0.0
20230322:1711,2.24,10.65,4.64,10.06,5.86,0.0
20230322:1811,0.0,0.0,0.0,10.06,5.86,0.0
20230322:1911,0.0,0.0,0.0,10.62,5.72,0.0
20230322:2011,0.0,0.0,0.0,10.62,5.72,0.0
20230322:2111,0.0,0.0,0.0,10.57,5.79,0.0
20230322:2211,0.0,0.0,0.0,10.46,5.86,0.0
20230322:2311,0.0,0.0,0.0,10.45,5.86,0.0
20230323:0011,0.0,0.0,0.0,10.48,5.93,0.0
20230323:0111,0.0,0.0,0.0,10.43,6.0,0.0
20230323:0211,0.0,0.0,0.0,10.29,5.86,0.0
20230323:0311,0.0,0.0,0.0,10.19,5.86,0.0
20230323:0411,0.0,0.0,0.0,10.26,6.62,0.0
20230323:0511,0.0,0.0,0.0,10.09,6.97,0.0
20230323:0611,30.91,56.5,5.69,9.92,7.45,0.0
20230323:0711,96.01,128.72,14.42,10.25,7.03,0.0
20230323:0811,268.86,321.52,22.52,10.58,7.03,0.0
20230323:0911,516.69,603.36,29.47,11.4,7.79,0.0
20230323:1011,474.51,558.17,34.63,12.13,7.45,0.0
20230323:1111,714.91,848.69,37.36,12.71,6.97,0.0
20230323:1211,436.0,517.58,37.23,13.39,7.31,0.0
20230323:1311,575.43,679.5,34.26,13.39,7.66,0.0
20230323:1411,226.28,278.15,28.92,13.55,6.83,0.0
20230323:1511,318.14,388.1,21.85,13.26,6.34,0.0
20230323:1611,155.78,219.2,13.68,12.2,6.07,0.0
20230323:1711,11.42,27.09,4.91,12.25,5.17,0.0
20230323:1811,0.0,0.0,0.0,11.61,4.83,0.0
20230323:1911,0.0,0.0,0.0,11.4,4.62,0.0
20230323:2011,0.0,0.0,0.0,11.26,4.55,0.0
20230323:2111,0.0,0.0,0.0,10.96,4.62,0.0
20230323:2211,0.0,0.0,0.0,10.7,4.62,0.0
20230323:2311,0.0,0.0,0.0,10.83,4.97,0.0
20230324:0011,0.0,0.0,0.0,10.92,5.52,0.0
20230324:0111,0.0,0.0,0.0,10.9,5.66,0.0
20230324:0211,0.0,0.0,0.0,11.16,6.07,0.0
20230324:0311,0.0,0.0,0.0,11.34,6.55,0.0
20230324:0411,0.0,0.0,0.0,11.39,6.83,0.0
20230324:0511,0.0,0.0,0.0,11.11,7.1,0.0
20230324:0611,48.72,82.96,6.05,10.2,6.48,0.0
20230324:0711,56.42,81.99,14.79,9.75,6.41,0.0
20230324:0811,85.64,115.9,22.9,10.07,7.45,0.0
20230324:0911,402.5,470.4,29.86,10.51,8.0,0.0
20230324:1011,391.12,460.54,35.03,11.45,7.93,0.0
20230324:1111,735.98,869.83,37.76,12.1,7.52,0.0
20230324:1211,687.21,813.11,37.61,12.85,7.52,0.0
20230324:1311,652.86,771.22,34.62,12.93,7.38,0.0
20230324:1411,524.12,617.19,29.24,12.34,7.24,0.0
20230324:1511,337.66,408.67,22.15,12.17,6.69,0.0
20230324:1611,147.09,205.48,13.95,12.08,5.59,0.0
20230324:1711,5.51,16.45,5.18,11.3,5.93,0.0
20230324:1811,0.0,0.0,0.0,10.4,5.52,0.0
20230324:1911,0.0,0.0,0.0,10.02,5.52,0.0
20230324:2011,0.0,0.0,0.0,9.7,5.38,0.0
20230324:2111,0.0,0.0,0.0,9.46,5.66,0.0
20230324:2211,0.0,0.0,0.0,9.28,5.86,0.0
20230324:2311,0.0,0.0,0.0,9.05,6.14,0.0
20230325:0011,0.0,0.0,0.0,8.76,6.41,0.0
20230325:0111,0.0,0.0,0.0,8.56,6.55,0.0
20230325:0211,0.0,0.0,0.0,8.25,6.55,0.0
20230325:0311,0.0,0.0,0.0,7.92,6.28,0.0
20230325:0411,0.0,0.0,0.0,7.85,6.34,0.0
20230325:0511,0.0,0.0,0.0,7.77,6.34,0.0
20230325:0611,1.79,9.68,6.42,7.4,6.14,0.0
20230325:0711,51.3,75.32,15.16,7.9,6.62,0.0
20230325:0811,25.93,44.52,23.28,8.26,5.79,0.0
20230325:0911,186.28,228.54,30.25,9.0,6.0,0.0
20230325:1011,79.27,108.41,35.43,9.6,7.17,0.0
20230325:1111,300.84,357.38,38.16,9.71,6.83,0.0
20230325:1211,201.35,246.97,38.0,10.15,6.41,0.0
20230325:1311,110.82,145.19,34.97,10.66,6.0,0.0
20230325:1411,113.69,148.09,29.57,10.2,6.69,0.0
20230325:1511,135.34,171.55,22.44,8.87,8.14,0.0
20230325:1611,64.78,91.96,14.23,8.42,7.17,0.0
20230325:1711,1.78,9.68,5.45,8.07,7.45,0.0
20230325:1811,0.0,0.0,0.0,7.92,7.45,0.0
20230325:1911,0.0,0.0,0.0,7.44,6.21,0.0
20230325:2011,0.0,0.0,0.0,7.42,5.72,0.0
20230325:2111,0.0,0.0,0.0,7.12,5.1,0.0
20230325:2211,0.0,0.0,0.0,6.85,4.69,0.0
20230325:2311,0.0,0.0,0.0,6.8,4.41,0.0
20230326:0011,0.0,0.0,0.0,6.75,4.07,0.0
20230326:0111,0.0,0.0,0.0,6.55,3.79,0.0
20230326:0211,0.0,0.0,0.0,6.2,3.59,0.0
20230326:0311,0.0,0.0,0.0,5.74,3.17,0.0
20230326:0411,0.0,0.0,0.0,5.29,2.62,0.0
20230326:0511,0.0,0.0,0.0,5.13,2.07,0.0
20230326:0611,35.17,59.0,6.78,4.86,1.66,0.0
20230326:0711,128.33,163.79,15.53,5.48,1.59,0.0
20230326:0811,222.61,267.67,23.66,6.32,2.55,0.0
20230326:0911,382.48,449.45,30.64,6.92,2.69,0.0
20230326:1011,300.94,357.93,35.83,7.53,2.9,0.0
20230326:1111,529.68,624.82,38.56,8.08,3.38,0.0
20230326:1211,500.27,588.97,38.38,8.44,3.79,0.0
20230326:1311,378.81,445.78,35.33,8.45,4.34,0.0
20230326:1411,445.82,520.61,29.89,8.18,4.97,0.0
20230326:1511,358.46,425.32,22.74,7.59,5.45,0.0
20230326:1611,161.23,217.76,14.51,6.79,5.86,0.0
20230326:1711,11.43,36.29,5.72,5.95,5.72,0.0
20230326:1811,0.0,0.0,0.0,5.08,5.24,0.0
20230326:1911,0.0,0.0,0.0,5.01,5.03,0.0
20230326:2011,0.0,0.0,0.0,4.73,4.97,0.0
20230326:2111,0.0,0.0,0.0,4.55,4.62,0.0
20230326:2211,0.0,0.0,0.0,4.33,4.28,0.0
20230326:2311,0.0,0.0,0.0,3.93,3.93,0.0
20230327:0011,0.0,0.0,0.0,3.6,3.79,0.0
20230327:0111,0.0,0.0,0.0,3.28,4.0,0.0
20230327:0211,0.0,0.0,0.0,3.25,4.14,0.0
20230327:0311,0.0,0.0,0.0,3.22,4.34,0.0
20230327:0411,0.0,0.0,0.0,3.1,4.21,0.0
20230327:0511,0.0,0.0,0.0,2.97,4.28,0.0
20230327:0611,84.77,129.82,7.14,3.05,4.41,0.0
20230327:0711,282.71,337.04,15.9,3.42,4.21,0.0
20230327:0811,506.16,579.21,24.04,4.18,5.24,0.0
20230327:0911,566.98,650.25,31.03,4.84,5.1,0.0
20230327:1011,695.87,804.86,36.23,5.4,5.31,0.0
20230327:1111,362.57,421.11,38.95,5.94,5.72,0.0
20230327:1211,695.21,803.81,38.76,6.19,6.14,0.0
20230327:1311,627.86,721.52,35.68,6.14,6.48,0.0
20230327:1411,372.36,430.01,30.21,6.1,7.1,0.0
20230327:1511,296.79,348.05,23.03,5.15,7.86,0.0
20230327:1611,182.13,243.8,14.79,4.84,7.17,0.0
20230327:1711,17.85,45.72,5.98,4.57,6.55,0.0
20230327:1811,0.0,0.0,0.0,4.17,6.21,0.0
20230327:1911,0.0,0.0,0.0,4.13,5.79,0.0
20230327:2011,0.0,0.0,0.0,3.99,5.59,0.0
20230327:2111,0.0,0.0,0.0,3.92,5.45,0.0
20230327:2211,0.0,0.0,0.0,3.87,5.17,0.0
20230327:2311,0.0,0.0,0.0,3.87,4.9,0.0
20230328:0011,0.0,0.0,0.0,3.71,4.55,0.0
20230328:0111,0.0,0.0,0.0,3.6,4.07,0.0
20230328:0211,0.0,0.0,0.0,3.5,3.59,0.0
20230328:0311,0.0,0.0,0.0,3.05,3.03,0.0
20230328:0411,0.0,0.0,0.0,2.47,2.55,0.0
20230328:0511,0.0,0.0,0.0,1.89,2.55,0.0
20230328:0611,87.75,132.0,7.5,1.71,2.62,0.0
20230328:0711,302.52,361.8,16.26,3.14,2.34,0.0
20230328:0811,362.5,421.79,24.41,4.51,2.83,0.0
20230328:0911,396.13,459.91,31.42,5.63,3.79,0.0
20230328:1011,323.8,380.36,36.63,6.22,3.79,0.0
20230328:1111,410.05,480.08,39.35,6.79,3.72,0.0
20230328:1211,513.3,599.1,39.14,7.01,4.21,0.0
20230328:1311,587.75,685.21,36.03,7.07,4.48,0.0
20230328:1411,327.55,384.76,30.53,7.27,4.76,0.0
20230328:1511,216.69,262.49,23.33,7.32,4.76,0.0
20230328:1611,69.16,96.59,15.06,7.04,4.34,0.0
20230328:1711,19.33,48.43,6.25,6.52,3.72,0.0
20230328:1811,0.0,0.0,0.0,5.79,3.66,0.0
20230328:1911,0.0,0.0,0.0,5.85,3.93,0.0
20230328:2011,0.0,0.0,0.0,4.99,3.79,0.0
20230328:2111,0.0,0.0,0.0,4.71,3.17,0.0
20230328:2211,0.0,0.0,0.0,4.62,3.17,0.0
20230328:2311,0.0,0.0,0.0,4.51,3.38,0.0
20230329:0011,0.0,0.0,0.0,4.32,3.52,0.0
20230329:0111,0.0,0.0,0.0,4.19,3.45,0.0
20230329:0211,0.0,0.0,0.0,4.11,3.45,0.0
20230329:0311,0.0,0.0,0.0,4.08,3.45,0.0
20230329:0411,0.0,0.0,0.0,4.2,3.52,0.0
20230329:0511,0.0,0.0,0.0,4.39,3.45,0.0
20230329:0611,46.93,73.6,7.86,4.64,3.38,0.0
20230329:0711,90.89,120.13,16.63,5.11,3.38,0.0
20230329:0811,167.84,205.86,24.79,5.74,3.31,0.0
20230329:0911,283.01,334.93,31.81,6.54,3.31,0.0
20230329:1011,265.93,317.75,37.02,7.53,3.52,0.0
20230329:1111,196.24,240.95,39.75,8.87,4.07,0.0
20230329:1211,377.5,448.25,39.52,10.66,4.97,0.0
20230329:1311,321.13,385.7,36.38,11.52,4.28,0.0
20230329:1411,194.46,241.74,30.85,12.08,4.34,0.0
20230329:1511,152.71,194.74,23.62,12.03,3.59,0.0
20230329:1611,46.43,70.66,15.33,11.6,3.24,0.0
20230329:1711,3.25,12.58,6.52,11.21,3.17,0.0
20230329:1811,0.0,0.0,0.0,10.66,3.17,0.0
20230329:1911,0.0,0.0,0.0,10.3,3.45,0.0
20230329:2011,0.0,0.0,0.0,9.9,3.24,0.0
20230329:2111,0.0,0.0,0.0,9.56,3.59,0.0
20230329:2211,0.0,0.0,0.0,9.42,3.79,0.0
20230329:2311,0.0,0.0,0.0,9.36,3.72,0.0
20230330:0011,0.0,0.0,0.0,9.59,3.72,0.0
20230330:0111,0.0,0.0,0.0,9.71,3.72,0.0
20230330:0211,0.0,0.0,0.0,9.88,3.86,0.0
20230330:0311,0.0,0.0,0.0,10.15,4.55,0.0
20230330:0411,0.0,0.0,0.0,10.43,4.9,0.0
20230330:0511,0.0,0.0,0.0,10.69,5.17,0.0
20230330:0611,17.48,33.88,8.22,10.9,5.38,0.0
20230330:0711,217.17,269.49,17.0,11.56,5.93,0.0
20230330:0811,60.22,87.11,25.17,11.93,7.1,0.0
20230330:0911,116.89,152.93,32.19,12.13,6.97,0.0
20230330:1011,471.28,555.77,37.42,12.47,7.52,0.0
20230330:1111,191.52,238.41,40.14,12.87,7.66,0.0
20230330:1211,187.47,233.42,39.9,12.61,8.07,0.0
20230330:1311,100.29,134.54,36.73,13.38,7.31,0.0
20230330:1411,294.14,355.24,31.16,13.57,6.97,0.0
20230330:1511,251.64,307.79,23.91,12.73,7.17,0.0
20230330:1611,117.57,159.72,15.61,12.56,6.55,0.0
20230330:1711,20.68,40.3,6.78,11.67,5.66,0.0
20230330:1811,0.0,0.0,0.0,11.13,5.59,0.0
20230330:1911,0.0,0.0,0.0,10.89,5.24,0.0
20230330:2011,0.0,0.0,0.0,10.48,5.1,0.0
20230330:2111,0.0,0.0,0.0,10.07,4.76,0.0
20230330:2211,0.0,0.0,0.0,9.64,4.76,0.0
20230330:2311,0.0,0.0,0.0,9.53,4.9,0.0
20230331:0011,0.0,0.0,0.0,9.22,4.69,0.0
20230331:0111,0.0,0.0,0.0,9.05,4.48,0.0
20230331:0211,0.0,0.0,0.0,8.73,4.21,0.0
20230331:0311,0.0,0.0,0.0,8.36,3.66,0.0
20230331:0411,0.0,0.0,0.0,8.21,3.52,0.0
20230331:0511,0.0,0.0,0.0,8.12,3.59,0.0
20230331:0611,14.14,29.04,8.58,8.47,3.45,0.0
20230331:0711,31.87,52.27,17.36,9.5,3.38,0.0
20230331:0811,38.83,60.98,25.54,9.98,3.17,0.0
20230331:0911,85.4,116.15,32.58,10.39,3.66,0.0
20230331:1011,113.11,148.09,37.81,10.55,3.86,0.0
20230331:1111,107.91,142.29,40.53,10.74,3.66,0.0
20230331:1211,297.19,358.93,40.27,10.9,3.38,0.0
20230331:1311,224.0,275.47,37.07,11.02,2.97,0.0
20230331:1411,221.75,272.84,31.48,11.36,3.1,0.0
20230331:1511,108.08,143.21,24.19,11.6,2.69,0.0
20230331:1611,23.16,41.62,15.88,11.99,2.28,0.0
20230331:1711,22.92,43.6,7.05,11.76,2.28,0.0
20230331:1811,0.0,0.0,0.0,10.57,2.83,0.0
20230331:1911,0.0,0.0,0.0,9.99,2.97,0.0
20230331:2011,0.0,0.0,0.0,9.71,2.9,0.0
20230331:2111,0.0,0.0,0.0,9.48,2.9,0.0
20230331:2211,0.0,0.0,0.0,9.34,3.03,0.0
20230331:2311,0.0,0.0,0.0,9.24,3.03,0.0
20230401:0011,0.0,0.0,0.0,9.19,2.9,0.0
20230401:0111,0.0,0.0,0.0,9.15,2.76,0.0
20230401:0211,0.0,0.0,0.0,9.11,2.69,0.0
20230401:0311,0.0,0.0,0.0,9.04,2.69,0.0
20230401:0411,0.0,0.0,0.0,8.98,2.69,0.0
20230401:0511,0.0,0.0,0.0,8.93,2.83,0.0
20230401:0611,35.02,57.16,8.94,8.93,3.1,0.0
20230401:0711,72.76,101.01,17.72,9.14,3.45,0.0
20230401:0811,126.1,161.88,25.91,9.26,3.86,0.0
20230401:0911,89.32,120.02,32.96,9.26,4.48,0.0
20230401:1011,176.35,218.52,38.21,9.29,5.03,0.0
20230401:1111,278.89,333.1,40.93,8.74,4.97,0.0
20230401:1211,360.21,422.86,40.65,7.96,5.38,0.0
20230401:1311,167.85,207.08,37.42,7.36,5.59,0.0
20230401:1411,155.91,193.25,31.79,6.81,5.45,0.0
20230401:1511,82.93,111.31,24.48,6.47,5.45,0.0
20230401:1611,23.16,40.65,16.15,6.11,5.38,0.0
20230401:1711,0.88,7.74,7.31,5.92,6.0,0.0
20230401:1811,0.0,0.0,0.0,5.65,5.93,0.0
20230401:1911,0.0,0.0,0.0,5.69,5.86,0.0
20230401:2011,0.0,0.0,0.0,5.42,5.79,0.0
20230401:2111,0.0,0.0,0.0,5.0,5.59,0.0
20230401:2211,0.0,0.0,0.0,4.42,5.45,0.0
20230401:2311,0.0,0.0,0.0,3.75,5.17,0.0
20230402:0011,0.0,0.0,0.0,3.0,5.52,0.0
20230402:0111,0.0,0.0,0.0,2.51,5.1,0.0
20230402:0211,0.0,0.0,0.0,2.07,4.9,0.0
20230402:0311,0.0,0.0,0.0,1.77,4.55,0.0
20230402:0411,0.0,0.0,0.0,1.76,4.34,0.0
20230402:0511,0.0,0.0,0.0,1.8,4.21,0.0
20230402:0611,91.12,129.27,9.3,2.11,4.28,0.0
20230402:0711,309.62,362.43,18.08,2.82,5.86,0.0
20230402:0811,528.87,602.07,26.28,3.59,5.66,0.0
20230402:0911,671.42,771.32,33.35,4.66,5.45,0.0
20230402:1011,793.46,927.84,38.6,5.91,5.24,0.0
20230402:1111,828.41,976.65,41.32,6.96,5.38,0.0
20230402:1211,805.75,951.19,41.02,7.82,5.45,0.0
20230402:1311,726.55,853.62,37.76,8.29,5.38,0.0
20230402:1411,594.84,695.47,32.1,8.48,5.24,0.0
20230402:1511,412.61,489.56,24.77,8.38,5.17,0.0
20230402:1611,192.24,256.03,16.42,8.02,5.1,0.0
20230402:1711,26.11,62.71,7.57,7.33,4.41,0.0
20230402:1811,0.0,0.0,0.0,6.16,4.14,0.0
20230402:1911,0.0,0.0,0.0,5.34,4.21,0.0
20230402:2011,0.0,0.0,0.0,4.49,4.21,0.0
20230402:2111,0.0,0.0,0.0,3.68,4.0,0.0
20230402:2211,0.0,0.0,0.0,2.96,3.72,0.0
20230402:2311,0.0,0.0,0.0,2.33,3.52,0.0
20230403:0011,0.0,0.0,0.0,1.8,3.38,0.0
20230403:0111,0.0,0.0,0.0,1.28,3.17,0.0
20230403:0211,0.0,0.0,0.0,0.72,2.97,0.0
20230403:0311,0.0,0.0,0.0,0.22,2.83,0.0
20230403:0411,0.0,0.0,0.0,-0.23,2.69,0.0
20230403:0511,0.0,0.0,0.0,-0.6,2.69,0.0
20230403:0611,130.02,180.33,9.65,-0.33,2.48,0.0
20230403:0711,349.88,410.09,18.44,1.06,2.48,0.0
20230403:0811,530.95,613.44,26.65,2.85,2.69,0.0
20230403:0911,665.38,782.69,33.73,4.5,2.55,0.0
20230403:1011,740.95,887.32,38.99,5.84,2.48,0.0
20230403:1111,809.82,982.2,41.71,6.72,2.62,0.0
20230403:1211,795.38,959.85,41.39,7.37,3.03,0.0
20230403:1311,720.49,857.77,38.1,7.92,3.59,0.0
20230403:1411,588.36,692.62,32.41,7.86,3.72,0.0
20230403:1511,408.96,486.04,25.05,7.67,3.93,0.0
20230403:1611,194.23,257.29,16.68,7.1,3.79,0.0
20230403:1711,27.48,64.97,7.83,6.45,3.45,0.0
20230403:1811,0.0,0.0,0.0,5.5,3.1,0.0
20230403:1911,0.0,0.0,0.0,4.16,2.83,0.0
20230403:2011,0.0,0.0,0.0,3.41,2.55,0.0
20230403:2111,0.0,0.0,0.0,2.8,2.48,0.0
20230403:2211,0.0,0.0,0.0,2.45,2.62,0.0
20230403:2311,0.0,0.0,0.0,2.05,2.69,0.0
20230404:0011,0.0,0.0,0.0,1.61,2.48,0.0
20230404:0111,0.0,0.0,0.0,0.97,2.14,0.0
20230404:0211,0.0,0.0,0.0,0.32,1.93,0.0
20230404:0311,0.0,0.0,0.0,-0.43,1.86,0.0
20230404:0411,0.0,0.0,0.0,-1.14,1.72,0.0
20230404:0511,0.0,0.0,0.0,-1.61,1.59,0.0
20230404:0611,119.4,163.83,10.0,-1.41,1.45,0.0
20230404:0711,344.75,406.88,18.8,0.93,1.17,0.0
20230404:0811,517.84,606.29,27.02,2.76,1.24,0.0
20230404:0911,650.05,772.26,34.11,4.25,1.59,0.0
20230404:1011,700.62,840.26,39.38,5.25,1.86,0.0
20230404:1111,649.23,779.38,42.09,5.93,1.72,0.0
20230404:1211,667.35,806.45,41.76,6.48,1.59,0.0
20230404:1311,572.49,684.49,38.44,6.88,1.66,0.0
20230404:1411,389.45,461.85,32.72,7.02,1.79,0.0
20230404:1511,229.04,278.06,25.33,7.02,2.0,0.0
20230404:1611,126.57,165.55,16.95,6.68,2.34,0.0
20230404:1711,34.49,60.11,8.09,5.92,2.41,0.0
20230404:1811,0.0,0.0,0.0,4.48,2.48,0.0
20230404:1911,0.0,0.0,0.0,3.49,2.62,0.0
20230404:2011,0.0,0.0,0.0,2.62,2.48,0.0
20230404:2111,0.0,0.0,0.0,1.91,2.34,0.0
20230404:2211,0.0,0.0,0.0,1.22,2.21,0.0
20230404:2311,0.0,0.0,0.0,0.6,2.14,0.0
20230405:0011,0.0,0.0,0.0,-0.01,2.14,0.0
20230405:0111,0.0,0.0,0.0,-0.64,2.0,0.0
20230405:0211,0.0,0.0,0.0,-1.26,1.93,0.0
20230405:0311,0.0,0.0,0.0,-1.83,1.86,0.0
20230405:0411,0.0,0.0,0.0,-2.23,1.79,0.0
20230405:0511,0.0,0.0,0.0,-2.53,1.79,0.0
20230405:0611,137.38,186.61,10.35,-1.76,1.59,0.0
20230405:0711,341.41,402.88,19.15,1.58,1.45,0.0
20230405:0811,521.97,612.88,27.38,3.98,1.52,0.0
20230405:0911,649.7,773.21,34.48,5.92,2.07,0.0
20230405:1011,735.96,886.41,39.77,6.84,2.41,0.0
20230405:1111,776.58,944.79,42.48,7.54,2.41,0.0
20230405:1211,781.41,954.53,42.13,8.06,2.34,0.0
20230405:1311,695.06,841.29,38.78,8.39,2.21,0.0
20230405:1411,550.12,658.57,33.02,8.54,2.0,0.0
20230405:1511,400.7,484.78,25.61,8.53,1.66,0.0
20230405:1611,193.99,258.98,17.21,8.24,1.45,0.0
20230405:1711,32.86,69.14,8.35,7.41,1.79,0.0
20230405:1811,0.0,0.0,0.0,5.63,2.55,0.0
20230405:1911,0.0,0.0,0.0,4.33,2.83,0.0
20230405:2011,0.0,0.0,0.0,3.27,2.97,0.0
20230405:2111,0.0,0.0,0.0,2.54,2.97,0.0
20230405:2211,0.0,0.0,0.0,1.95,2.9,0.0
20230405:2311,0.0,0.0,0.0,1.48,2.76,0.0
20230406:0011,0.0,0.0,0.0,1.12,2.69,0.0
20230406:0111,0.0,0.0,0.0,0.8,2.62,0.0
20230406:0211,0.0,0.0,0.0,0.52,2.69,0.0
20230406:0311,0.0,0.0,0.0,0.3,2.69,0.0
20230406:0411,0.0,0.0,0.0,0.08,2.69,0.0
20230406:0511,0.0,0.97,1.78,-0.12,2.69,0.0
20230406:0611,127.32,173.03,10.7,0.4,2.55,0.0
20230406:0711,333.25,391.12,19.51,2.19,2.69,0.0
20230406:0811,512.36,594.18,27.74,4.41,2.97,0.0
20230406:0911,644.56,759.08,34.86,6.49,3.17,0.0
20230406:1011,721.61,863.79,40.15,8.35,3.38,0.0
20230406:1111,682.19,816.95,42.86,9.75,3.86,0.0
20230406:1211,505.25,600.8,42.49,10.66,4.21,0.0
20230406:1311,493.36,587.23,39.12,11.21,4.21,0.0
20230406:1411,390.55,466.44,33.33,11.46,4.07,0.0
20230406:1511,227.48,279.75,25.89,11.34,3.93,0.0
20230406:1611,128.05,169.75,17.48,10.81,3.45,0.0
20230406:1711,30.71,52.41,8.61,9.85,3.1,0.0
20230406:1811,0.0,0.0,0.0,8.67,2.97,0.0
20230406:1911,0.0,0.0,0.0,8.08,2.69,0.0
20230406:2011,0.0,0.0,0.0,7.71,2.97,0.0
20230406:2111,0.0,0.0,0.0,7.52,3.31,0.0
20230406:2211,0.0,0.0,0.0,7.4,3.45,0.0
20230406:2311,0.0,0.0,0.0,7.27,3.38,0.0
20230407:0011,0.0,0.0,0.0,7.1,3.24,0.0
20230407:0111,0.0,0.0,0.0,6.76,3.17,0.0
20230407:0211,0.0,0.0,0.0,6.54,3.1,0.0
20230407:0311,0.0,0.0,0.0,6.2,3.03,0.0
20230407:0411,0.0,0.0,0.0,5.76,2.97,0.0
20230407:0511,0.0,0.97,2.12,5.32,2.97,0.0
20230407:0611,53.35,78.43,11.05,5.21,2.97,0.0
20230407:0711,119.3,152.19,19.86,5.5,3.1,0.0
20230407:0811,353.93,413.35,28.1,6.08,3.66,0.0
20230407:0911,599.29,700.6,35.23,7.33,4.21,0.0
20230407:1011,728.01,865.3,40.53,8.72,4.28,0.0
20230407:1111,770.8,922.41,43.25,10.08,4.83,0.0
20230407:1211,737.86,884.99,42.86,11.19,4.83,0.0
20230407:1311,667.41,799.63,39.45,11.94,4.55,0.0
20230407:1411,537.74,642.91,33.63,12.56,4.34,0.0
20230407:1511,377.62,459.16,26.17,12.71,3.79,0.0
20230407:1611,188.67,253.85,17.74,12.38,3.45,0.0
20230407:1711,34.97,72.01,8.86,11.24,3.52,0.0
20230407:1811,0.0,0.0,0.0,9.43,4.07,0.0
20230407:1911,0.0,0.0,0.0,7.79,4.07,0.0
20230407:2011,0.0,0.0,0.0,6.64,3.72,0.0
20230407:2111,0.0,0.0,0.0,5.64,3.59,0.0
20230407:2211,0.0,0.0,0.0,4.74,3.45,0.0
20230407:2311,0.0,0.0,0.0,4.13,3.24,0.0
20230408:0011,0.0,0.0,0.0,3.62,2.83,0.0
20230408:0111,0.0,0.0,0.0,3.51,2.34,0.0
20230408:0211,0.0,0.0,0.0,3.49,1.93,0.0
20230408:0311,0.0,0.0,0.0,3.73,1.93,0.0
20230408:0411,0.0,0.0,0.0,4.08,1.93,0.0
20230408:0511,0.0,1.94,2.47,4.49,2.14,0.0
20230408:0611,60.85,87.65,11.39,5.0,2.14,0.0
20230408:0711,198.2,241.03,20.21,5.51,2.76,0.0
20230408:0811,132.2,167.15,28.46,6.22,2.48,0.0
20230408:0911,147.09,184.43,35.6,6.79,2.48,0.0
20230408:1011,161.87,201.83,40.91,7.78,2.76,0.0
20230408:1111,227.16,276.95,43.63,8.98,3.03,0.0
20230408:1211,277.49,335.8,43.22,9.97,2.97,0.0
20230408:1311,308.8,372.88,39.78,10.75,2.9,0.0
20230408:1411,472.42,566.84,33.93,11.35,2.83,0.0
20230408:1511,349.81,425.83,26.45,11.91,2.9,0.0
20230408:1611,129.79,172.94,18.0,12.19,2.76,0.0
20230408:1711,38.38,65.92,9.12,11.87,2.0,0.0
20230408:1811,0.0,0.0,0.0,11.04,1.86,0.0
20230408:1911,0.0,0.0,0.0,9.78,1.93,0.0
20230408:2011,0.0,0.0,0.0,9.22,1.93,0.0
20230408:2111,0.0,0.0,0.0,8.83,1.93,0.0
20230408:2211,0.0,0.0,0.0,8.69,1.72,0.0
20230408:2311,0.0,0.0,0.0,8.34,1.66,0.0
20230409:0011,0.0,0.0,0.0,8.14,1.59,0.0
20230409:0111,0.0,0.0,0.0,7.97,1.59,0.0
20230409:0211,0.0,0.0,0.0,7.76,1.59,0.0
20230409:0311,0.0,0.0,0.0,7.52,1.59,0.0
20230409:0411,0.0,0.0,0.0,7.03,1.66,0.0
20230409:0511,0.0,1.94,2.81,6.82,1.59,0.0
20230409:0611,63.47,91.31,11.74,6.83,1.52,0.0
20230409:0711,153.71,192.45,20.55,7.16,2.28,0.0
20230409:0811,171.98,213.4,28.82,8.29,2.55,0.0
20230409:0911,430.27,510.34,35.97,9.29,3.03,0.0
20230409:1011,585.55,702.06,41.29,10.51,3.24,0.0
20230409:1111,597.4,720.45,44.0,11.64,3.45,0.0
20230409:1211,602.3,728.43,43.58,12.6,3.66,0.0
20230409:1311,601.62,727.95,40.11,13.25,3.72,0.0
20230409:1411,493.81,595.01,34.23,13.48,3.72,0.0
20230409:1511,374.93,457.33,26.72,13.51,3.79,0.0
20230409:1611,192.74,258.93,18.26,13.05,3.59,0.0
20230409:1711,36.7,77.7,9.37,12.3,3.24,0.0
20230409:1811,0.0,0.0,0.0,11.03,3.03,0.0
20230409:1911,0.0,0.0,0.0,10.58,3.17,0.0
20230409:2011,0.0,0.0,0.0,9.6,3.38,0.0
20230409:2111,0.0,0.0,0.0,9.09,3.24,0.0
20230409:2211,0.0,0.0,0.0,8.43,3.1,0.0
20230409:2311,0.0,0.0,0.0,8.23,3.17,0.0
20230410:0011,0.0,0.0,0.0,7.84,3.31,0.0
20230410:0111,0.0,0.0,0.0,7.69,3.38,0.0
20230410:0211,0.0,0.0,0.0,7.37,3.52,0.0
20230410:0311,0.0,0.0,0.0,7.09,3.59,0.0
20230410:0411,0.0,0.0,0.0,6.86,3.66,0.0
20230410:0511,0.0,2.9,3.15,6.74,3.79,0.0
20230410:0611,19.29,35.81,12.07,7.21,3.93,0.0
20230410:0711,162.42,202.59,20.9,8.33,3.79,0.0
20230410:0811,400.56,472.42,29.17,9.92,4.69,0.0
20230410:0911,584.1,691.26,36.34,11.68,5.59,0.0
20230410:1011,472.06,561.36,41.67,12.76,6.14,0.0
20230410:1111,564.02,672.79,44.38,13.78,6.76,0.0
20230410:1211,441.77,529.14,43.94,14.52,7.03,0.0
20230410:1311,515.5,616.37,40.44,14.93,7.03,0.0
20230410:1411,106.79,143.25,34.53,15.26,6.62,0.0
20230410:1511,41.1,64.85,26.99,14.7,6.41,0.0
20230410:1611,19.37,36.78,18.52,13.68,6.14,0.0
20230410:1711,2.7,11.62,9.63,12.58,6.62,0.0
20230410:1811,0.0,0.0,0.0,11.04,7.1,0.0
20230410:1911,0.0,0.0,0.0,10.77,6.41,0.0
20230410:2011,0.0,0.0,0.0,10.21,5.86,0.0
20230410:2111,0.0,0.0,0.0,10.01,5.59,0.0
20230410:2211,0.0,0.0,0.0,9.7,5.86,0.0
20230410:2311,0.0,0.0,0.0,9.31,6.14,0.0
20230411:0011,0.0,0.0,0.0,8.58,5.03,0.0
20230411:0111,0.0,0.0,0.0,7.93,4.83,0.0
20230411:0211,0.0,0.0,0.0,7.37,4.97,0.0
20230411:0311,0.0,0.0,0.0,6.93,4.83,0.0
20230411:0411,0.0,0.0,0.0,6.54,4.48,0.0
20230411:0511,0.0,2.9,3.49,6.36,4.55,0.0
20230411:0611,9.48,22.26,12.41,6.68,4.9,0.0
20230411:0711,175.33,215.62,21.24,7.39,5.52,0.0
20230411:0811,182.99,223.92,29.52,7.93,6.0,0.0
20230411:0911,255.04,304.99,36.7,8.52,6.07,0.0
20230411:1011,281.61,336.45,42.04,9.39,6.07,0.0
20230411:1111,183.79,225.99,44.75,8.77,6.69,0.0
20230411:1211,121.42,155.84,44.29,8.6,6.62,0.0
20230411:1311,291.65,348.05,40.76,9.5,5.86,0.0
20230411:1411,251.43,303.48,34.82,10.05,5.38,0.0
20230411:1511,318.96,381.72,27.26,9.91,5.24,0.0
20230411:1611,199.38,260.29,18.77,9.19,5.17,0.0
20230411:1711,40.14,82.22,9.88,8.91,4.0,0.0
20230411:1811,0.0,0.0,0.0,8.14,2.55,0.0
20230411:1911,0.0,0.0,0.0,7.03,1.66,0.0
20230411:2011,0.0,0.0,0.0,5.66,2.41,0.0
20230411:2111,0.0,0.0,0.0,5.03,2.9,0.0
20230411:2211,0.0,0.0,0.0,5.15,3.38,0.0
20230411:2311,0.0,0.0,0.0,5.69,3.93,0.0
20230412:0011,0.0,0.0,0.0,6.1,4.48,0.0
20230412:0111,0.0,0.0,0.0,6.43,4.76,0.0
20230412:0211,0.0,0.0,0.0,6.68,4.9,0.0
20230412:0311,0.0,0.0,0.0,6.79,5.1,0.0
20230412:0411,0.0,0.0,0.0,6.9,5.17,0.0
20230412:0511,0.0,2.9,3.83,7.01,5.59,0.0
20230412:0611,28.4,47.43,12.74,7.05,5.72,0.0
20230412:0711,41.03,62.92,21.57,7.28,5.93,0.0
20230412:0811,48.27,71.63,29.87,7.56,5.79,0.0
20230412:0911,53.95,78.4,37.06,7.75,5.17,0.0
20230412:1011,42.48,64.85,42.41,7.89,4.34,0.0
20230412:1111,412.87,487.92,45.12,8.31,3.66,0.0
20230412:1211,429.09,511.69,44.65,9.32,2.83,0.0
20230412:1311,585.64,703.22,41.09,9.91,2.69,0.0
20230412:1411,28.63,48.4,35.11,10.49,2.9,0.0
20230412:1511,170.51,214.2,27.53,10.43,2.41,0.0
20230412:1611,135.14,177.34,19.03,10.47,2.28,0.0
20230412:1711,43.48,70.11,10.13,9.42,2.69,0.0
20230412:1811,0.0,0.0,0.0,8.34,2.76,0.0
20230412:1911,0.0,0.0,0.0,7.14,2.14,0.0
20230412:2011,0.0,0.0,0.0,6.11,2.34,0.0
20230412:2111,0.0,0.0,0.0,5.68,2.34,0.0
20230412:2211,0.0,0.0,0.0,5.13,2.9,0.0
20230412:2311,0.0,0.0,0.0,4.75,3.52,0.0
20230413:0011,0.0,0.0,0.0,4.69,4.07,0.0
20230413:0111,0.0,0.0,0.0,4.61,4.41,0.0
20230413:0211,0.0,0.0,0.0,4.78,4.69,0.0
20230413:0311,0.0,0.0,0.0,5.07,5.17,0.0
20230413:0411,0.0,0.0,0.0,5.12,5.86,0.0
20230413:0511,5.27,16.31,4.16,5.04,6.0,0.0
20230413:0611,174.48,231.41,13.08,5.64,5.72,0.0
20230413:0711,283.32,336.4,21.91,6.75,5.1,0.0
20230413:0811,154.42,192.24,30.21,7.63,5.31,0.0
20230413:0911,120.34,154.87,37.42,8.85,6.0,0.0
20230413:1011,680.15,799.78,42.78,9.79,6.34,0.0
20230413:1111,767.95,909.55,45.49,10.08,6.34,0.0
20230413:1211,298.78,357.68,45.0,10.43,6.21,0.0
20230413:1311,105.86,139.38,41.41,10.34,5.72,0.0
20230413:1411,159.6,200.98,35.4,10.82,5.03,0.0
20230413:1511,135.28,173.3,27.8,10.72,4.83,0.0
20230413:1611,185.93,241.34,19.28,10.15,4.48,0.0
20230413:1711,44.72,86.84,10.38,9.67,3.45,0.0
20230413:1811,0.0,0.0,0.0,8.91,2.55,0.0
20230413:1911,0.0,0.0,0.0,8.07,2.41,0.0
20230413:2011,0.0,0.0,0.0,7.21,2.41,0.0
20230413:2111,0.0,0.0,0.0,6.54,2.48,0.0
20230413:2211,0.0,0.0,0.0,5.9,2.62,0.0
20230413:2311,0.0,0.0,0.0,5.41,2.62,0.0
20230414:0011,0.0,0.0,0.0,4.83,2.48,0.0
20230414:0111,0.0,0.0,0.0,4.15,2.34,0.0
20230414:0211,0.0,0.0,0.0,3.48,2.21,0.0
20230414:0311,0.0,0.0,0.0,2.85,2.21,0.0
20230414:0411,0.0,0.0,0.0,2.25,2.0,0.0
20230414:0511,6.61,18.22,4.49,1.85,1.79,0.0
20230414:0611,169.4,223.36,13.4,3.07,1.17,0.0
20230414:0711,317.05,380.52,22.24,6.51,1.38,0.0
20230414:0811,528.0,634.19,30.55,8.86,1.59,0.0
20230414:0911,659.57,801.16,37.77,10.75,2.48,0.0
20230414:1011,723.54,883.75,43.15,11.78,3.24,0.0
20230414:1111,634.52,773.39,45.86,12.65,3.24,0.0
20230414:1211,441.32,535.55,45.34,13.12,2.97,0.0
20230414:1311,356.75,434.99,41.73,13.46,2.69,0.0
20230414:1411,371.39,452.41,35.69,13.61,2.55,0.0
20230414:1511,286.07,352.33,28.06,13.48,2.76,0.0
20230414:1611,183.04,241.46,19.53,13.16,3.03,0.0
20230414:1711,44.43,89.89,10.63,12.24,2.83,0.0
20230414:1811,0.0,0.94,1.77,10.86,2.83,0.0
20230414:1911,0.0,0.0,0.0,9.5,3.17,0.0
20230414:2011,0.0,0.0,0.0,8.63,3.17,0.0
20230414:2111,0.0,0.0,0.0,7.75,3.24,0.0
20230414:2211,0.0,0.0,0.0,7.0,3.03,0.0
20230414:2311,0.0,0.0,0.0,6.18,2.62,0.0
20230415:0011,0.0,0.0,0.0,5.42,2.28,0.0
20230415:0111,0.0,0.0,0.0,4.76,2.0,0.0
20230415:0211,0.0,0.0,0.0,4.17,2.07,0.0
20230415:0311,0.0,0.0,0.0,3.91,2.41,0.0
20230415:0411,0.0,0.0,0.0,4.09,2.76,0.0
20230415:0511,9.07,22.06,4.82,4.62,3.03,0.0
20230415:0611,86.03,117.22,13.73,6.09,3.24,0.0
20230415:0711,91.48,121.44,22.57,7.34,5.31,0.0
20230415:0811,176.64,217.43,30.89,8.38,5.86,0.0
20230415:0911,176.96,218.25,38.12,8.67,6.21,0.0
20230415:1011,224.28,271.44,43.51,8.69,6.0,0.0
20230415:1111,204.75,249.64,46.22,8.71,6.14,0.0
20230415:1211,141.04,178.1,45.69,8.72,6.07,0.0
20230415:1311,82.07,111.31,42.04,8.78,6.28,0.0
20230415:1411,76.95,105.5,35.98,8.87,5.93,0.0
20230415:1511,75.14,103.57,28.33,9.17,5.45,0.0
20230415:1611,64.13,90.99,19.78,9.61,4.97,0.0
20230415:1711,40.35,64.03,10.87,9.59,3.93,0.0
20230415:1811,0.0,1.88,2.02,9.22,3.66,0.0
20230415:1911,0.0,0.0,0.0,8.4,3.86,0.0
20230415:2011,0.0,0.0,0.0,8.11,3.79,0.0
20230415:2111,0.0,0.0,0.0,7.86,3.52,0.0
20230415:2211,0.0,0.0,0.0,7.62,3.17,0.0
20230415:2311,0.0,0.0,0.0,7.2,2.97,0.0
20230416:0011,0.0,0.0,0.0,6.99,2.69,0.0
20230416:0111,0.0,0.0,0.0,6.75,2.62,0.0
20230416:0211,0.0,0.0,0.0,6.54,2.55,0.0
20230416:0311,0.0,0.0,0.0,6.51,2.55,0.0
20230416:0411,0.0,0.0,0.0,6.65,2.41,0.0
20230416:0511,1.8,9.68,5.14,6.71,2.28,0.0
20230416:0611,63.2,89.95,14.05,7.3,1.93,0.0
20230416:0711,186.08,230.73,22.89,8.93,2.07,0.0
20230416:0811,258.39,313.89,31.23,10.16,2.28,0.0
20230416:0911,352.39,424.02,38.47,11.35,3.03,0.0
20230416:1011,219.83,272.36,43.87,12.3,3.31,0.0
20230416:1111,316.86,386.12,46.58,12.79,3.17,0.0
20230416:1211,456.41,553.15,46.03,13.46,3.38,0.0
20230416:1311,344.63,418.24,42.36,13.48,3.86,0.0
20230416:1411,280.28,341.91,36.26,12.98,3.93,0.0
20230416:1511,365.09,443.15,28.59,12.85,3.86,0.0
20230416:1611,215.82,285.56,20.03,12.22,3.72,0.0
20230416:1711,47.34,93.63,11.12,11.52,3.38,0.0
20230416:1811,0.0,1.88,2.27,10.48,2.97,0.0
20230416:1911,0.0,0.0,0.0,9.17,2.55,0.0
20230416:2011,0.0,0.0,0.0,8.25,2.48,0.0
20230416:2111,0.0,0.0,0.0,7.65,2.41,0.0
20230416:2211,0.0,0.0,0.0,7.44,2.21,0.0
20230416:2311,0.0,0.0,0.0,7.27,2.0,0.0
20230417:0011,0.0,0.0,0.0,7.13,1.79,0.0
20230417:0111,0.0,0.0,0.0,6.85,1.66,0.0
20230417:0211,0.0,0.0,0.0,6.46,1.66,0.0
20230417:0311,0.0,0.0,0.0,5.9,1.66,0.0
20230417:0411,0.0,0.0,0.0,5.52,1.72,0.0
20230417:0511,11.9,26.62,5.46,5.24,1.72,0.0
20230417:0611,98.47,132.56,14.37,6.61,1.31,0.0
20230417:0711,222.23,272.62,23.22,9.08,1.79,0.0
20230417:0811,294.98,357.09,31.56,10.83,2.28,0.0
20230417:0911,462.84,556.88,38.81,12.28,3.17,0.0
20230417:1011,705.01,861.08,44.22,13.13,3.72,0.0
20230417:1111,772.24,950.36,46.93,13.59,3.93,0.0
20230417:1211,755.2,928.58,46.37,14.04,4.0,0.0
20230417:1311,699.03,855.03,42.67,14.33,3.93,0.0
20230417:1411,572.15,692.38,36.54,14.29,4.0,0.0
20230417:1511,409.68,498.74,28.85,14.09,4.21,0.0
20230417:1611,218.54,289.86,20.28,13.61,4.48,0.0
20230417:1711,49.59,96.36,11.36,12.81,4.62,0.0
20230417:1811,0.0,4.71,2.52,11.43,4.83,0.0
20230417:1911,0.0,0.0,0.0,10.38,4.83,0.0
20230417:2011,0.0,0.0,0.0,9.22,4.97,0.0
20230417:2111,0.0,0.0,0.0,8.22,4.48,0.0
20230417:2211,0.0,0.0,0.0,7.43,4.07,0.0
20230417:2311,0.0,0.0,0.0,6.91,4.07,0.0
20230418:0011,0.0,0.0,0.0,6.43,4.21,0.0
20230418:0111,0.0,0.0,0.0,6.02,4.28,0.0
20230418:0211,0.0,0.0,0.0,5.68,4.21,0.0
20230418:0311,0.0,0.0,0.0,5.38,4.14,0.0
20230418:0411,0.0,0.0,0.0,5.25,4.0,0.0
20230418:0511,4.53,14.52,5.77,5.19,3.93,0.0
20230418:0611,187.86,244.81,14.68,5.87,3.59,0.0
20230418:0711,387.02,455.38,23.53,7.01,4.69,0.0
20230418:0811,568.11,663.31,31.88,8.31,4.9,0.0
20230418:0911,690.39,815.49,39.15,9.6,5.1,0.0
20230418:1011,762.54,909.46,44.58,10.66,5.52,0.0
20230418:1111,710.54,845.4,47.29,11.5,6.28,0.0
20230418:1211,450.89,536.22,46.71,11.99,5.93,0.0
20230418:1311,329.44,395.73,42.98,12.08,5.59,0.0
20230418:1411,138.79,178.1,36.82,11.93,5.45,0.0
20230418:1511,192.96,239.86,29.1,11.9,5.31,0.0
20230418:1611,201.17,261.19,20.52,11.67,4.97,0.0
20230418:1711,54.0,98.38,11.61,11.38,4.34,0.0
20230418:1811,0.35,6.59,2.77,11.01,4.41,0.0
20230418:1911,0.0,0.0,0.0,10.4,4.55,0.0
20230418:2011,0.0,0.0,0.0,9.95,4.62,0.0
20230418:2111,0.0,0.0,0.0,9.5,4.55,0.0
20230418:2211,0.0,0.0,0.0,8.96,4.28,0.0
20230418:2311,0.0,0.0,0.0,8.19,4.14,0.0
20230419:0011,0.0,0.0,0.0,7.37,4.0,0.0
20230419:0111,0.0,0.0,0.0,6.56,4.07,0.0
20230419:0211,0.0,0.0,0.0,5.8,4.14,0.0
20230419:0311,0.0,0.0,0.0,5.17,4.28,0.0
20230419:0411,0.0,0.0,0.0,4.7,4.28,0.0
20230419:0511,17.58,34.61,6.09,4.48,4.21,0.0
20230419:0611,196.9,254.41,14.99,5.24,4.07,0.0
20230419:0711,403.66,475.17,23.85,7.04,4.41,0.0
20230419:0811,581.24,679.71,32.21,8.66,5.03,0.0
20230419:0911,705.58,834.28,39.49,9.99,5.45,0.0
20230419:1011,805.48,964.2,44.93,11.01,5.79,0.0
20230419:1111,826.82,993.72,47.64,11.76,6.14,0.0
20230419:1211,798.32,958.08,47.04,12.27,6.28,0.0
20230419:1311,721.05,860.66,43.28,12.59,6.21,0.0
20230419:1411,566.32,671.26,37.1,12.64,6.28,0.0
20230419:1511,432.89,517.83,29.36,12.39,6.41,0.0
20230419:1611,231.29,301.96,20.77,11.85,6.07,0.0
20230419:1711,52.39,103.53,11.85,11.05,5.59,0.0
20230419:1811,1.17,8.48,3.02,9.93,5.03,0.0
20230419:1911,0.0,0.0,0.0,8.94,5.03,0.0
20230419:2011,0.0,0.0,0.0,8.18,4.41,0.0
20230419:2111,0.0,0.0,0.0,7.61,4.0,0.0
20230419:2211,0.0,0.0,0.0,7.34,4.14,0.0
20230419:2311,0.0,0.0,0.0,7.24,4.62,0.0
20230420:0011,0.0,0.0,0.0,7.22,4.9,0.0
20230420:0111,0.0,0.0,0.0,7.16,5.1,0.0
20230420:0211,0.0,0.0,0.0,7.12,5.45,0.0
20230420:0311,0.0,0.0,0.0,6.98,5.59,0.0
20230420:0411,0.0,0.0,0.0,6.61,5.45,0.0
20230420:0511,5.09,15.49,6.4,6.09,5.24,0.0
20230420:0611,23.17,40.65,15.3,5.98,4.9,0.0
20230420:0711,44.41,66.79,24.16,6.54,5.24,0.0
20230420:0811,127.91,162.07,32.53,6.86,5.66,0.0
20230420:0911,171.12,210.48,39.83,7.15,6.0,0.0
20230420:1011,164.3,203.27,45.27,7.47,5.72,0.0
20230420:1111,209.69,255.39,47.99,8.63,5.52,0.0
20230420:1211,305.27,364.74,47.38,9.89,5.79,0.0
20230420:1311,300.95,360.87,43.59,11.06,6.34,0.0
20230420:1411,274.57,331.83,37.37,11.83,6.14,0.0
20230420:1511,141.22,180.81,29.61,11.96,5.66,0.0
20230420:1611,106.57,141.88,21.01,12.12,5.52,0.0
20230420:1711,39.43,62.38,12.09,11.88,4.55,0.0
20230420:1811,0.0,2.83,3.26,11.61,4.28,0.0
20230420:1911,0.0,0.0,0.0,10.12,3.31,0.0
20230420:2011,0.0,0.0,0.0,9.92,3.72,0.0
20230420:2111,0.0,0.0,0.0,9.67,4.28,0.0
20230420:2211,0.0,0.0,0.0,9.46,4.55,0.0
20230420:2311,0.0,0.0,0.0,9.24,4.76,0.0
20230421:0011,0.0,0.0,0.0,9.18,4.69,0.0
20230421:0111,0.0,0.0,0.0,8.86,4.69,0.0
20230421:0211,0.0,0.0,0.0,8.55,4.97,0.0
20230421:0311,0.0,0.0,0.0,8.36,5.24,0.0
20230421:0411,0.0,0.0,0.0,8.39,5.38,0.0
20230421:0511,32.17,68.91,6.7,8.51,5.31,0.0
20230421:0611,194.29,253.75,15.6,9.36,5.31,0.0
20230421:0711,388.21,463.21,24.47,10.66,5.03,0.0
20230421:0811,557.07,659.88,32.84,12.17,5.52,0.0
20230421:0911,680.77,818.14,40.15,13.9,5.59,0.0
20230421:1011,769.09,939.24,45.61,15.55,5.72,0.0
20230421:1111,795.7,979.54,48.33,16.88,6.0,0.0
20230421:1211,766.4,938.59,47.7,17.76,6.97,0.0
20230421:1311,618.48,752.53,43.89,18.33,7.1,0.0
20230421:1411,523.87,637.48,37.64,18.47,6.48,0.0
20230421:1511,403.16,496.83,29.86,18.42,6.0,0.0
20230421:1611,220.13,295.38,21.25,17.95,5.24,0.0
20230421:1711,53.96,104.75,12.32,17.2,4.9,0.0
20230421:1811,2.97,12.25,3.51,16.02,4.55,0.0
20230421:1911,0.0,0.0,0.0,15.45,4.97,0.0
20230421:2011,0.0,0.0,0.0,14.67,5.03,0.0
20230421:2111,0.0,0.0,0.0,14.06,5.52,0.0
20230421:2211,0.0,0.0,0.0,13.63,5.86,0.0
20230421:2311,0.0,0.0,0.0,13.31,5.52,0.0
20230422:0011,0.0,0.0,0.0,12.53,4.69,0.0
20230422:0111,0.0,0.0,0.0,11.79,4.55,0.0
20230422:0211,0.0,0.0,0.0,11.07,4.21,0.0
20230422:0311,0.0,0.0,0.0,10.47,3.79,0.0
20230422:0411,0.0,0.0,0.0,9.76,3.38,0.0
20230422:0511,24.06,44.87,7.0,9.28,3.03,0.0
20230422:0611,92.23,125.57,15.9,10.04,2.55,0.0
20230422:0711,164.62,208.35,24.77,11.8,2.69,0.0
20230422:0811,319.93,389.7,33.16,13.44,2.83,0.0
20230422:0911,651.28,804.0,40.48,15.18,2.97,0.0
20230422:1011,659.0,818.93,45.95,16.7,3.45,0.0
20230422:1111,645.02,803.28,48.67,17.99,3.93,0.0
20230422:1211,709.08,889.94,48.03,19.08,4.14,0.0
20230422:1311,430.54,534.69,44.18,19.79,4.28,0.0
20230422:1411,504.43,625.81,37.91,20.23,4.34,0.0
20230422:1511,49.14,76.47,30.11,20.16,4.55,0.0
20230422:1611,39.53,63.88,21.49,18.44,4.9,0.0
20230422:1711,8.33,21.29,12.56,16.51,4.48,0.0
20230422:1811,0.7,7.54,3.75,15.34,4.07,0.0
20230422:1911,0.0,0.0,0.0,12.98,3.52,0.0
20230422:2011,0.0,0.0,0.0,11.68,3.1,0.0
20230422:2111,0.0,0.0,0.0,10.61,2.76,0.0
20230422:2211,0.0,0.0,0.0,9.83,2.41,0.0
20230422:2311,0.0,0.0,0.0,9.33,2.14,0.0
20230423:0011,0.0,0.0,0.0,8.9,2.0,0.0
20230423:0111,0.0,0.0,0.0,8.46,2.14,0.0
20230423:0211,0.0,0.0,0.0,7.88,2.28,0.0
20230423:0311,0.0,0.0,0.0,7.34,2.21,0.0
20230423:0411,0.0,0.0,0.0,6.81,2.48,0.0
20230423:0511,27.05,48.58,7.3,6.73,2.55,0.0
20230423:0611,48.89,72.59,16.2,7.91,2.76,0.0
20230423:0711,150.3,189.51,25.07,9.14,3.24,0.0
20230423:0811,557.53,662.98,33.46,10.86,3.86,0.0
20230423:0911,473.77,566.57,40.8,12.9,4.83,0.0
20230423:1011,555.0,670.75,46.29,14.33,4.76,0.0
20230423:1111,587.56,713.67,49.01,15.32,5.1,0.0
20230423:1211,291.14,359.18,48.35,16.09,5.17,0.0
20230423:1311,578.15,707.28,44.48,16.48,4.41,0.0
20230423:1411,167.3,215.63,38.18,16.72,3.86,0.0
20230423:1511,310.39,382.65,30.36,15.53,3.86,0.0
20230423:1611,62.61,90.99,21.72,14.09,2.9,0.0
20230423:1711,25.89,45.49,12.8,13.7,1.31,0.0
20230423:1811,0.0,3.77,3.99,13.21,1.52,0.0
20230423:1911,0.0,0.0,0.0,12.09,2.21,0.0
20230423:2011,0.0,0.0,0.0,11.6,2.34,0.0
20230423:2111,0.0,0.0,0.0,11.41,2.28,0.0
20230423:2211,0.0,0.0,0.0,11.2,2.55,0.0
20230423:2311,0.0,0.0,0.0,10.95,2.97,0.0
20230424:0011,0.0,0.0,0.0,10.9,3.86,0.0
20230424:0111,0.0,0.0,0.0,10.71,4.69,0.0
20230424:0211,0.0,0.0,0.0,10.31,5.03,0.0
20230424:0311,0.0,0.0,0.0,9.93,5.03,0.0
20230424:0411,0.0,0.0,0.0,9.56,5.52,0.0
20230424:0511,0.44,6.78,7.59,9.31,5.45,0.0
20230424:0611,22.78,40.65,16.49,9.24,5.17,0.0
20230424:0711,62.5,89.05,25.36,9.42,4.14,0.0
20230424:0811,100.02,132.61,33.77,9.57,3.38,0.0
20230424:0911,53.36,78.4,41.12,9.58,2.83,0.0
20230424:1011,71.71,99.7,46.62,9.19,4.34,0.0
20230424:1111,140.02,177.13,49.34,8.64,4.97,0.0
20230424:1211,176.89,218.75,48.67,8.61,4.76,0.0
20230424:1311,165.45,206.17,44.77,9.05,4.97,0.0
20230424:1411,125.79,161.64,38.45,9.52,5.03,0.0
20230424:1511,137.03,174.62,30.6,9.94,5.24,0.0
20230424:1611,44.48,67.76,21.96,9.97,5.79,0.0
20230424:1711,64.56,95.74,13.03,9.25,5.59,0.0
20230424:1811,0.0,4.71,4.23,8.54,4.34,0.0
20230424:1911,0.0,0.0,0.0,8.25,4.83,0.0
20230424:2011,0.0,0.0,0.0,7.78,4.55,0.0
20230424:2111,0.0,0.0,0.0,7.64,4.62,0.0
20230424:2211,0.0,0.0,0.0,7.45,4.69,0.0
20230424:2311,0.0,0.0,0.0,7.02,4.76,0.0
20230425:0011,0.0,0.0,0.0,6.68,4.62,0.0
20230425:0111,0.0,0.0,0.0,6.38,4.55,0.0
20230425:0211,0.0,0.0,0.0,6.0,4.62,0.0
20230425:0311,0.0,0.0,0.0,5.69,4.48,0.0
20230425:0411,0.0,0.0,0.0,5.3,4.34,0.0
20230425:0511,13.69,28.07,7.88,5.18,4.28,0.0
20230425:0611,114.49,148.67,16.78,5.7,4.28,0.0
20230425:0711,119.38,152.1,25.65,6.16,5.52,0.0
20230425:0811,476.84,550.69,34.07,6.69,5.79,0.0
20230425:0911,359.74,421.24,41.43,7.41,5.66,0.0
20230425:1011,710.79,834.44,46.94,8.15,5.79,0.0
20230425:1111,503.06,588.96,49.67,8.59,5.93,0.0
20230425:1211,429.73,503.89,48.99,8.63,6.14,0.0
20230425:1311,286.46,340.92,45.06,8.45,6.07,0.0
20230425:1411,346.71,408.28,38.71,8.54,6.0,0.0
20230425:1511,354.9,417.66,30.85,8.11,6.41,0.0
20230425:1611,120.69,155.06,22.19,7.58,6.48,0.0
20230425:1711,72.67,112.97,13.26,7.21,5.86,0.0
20230425:1811,1.67,9.42,4.47,6.75,5.03,0.0
20230425:1911,0.0,0.0,0.0,5.98,4.41,0.0
20230425:2011,0.0,0.0,0.0,5.4,3.93,0.0
20230425:2111,0.0,0.0,0.0,5.04,3.66,0.0
20230425:2211,0.0,0.0,0.0,4.76,3.45,0.0
20230425:2311,0.0,0.0,0.0,4.43,3.38,0.0
20230426:0011,0.0,0.0,0.0,4.18,3.31,0.0
20230426:0111,0.0,0.0,0.0,4.12,3.31,0.0
20230426:0211,0.0,0.0,0.0,3.98,3.17,0.0
20230426:0311,0.0,0.0,0.0,4.0,3.17,0.0
20230426:0411,0.0,0.0,0.0,3.98,3.1,0.0
20230426:0511,25.65,44.26,8.17,4.08,2.83,0.0
20230426:0611,215.83,273.02,17.06,4.94,2.9,0.0
20230426:0711,284.2,336.31,25.94,5.95,3.79,0.0
20230426:0811,164.75,203.5,34.36,6.72,4.14,0.0
20230426:0911,404.12,472.45,41.74,7.01,4.55,0.0
20230426:1011,442.89,519.55,47.27,7.52,4.41,0.0
20230426:1111,300.55,357.96,50.0,8.0,4.41,0.0
20230426:1211,204.94,250.07,49.3,8.23,4.62,0.0
20230426:1311,309.32,367.75,45.34,8.41,4.83,0.0
20230426:1411,419.89,492.99,38.97,8.61,5.03,0.0
20230426:1511,274.28,328.18,31.09,8.5,4.97,0.0
20230426:1611,140.08,178.3,22.42,8.13,4.69,0.0
20230426:1711,64.78,93.53,13.49,7.58,4.21,0.0
20230426:1811,9.7,22.61,4.71,6.91,3.17,0.0
20230426:1911,0.0,0.0,0.0,5.85,2.55,0.0
20230426:2011,0.0,0.0,0.0,5.12,2.21,0.0
20230426:2111,0.0,0.0,0.0,4.39,2.21,0.0
20230426:2211,0.0,0.0,0.0,3.79,2.21,0.0
20230426:2311,0.0,0.0,0.0,3.34,2.21,0.0
20230427:0011,0.0,0.0,0.0,2.88,2.21,0.0
20230427:0111,0.0,0.0,0.0,2.96,2.14,0.0
20230427:0211,0.0,0.0,0.0,2.66,2.21,0.0
20230427:0311,0.0,0.0,0.0,2.32,2.14,0.0
20230427:0411,0.0,0.0,0.0,2.06,2.07,0.0
20230427:0511,50.31,94.27,8.45,2.25,1.86,0.0
20230427:0611,235.34,298.09,17.34,4.35,1.59,0.0
20230427:0711,420.85,499.68,26.22,6.19,1.79,0.0
20230427:0811,593.71,702.61,34.65,7.32,2.69,0.0
20230427:0911,523.72,621.62,42.04,7.93,2.62,0.0
20230427:1011,291.01,350.0,47.58,8.52,2.69,0.0
20230427:1111,165.71,207.14,50.32,8.83,2.83,0.0
20230427:1211,390.26,467.76,49.61,9.48,2.62,0.0
20230427:1311,397.32,477.51,45.63,9.99,2.34,0.0
20230427:1411,499.4,600.54,39.22,10.23,2.21,0.0
20230427:1511,269.51,328.71,31.33,10.23,2.0,0.0
20230427:1611,172.05,219.73,22.65,10.01,1.79,0.0
20230427:1711,62.96,91.78,13.72,9.5,2.28,0.0
20230427:1811,2.11,10.36,4.94,8.85,2.28,0.0
20230427:1911,0.0,0.0,0.0,7.14,3.03,0.0
20230427:2011,0.0,0.0,0.0,6.32,2.83,0.0
20230427:2111,0.0,0.0,0.0,6.02,2.9,0.0
20230427:2211,0.0,0.0,0.0,5.66,3.03,0.0
20230427:2311,0.0,0.0,0.0,5.45,3.17,0.0
20230428:0011,0.0,0.0,0.0,5.21,3.17,0.0
20230428:0111,0.0,0.0,0.0,5.16,3.45,0.0
20230428:0211,0.0,0.0,0.0,4.95,3.59,0.0
20230428:0311,0.0,0.0,0.0,4.8,3.66,0.0
20230428:0411,0.0,0.0,0.0,4.72,3.72,0.0
20230428:0511,27.12,46.18,8.73,4.93,3.72,0.0
20230428:0611,86.34,115.64,17.61,5.96,3.45,0.0
20230428:0711,112.4,144.9,26.49,6.61,3.59,0.0
20230428:0811,154.46,193.38,34.94,8.07,3.38,0.0
20230428:0911,203.67,249.8,42.34,8.98,3.66,0.0
20230428:1011,168.4,211.01,47.9,10.09,3.52,0.0
20230428:1111,236.78,290.34,50.64,10.94,3.45,0.0
20230428:1211,62.54,90.02,49.91,11.85,3.66,0.0
20230428:1311,44.54,68.72,45.91,13.01,3.59,0.0
20230428:1411,49.94,75.5,39.48,13.61,3.31,0.0
20230428:1511,23.65,42.59,31.56,14.1,2.83,0.0
20230428:1611,28.17,48.4,22.88,13.54,2.21,0.0
20230428:1711,63.95,94.55,13.94,12.56,1.86,0.0
20230428:1811,0.73,7.54,5.17,12.0,1.86,0.0
20230428:1911,0.0,0.0,0.0,11.16,1.79,0.0
20230428:2011,0.0,0.0,0.0,10.78,1.66,0.0
20230428:2111,0.0,0.0,0.0,10.32,2.07,0.0
20230428:2211,0.0,0.0,0.0,9.92,2.55,0.0
20230428:2311,0.0,0.0,0.0,9.61,2.83,0.0
20230429:0011,0.0,0.0,0.0,9.01,2.9,0.0
20230429:0111,0.0,0.0,0.0,8.39,2.83,0.0
20230429:0211,0.0,0.0,0.0,7.63,2.69,0.0
20230429:0311,0.0,0.0,0.0,6.98,2.83,0.0
20230429:0411,0.0,0.0,0.0,6.68,3.1,0.0
20230429:0511,8.16,20.33,9.0,6.99,3.24,0.0
20230429:0611,85.39,115.58,17.88,8.1,3.17,0.0
20230429:0711,324.53,387.69,26.77,9.28,3.66,0.0
20230429:0811,594.06,707.02,35.22,10.42,3.72,0.0
20230429:0911,711.19,855.42,42.64,11.35,4.21,0.0
20230429:1011,805.34,980.74,48.21,11.81,4.34,0.0
20230429:1111,832.31,1017.84,50.95,11.73,4.28,0.0
20230429:1211,806.4,986.42,50.21,11.89,4.0,0.0
20230429:1311,728.79,882.36,46.18,12.39,4.28,0.0
20230429:1411,203.04,252.51,39.73,12.61,4.55,0.0
20230429:1511,176.21,221.07,31.79,11.93,4.55,0.0
20230429:1611,124.95,162.53,23.1,10.99,4.34,0.0
20230429:1711,67.55,97.85,14.17,10.12,4.0,0.0
20230429:1811,14.21,29.2,5.4,9.11,3.38,0.0
20230429:1911,0.0,0.0,0.0,8.25,2.69,0.0
20230429:2011,0.0,0.0,0.0,7.37,2.48,0.0
20230429:2111,0.0,0.0,0.0,6.65,2.14,0.0
20230429:2211,0.0,0.0,0.0,5.9,1.86,0.0
20230429:2311,0.0,0.0,0.0,4.97,1.66,0.0
20230430:0011,0.0,0.0,0.0,4.18,1.59,0.0
20230430:0111,0.0,0.0,0.0,3.9,1.45,0.0
20230430:0211,0.0,0.0,0.0,3.93,1.31,0.0
20230430:0311,0.0,0.0,0.0,4.42,1.03,0.0
20230430:0411,0.0,0.0,0.0,4.81,0.83,0.0
20230430:0511,56.13,101.43,9.26,4.61,0.76,0.0
20230430:0611,191.5,242.72,18.14,5.3,0.48,0.0
20230430:0711,381.82,458.32,27.03,7.79,1.24,0.0
20230430:0811,423.75,508.79,35.49,8.63,1.17,0.0
20230430:0911,683.58,849.21,42.93,9.6,0.97,0.0
20230430:1011,759.08,967.46,48.51,10.74,0.83,0.0
20230430:1111,773.72,1004.64,51.26,11.91,0.55,0.0
20230430:1211,753.63,979.12,50.51,12.92,0.55,0.0
20230430:1311,682.72,876.77,46.46,13.54,0.48,0.0
20230430:1411,580.16,731.95,39.98,14.1,0.55,0.0
20230430:1511,429.87,537.42,32.03,14.43,0.76,0.0
20230430:1611,242.06,320.63,23.32,14.48,0.97,0.0
20230430:1711,69.17,127.48,14.39,14.36,1.03,0.0
20230430:1811,13.86,29.2,5.63,13.38,1.24,0.0
20230430:1911,0.0,0.0,0.0,10.94,2.62,0.0
20230430:2011,0.0,0.0,0.0,9.45,2.76,0.0
20230430:2111,0.0,0.0,0.0,8.5,2.69,0.0
20230430:2211,0.0,0.0,0.0,7.86,2.55,0.0
20230430:2311,0.0,0.0,0.0,7.37,2.55,0.0
20230501:0011,0.0,0.0,0.0,7.02,2.48,0.0
20230501:0111,0.0,0.0,0.0,6.78,2.48,0.0
20230501:0211,0.0,0.0,0.0,6.46,2.48,0.0
20230501:0311,0.0,0.0,0.0,6.2,2.41,0.0
20230501:0411,0.0,0.0,0.0,5.88,2.34,0.0
20230501:0511,41.21,65.51,9.53,5.97,2.21,0.0
20230501:0611,181.88,231.0,18.4,7.42,2.0,0.0
20230501:0711,321.13,387.06,27.29,9.33,1.93,0.0
20230501:0811,508.24,616.99,35.76,11.13,1.59,0.0
20230501:0911,612.72,764.34,43.21,12.86,1.17,0.0
20230501:1011,649.78,829.82,48.81,14.47,0.83,0.0
20230501:1111,723.83,944.62,51.57,15.55,0.76,0.0
20230501:1211,746.61,965.45,50.81,16.29,1.45,0.0
20230501:1311,690.58,865.13,46.73,16.62,2.83,0.0
20230501:1411,516.67,634.9,40.22,16.31,3.17,0.0
20230501:1511,226.35,284.2,32.25,15.61,3.1,0.0
20230501:1611,135.23,178.16,23.54,15.11,3.03,0.0
20230501:1711,74.88,110.16,14.61,14.24,2.55,0.0
20230501:1811,15.24,31.09,5.86,13.04,2.34,0.0
20230501:1911,0.0,0.0,0.0,11.24,2.55,0.0
20230501:2011,0.0,0.0,0.0,10.25,2.9,0.0
20230501:2111,0.0,0.0,0.0,9.48,3.17,0.0
20230501:2211,0.0,0.0,0.0,9.19,3.03,0.0
20230501:2311,0.0,0.0,0.0,9.1,3.17,0.0
20230502:0011,0.0,0.0,0.0,9.05,3.66,0.0
20230502:0111,0.0,0.0,0.0,8.98,3.79,0.0
20230502:0211,0.0,0.0,0.0,8.55,4.34,0.0
20230502:0311,0.0,0.0,0.0,7.78,4.76,0.0
20230502:0411,0.0,0.0,0.0,7.23,4.69,0.0
20230502:0511,11.48,25.17,9.78,6.94,4.41,0.0
20230502:0611,67.58,94.08,18.66,6.95,4.76,0.0
20230502:0711,0.0,0.0,0.0,7.36,4.9,0.0
20230502:0811,290.58,344.78,36.03,7.71,4.55,0.0
20230502:0911,430.44,506.18,43.49,8.3,4.41,0.0
20230502:1011,403.36,477.23,49.11,8.88,4.41,0.0
20230502:1111,406.25,482.09,51.87,9.42,4.48,0.0
20230502:1211,439.12,520.92,51.1,9.69,4.48,0.0
20230502:1311,289.45,347.87,46.99,9.91,4.69,0.0
20230502:1411,156.29,196.49,40.47,9.82,4.9,0.0
20230502:1511,163.05,203.84,32.48,9.56,4.9,0.0
20230502:1611,192.31,241.0,23.76,9.24,4.76,0.0
20230502:1711,81.24,131.61,14.83,8.79,4.28,0.0
20230502:1811,14.96,30.15,6.08,8.26,3.38,0.0
20230502:1911,0.0,0.0,0.0,7.63,2.76,0.0
20230502:2011,0.0,0.0,0.0,6.9,2.28,0.0
20230502:2111,0.0,0.0,0.0,6.19,1.86,0.0
20230502:2211,0.0,0.0,0.0,5.23,1.72,0.0
20230502:2311,0.0,0.0,0.0,4.36,1.59,0.0
20230503:0011,0.0,0.0,0.0,3.93,1.59,0.0
20230503:0111,0.0,0.0,0.0,3.49,1.72,0.0
20230503:0211,0.0,0.0,0.0,3.5,1.72,0.0
20230503:0311,0.0,0.0,0.0,3.66,1.59,0.0
20230503:0411,0.0,0.0,0.0,4.21,1.31,0.0
20230503:0511,20.28,36.78,10.04,4.49,1.31,0.0
20230503:0611,103.72,136.55,18.9,6.91,1.17,0.0
20230503:0711,169.5,211.07,27.8,7.82,1.52,0.0
20230503:0811,189.74,234.87,36.29,8.34,1.38,0.0
20230503:0911,267.03,324.81,43.77,8.81,1.31,0.0
20230503:1011,235.56,289.36,49.4,9.35,1.31,0.0
20230503:1111,314.76,383.44,52.17,9.99,1.31,0.0
20230503:1211,409.35,497.58,51.38,10.48,1.45,0.0
20230503:1311,560.97,684.31,47.26,10.87,1.79,0.0
20230503:1411,524.88,636.06,40.71,11.35,2.14,0.0
20230503:1511,439.4,532.4,32.7,11.36,2.41,0.0
20230503:1611,250.93,321.81,23.98,11.16,2.69,0.0
20230503:1711,76.08,135.79,15.05,10.66,2.97,0.0
20230503:1811,16.21,32.03,6.31,9.76,2.9,0.0
20230503:1911,0.0,0.0,0.0,8.02,3.59,0.0
20230503:2011,0.0,0.0,0.0,6.88,3.52,0.0
20230503:2111,0.0,0.0,0.0,6.16,3.31,0.0
20230503:2211,0.0,0.0,0.0,5.69,3.17,0.0
20230503:2311,0.0,0.0,0.0,5.36,3.03,0.0
20230504:0011,0.0,0.0,0.0,5.21,2.83,0.0
20230504:0111,0.0,0.0,0.0,5.05,2.76,0.0
20230504:0211,0.0,0.0,0.0,4.89,2.76,0.0
20230504:0311,0.0,0.0,0.0,4.76,2.83,0.0
20230504:0411,0.0,0.94,1.83,4.81,2.97,0.0
20230504:0511,18.75,34.85,10.28,5.14,2.9,0.0
20230504:0611,179.1,224.56,19.15,6.25,3.03,0.0
20230504:0711,330.9,393.06,28.05,7.94,3.31,0.0
20230504:0811,442.81,525.68,36.54,9.7,3.31,0.0
20230504:0911,517.84,621.79,44.04,11.38,3.31,0.0
20230504:1011,638.47,777.01,49.68,12.9,3.66,0.0
20230504:1111,736.95,908.04,52.46,14.07,3.93,0.0
20230504:1211,779.93,967.13,51.66,14.94,4.0,0.0
20230504:1311,686.11,844.21,47.51,15.69,4.07,0.0
20230504:1411,526.05,641.14,40.94,16.03,4.21,0.0
20230504:1511,315.75,389.44,32.93,16.32,4.41,0.0
20230504:1611,191.41,247.63,24.19,16.24,4.34,0.0
20230504:1711,85.23,128.35,15.26,15.42,3.79,0.0
20230504:1811,20.64,38.62,6.53,14.44,3.86,0.0
20230504:1911,0.0,0.0,0.0,13.34,4.07,0.0
20230504:2011,0.0,0.0,0.0,12.58,4.07,0.0
20230504:2111,0.0,0.0,0.0,12.07,4.41,0.0
20230504:2211,0.0,0.0,0.0,11.67,4.62,0.0
20230504:2311,0.0,0.0,0.0,11.35,4.69,0.0
20230505:0011,0.0,0.0,0.0,10.9,4.69,0.0
20230505:0111,0.0,0.0,0.0,10.55,4.76,0.0
20230505:0211,0.0,0.0,0.0,10.41,4.76,0.0
20230505:0311,0.0,0.0,0.0,10.28,4.69,0.0
20230505:0411,0.0,2.83,2.08,10.1,4.41,0.0
20230505:0511,2.75,11.62,10.53,9.97,4.0,0.0
20230505:0611,141.8,183.26,19.39,10.41,3.45,0.0
20230505:0711,227.55,279.04,28.29,11.2,3.72,0.0
20230505:0811,498.77,598.2,36.79,11.86,3.24,0.0
20230505:0911,690.46,849.55,44.3,13.31,2.83,0.0
20230505:1011,758.02,959.01,49.96,14.94,2.28,0.0
20230505:1111,758.99,988.34,52.75,16.48,1.31,0.0
20230505:1211,539.13,696.55,51.94,17.79,0.34,0.0
20230505:1311,203.38,264.35,47.77,18.44,0.07,0.0
20230505:1411,91.76,127.77,41.18,17.41,0.97,0.0
20230505:1511,54.2,81.31,33.14,15.32,2.28,0.0
20230505:1611,38.73,61.95,24.4,14.16,1.45,0.0
20230505:1711,15.09,30.97,15.47,13.79,1.03,0.0
20230505:1811,0.0,5.65,6.75,13.49,1.38,0.0
20230505:1911,0.0,0.0,0.0,12.69,1.59,0.0
20230505:2011,0.0,0.0,0.0,11.96,1.72,0.0
20230505:2111,0.0,0.0,0.0,11.22,2.0,0.0
20230505:2211,0.0,0.0,0.0,10.71,1.93,0.0
20230505:2311,0.0,0.0,0.0,9.77,1.79,0.0
20230506:0011,0.0,0.0,0.0,9.1,1.72,0.0
20230506:0111,0.0,0.0,0.0,8.54,1.66,0.0
20230506:0211,0.0,0.0,0.0,8.37,1.59,0.0
20230506:0311,0.0,0.0,0.0,8.24,1.24,0.0
20230506:0411,0.0,2.83,2.32,8.24,1.03,0.0
20230506:0511,6.19,17.42,10.76,8.79,1.24,0.0
20230506:0611,128.13,167.02,19.62,9.65,1.24,0.0
20230506:0711,126.47,164.45,28.53,10.89,1.24,0.0
20230506:0811,354.66,432.45,37.04,12.09,1.45,0.0
20230506:0911,329.96,407.34,44.56,13.75,1.38,0.0
20230506:1011,589.4,741.15,50.24,15.38,1.52,0.0
20230506:1111,589.3,744.8,53.03,16.32,1.59,0.0
20230506:1211,651.56,831.05,52.22,17.4,1.79,0.0
20230506:1311,383.96,480.82,48.02,17.85,1.93,0.0
20230506:1411,173.06,224.94,41.41,17.99,1.86,0.0
20230506:1511,30.5,52.27,33.36,17.91,2.21,0.0
20230506:1611,26.86,47.43,24.61,17.56,2.41,0.0
20230506:1711,33.15,55.17,15.68,15.63,3.03,0.0
20230506:1811,10.53,24.49,6.96,14.74,3.45,0.0
20230506:1911,0.0,0.0,0.0,13.77,4.0,0.0
20230506:2011,0.0,0.0,0.0,12.82,4.21,0.0
20230506:2111,0.0,0.0,0.0,12.08,4.28,0.0
20230506:2211,0.0,0.0,0.0,11.52,4.14,0.0
20230506:2311,0.0,0.0,0.0,11.15,4.14,0.0
20230507:0011,0.0,0.0,0.0,10.87,4.14,0.0
20230507:0111,0.0,0.0,0.0,10.58,4.07,0.0
20230507:0211,0.0,0.0,0.0,10.25,4.21,0.0
20230507:0311,0.0,0.0,0.0,9.81,4.21,0.0
20230507:0411,0.0,0.94,2.56,9.43,4.21,0.0
20230507:0511,15.48,30.97,10.99,9.33,4.14,0.0
20230507:0611,65.79,92.92,19.85,9.46,4.14,0.0
20230507:0711,102.72,135.51,28.76,9.49,4.28,0.0
20230507:0811,133.19,170.36,37.28,10.12,5.59,0.0
20230507:0911,286.56,344.9,44.81,10.89,5.59,0.0
20230507:1011,352.33,421.81,50.51,11.75,5.93,0.0
20230507:1111,691.65,829.71,53.31,12.71,5.93,0.0
20230507:1211,604.0,725.74,52.49,13.65,5.72,0.0
20230507:1311,651.76,789.43,48.27,15.36,5.59,0.0
20230507:1411,582.87,706.99,41.64,16.28,5.1,0.0
20230507:1511,435.18,532.94,33.57,16.68,4.62,0.0
20230507:1611,249.67,326.24,24.82,16.62,4.34,0.0
20230507:1711,87.8,134.49,15.89,16.11,3.72,0.0
20230507:1811,23.35,42.39,7.18,15.4,3.31,0.0
20230507:1911,0.0,0.0,0.0,14.63,3.59,0.0
20230507:2011,0.0,0.0,0.0,13.58,3.72,0.0
20230507:2111,0.0,0.0,0.0,12.62,3.86,0.0
20230507:2211,0.0,0.0,0.0,11.77,3.86,0.0
20230507:2311,0.0,0.0,0.0,11.11,3.72,0.0
20230508:0011,0.0,0.0,0.0,10.6,3.66,0.0
20230508:0111,0.0,0.0,0.0,10.08,3.52,0.0
20230508:0211,0.0,0.0,0.0,9.62,3.31,0.0
20230508:0311,0.0,0.0,0.0,9.2,3.17,0.0
20230508:0411,0.37,6.59,2.8,8.83,3.31,0.0
20230508:0511,73.13,124.51,11.22,9.05,3.17,0.0
20230508:0611,255.29,323.02,20.07,10.1,3.66,0.0
20230508:0711,301.5,363.71,28.98,11.14,3.79,0.0
20230508:0811,579.14,695.39,37.51,12.57,3.79,0.0
20230508:0911,700.02,854.43,45.06,13.94,3.93,0.0
20230508:1011,737.56,914.02,50.77,15.51,3.86,0.0
20230508:1111,795.0,1003.8,53.58,17.05,3.59,0.0
20230508:1211,764.77,966.69,52.75,18.42,3.72,0.0
20230508:1311,661.75,829.56,48.52,19.38,3.79,0.0
20230508:1411,561.41,699.05,41.86,19.65,3.66,0.0
20230508:1511,390.83,489.29,33.78,19.74,3.38,0.0
20230508:1611,246.11,327.25,25.02,19.62,3.17,0.0
20230508:1711,40.18,64.85,16.09,18.61,2.34,0.0
20230508:1811,16.2,32.97,7.39,17.5,1.93,0.0
20230508:1911,0.0,0.0,0.0,17.01,2.0,0.0
20230508:2011,0.0,0.0,0.0,15.92,1.66,0.0
20230508:2111,0.0,0.0,0.0,14.71,1.79,0.0
20230508:2211,0.0,0.0,0.0,14.01,2.14,0.0
20230508:2311,0.0,0.0,0.0,13.74,2.14,0.0
20230509:0011,0.0,0.0,0.0,13.63,2.14,0.0
20230509:0111,0.0,0.0,0.0,13.45,2.28,0.0
20230509:0211,0.0,0.0,0.0,13.31,2.34,0.0
20230509:0311,0.0,0.0,0.0,13.01,2.55,0.0
20230509:0411,0.0,1.88,3.03,12.7,2.76,0.0
20230509:0511,12.43,27.1,11.44,12.97,3.17,0.0
20230509:0611,104.79,140.97,20.29,13.52,3.24,0.0
20230509:0711,133.93,174.64,29.2,14.24,3.52,0.0
20230509:0811,164.65,211.02,37.74,15.19,4.0,0.0
20230509:0911,129.0,170.36,45.3,16.37,4.28,0.0
20230509:1011,179.49,230.37,51.03,17.09,4.07,0.0
20230509:1111,177.09,228.43,53.85,17.73,3.59,0.0
20230509:1211,318.17,398.77,53.01,18.51,3.1,0.0
20230509:1311,156.83,205.2,48.76,18.09,2.69,0.0
20230509:1411,67.21,97.76,42.08,17.28,2.97,0.0
20230509:1511,83.56,117.12,33.99,16.58,2.76,0.0
20230509:1611,49.28,75.5,25.23,16.13,2.69,0.0
20230509:1711,33.89,56.14,16.3,15.6,2.28,0.0
20230509:1811,8.03,20.73,7.6,15.12,2.07,0.0
20230509:1911,0.0,0.0,0.0,14.95,2.07,0.0
20230509:2011,0.0,0.0,0.0,14.69,2.0,0.0
20230509:2111,0.0,0.0,0.0,14.45,1.86,0.0
20230509:2211,0.0,0.0,0.0,14.21,1.72,0.0
20230509:2311,0.0,0.0,0.0,13.97,1.66,0.0
20230510:0011,0.0,0.0,0.0,13.74,1.86,0.0
20230510:0111,0.0,0.0,0.0,13.45,2.14,0.0
20230510:0211,0.0,0.0,0.0,13.06,2.21,0.0
20230510:0311,0.0,0.0,0.0,12.75,2.14,0.0
20230510:0411,0.0,1.88,3.25,12.46,2.21,0.0
20230510:0511,3.23,12.58,11.66,12.17,2.55,0.0
20230510:0611,20.23,37.75,20.51,12.02,2.62,0.0
20230510:0711,63.88,91.95,29.42,12.58,2.69,0.0
20230510:0811,125.08,163.58,37.96,12.76,2.9,0.0
20230510:0911,129.99,169.39,45.54,13.09,3.31,0.0
20230510:1011,167.42,212.94,51.29,13.52,3.72,0.0
20230510:1111,224.46,279.74,54.12,14.15,4.0,0.0
20230510:1211,172.52,219.72,53.27,14.62,4.14,0.0
20230510:1311,282.81,348.75,49.0,14.9,4.07,0.0
20230510:1411,184.16,233.8,42.3,15.14,3.93,0.0
20230510:1511,281.33,347.03,34.2,14.88,3.79,0.0
20230510:1611,191.61,245.39,25.43,14.32,3.45,0.0
20230510:1711,92.9,135.29,16.5,13.67,2.97,0.0
20230510:1811,22.2,40.51,7.8,12.95,2.41,0.0
20230510:1911,0.0,0.0,0.0,12.11,2.0,0.0
20230510:2011,0.0,0.0,0.0,11.24,1.86,0.0
20230510:2111,0.0,0.0,0.0,10.59,1.79,0.0
20230510:2211,0.0,0.0,0.0,10.12,1.59,0.0
20230510:2311,0.0,0.0,0.0,9.83,1.38,0.0
20230511:0011,0.0,0.0,0.0,9.45,1.31,0.0
20230511:0111,0.0,0.0,0.0,9.24,1.24,0.0
20230511:0211,0.0,0.0,0.0,9.04,1.31,0.0
20230511:0311,0.0,0.0,0.0,8.84,1.45,0.0
20230511:0411,0.0,2.83,3.47,8.73,1.59,0.0
20230511:0511,3.31,12.58,11.87,8.6,1.86,0.0
20230511:0611,32.73,53.24,20.71,8.78,2.0,0.0
20230511:0711,142.72,182.35,29.63,10.36,2.14,0.0
20230511:0811,227.48,280.3,38.18,11.11,2.34,0.0
20230511:0911,274.05,335.42,45.77,11.93,2.69,0.0
20230511:1011,237.9,295.35,51.54,13.2,2.69,0.0
20230511:1111,319.35,393.66,54.38,14.52,2.76,0.0
20230511:1211,306.63,378.85,53.52,15.02,3.03,0.0
20230511:1311,377.75,461.98,49.23,15.02,3.66,0.0
20230511:1411,267.6,330.09,42.52,14.24,3.59,0.0
20230511:1511,258.62,318.77,34.4,13.72,3.72,0.0
20230511:1611,180.7,230.41,25.62,13.2,3.66,0.0
20230511:1711,61.91,89.94,16.69,12.64,3.45,0.0
20230511:1811,2.06,10.36,8.01,12.05,3.17,0.0
20230511:1911,0.0,0.0,0.0,11.51,3.17,0.0
20230511:2011,0.0,0.0,0.0,10.95,3.17,0.0
20230511:2111,0.0,0.0,0.0,10.9,3.17,0.0
20230511:2211,0.0,0.0,0.0,10.95,2.97,0.0
20230511:2311,0.0,0.0,0.0,11.07,2.69,0.0
20230512:0011,0.0,0.0,0.0,11.19,2.48,0.0
20230512:0111,0.0,0.0,0.0,11.25,2.28,0.0
20230512:0211,0.0,0.0,0.0,11.04,2.34,0.0
20230512:0311,0.0,0.0,0.0,10.91,2.55,0.0
20230512:0411,0.0,2.83,3.68,10.73,2.69,0.0
20230512:0511,3.79,13.55,12.08,11.29,2.48,0.0
20230512:0611,38.33,60.98,20.91,12.41,2.41,0.0
20230512:0711,191.82,242.15,29.83,13.74,2.07,0.0
20230512:0811,323.38,399.24,38.39,15.26,2.21,0.0
20230512:0911,473.92,588.42,46.0,17.08,2.48,0.0
20230512:1011,720.75,914.4,51.78,18.44,3.1,0.0
20230512:1111,791.03,1011.59,54.63,19.72,3.72,0.0
20230512:1211,778.93,991.45,53.77,20.5,4.28,0.0
20230512:1311,580.66,725.92,49.46,20.82,4.62,0.0
20230512:1411,136.1,181.97,42.73,20.72,4.69,0.0
20230512:1511,240.52,306.16,34.6,20.35,4.41,0.0
20230512:1611,240.75,316.18,25.82,19.85,4.0,0.0
20230512:1711,86.88,152.29,16.89,19.21,4.07,0.0
20230512:1811,23.74,43.33,8.21,18.03,4.07,0.0
20230512:1911,0.0,0.0,0.0,16.51,4.0,0.0
20230512:2011,0.0,0.0,0.0,15.09,3.72,0.0
20230512:2111,0.0,0.0,0.0,13.97,3.59,0.0
20230512:2211,0.0,0.0,0.0,13.03,3.45,0.0
20230512:2311,0.0,0.0,0.0,12.3,3.24,0.0
20230513:0011,0.0,0.0,0.0,11.65,3.03,0.0
20230513:0111,0.0,0.0,0.0,11.06,2.83,0.0
20230513:0211,0.0,0.0,0.0,10.57,2.69,0.0
20230513:0311,0.0,0.0,0.0,10.16,2.69,0.0
20230513:0411,1.18,8.48,3.89,9.81,2.69,0.0
20230513:0511,82.69,133.81,12.28,10.33,2.48,0.0
20230513:0611,266.51,339.44,21.11,11.99,2.48,0.0
20230513:0711,444.28,541.48,30.03,13.92,2.83,0.0
20230513:0811,597.07,735.1,38.6,15.45,2.83,0.0
20230513:0911,709.45,892.3,46.22,17.08,2.9,0.0
20230513:1011,785.52,1003.23,52.02,18.51,3.24,0.0
20230513:1111,797.11,1020.27,54.88,19.49,3.66,0.0
20230513:1211,766.88,976.89,54.02,19.94,3.86,0.0
20230513:1311,712.09,898.62,49.69,19.9,3.93,0.0
20230513:1411,600.37,748.77,42.94,19.85,3.93,0.0
20230513:1511,448.88,559.75,34.8,19.66,3.86,0.0
20230513:1611,268.53,354.11,26.01,19.25,3.59,0.0
20230513:1711,89.79,155.65,17.08,18.42,3.31,0.0
20230513:1811,25.23,45.22,8.4,17.33,3.1,0.0
20230513:1911,0.0,0.0,0.0,15.7,3.66,0.0
20230513:2011,0.0,0.0,0.0,14.49,3.38,0.0
20230513:2111,0.0,0.0,0.0,13.73,3.1,0.0
20230513:2211,0.0,0.0,0.0,13.08,2.83,0.0
20230513:2311,0.0,0.0,0.0,12.52,2.62,0.0
20230514:0011,0.0,0.0,0.0,11.96,2.41,0.0
20230514:0111,0.0,0.0,0.0,11.26,2.14,0.0
20230514:0211,0.0,0.0,0.0,10.7,1.93,0.0
20230514:0311,0.0,0.0,0.0,10.13,1.86,0.0
20230514:0411,4.72,15.07,4.09,9.75,1.72,0.0
20230514:0511,84.05,136.45,12.47,10.44,1.52,0.0
20230514:0611,165.22,212.92,21.3,12.15,1.31,0.0
20230514:0711,264.88,328.49,30.22,13.37,1.31,0.0
20230514:0811,365.49,452.2,38.8,14.85,1.31,0.0
20230514:0911,622.34,789.11,46.43,16.44,1.45,0.0
20230514:1011,671.22,863.58,52.25,18.03,1.66,0.0
20230514:1111,553.23,706.79,55.12,18.96,1.59,0.0
20230514:1211,578.27,744.95,54.25,19.33,1.31,0.0
20230514:1311,605.33,782.81,49.91,19.5,1.17,0.0
20230514:1411,375.26,476.42,43.14,19.53,1.17,0.0
20230514:1511,288.07,367.02,34.99,19.38,1.31,0.0
20230514:1611,176.93,233.4,26.2,19.14,1.31,0.0
20230514:1711,84.58,122.14,17.27,18.63,1.38,0.0
20230514:1811,19.6,37.68,8.6,17.44,1.72,0.0
20230514:1911,0.0,0.0,0.0,15.87,2.14,0.0
20230514:2011,0.0,0.0,0.0,14.58,2.21,0.0
20230514:2111,0.0,0.0,0.0,13.63,2.07,0.0
20230514:2211,0.0,0.0,0.0,12.87,1.86,0.0
20230514:2311,0.0,0.0,0.0,12.25,1.72,0.0
20230515:0011,0.0,0.0,0.0,11.59,1.72,0.0
20230515:0111,0.0,0.0,0.0,11.09,2.07,0.0
20230515:0211,0.0,0.0,0.0,10.63,2.48,0.0
20230515:0311,0.0,0.0,0.0,10.27,2.55,0.0
20230515:0411,0.0,3.77,4.29,9.97,2.55,0.0
20230515:0511,21.15,38.72,12.66,10.34,2.48,0.0
20230515:0611,85.76,117.36,21.49,11.53,2.69,0.0
20230515:0711,206.85,256.71,30.41,12.04,3.31,0.0
20230515:0811,556.75,673.22,38.99,13.03,3.24,0.0
20230515:0911,684.79,843.29,46.64,13.99,3.1,0.0
20230515:1011,764.83,955.65,52.47,14.77,3.17,0.0
20230515:1111,767.87,955.41,55.36,15.23,3.86,0.0
20230515:1211,677.71,831.1,54.49,15.14,4.48,0.0
20230515:1311,630.82,766.36,50.13,14.75,4.76,0.0
20230515:1411,549.14,660.95,43.34,14.21,4.9,0.0
20230515:1511,259.15,317.65,35.18,13.22,4.9,0.0
20230515:1611,115.15,151.54,26.38,12.38,4.83,0.0
20230515:1711,66.43,94.79,17.46,11.61,4.9,0.0
20230515:1811,1.16,8.48,8.79,10.85,4.69,0.0
20230515:1911,0.0,0.0,0.0,10.02,4.34,0.0
20230515:2011,0.0,0.0,0.0,9.84,4.21,0.0
20230515:2111,0.0,0.0,0.0,9.98,4.69,0.0
20230515:2211,0.0,0.0,0.0,10.0,5.17,0.0
20230515:2311,0.0,0.0,0.0,9.82,5.31,0.0
20230516:0011,0.0,0.0,0.0,9.52,5.17,0.0
20230516:0111,0.0,0.0,0.0,9.18,5.24,0.0
20230516:0211,0.0,0.0,0.0,8.8,4.76,0.0
20230516:0311,0.0,0.0,0.0,8.42,4.34,0.0
20230516:0411,7.13,18.84,4.48,8.19,4.21,0.0
20230516:0511,88.41,135.41,12.84,8.48,4.28,0.0
20230516:0611,224.86,278.89,21.66,9.18,5.45,0.0
20230516:0711,450.61,529.96,30.59,9.81,5.93,0.0
20230516:0811,394.18,465.21,39.18,10.34,6.14,0.0
20230516:0911,361.69,430.02,46.84,10.86,6.34,0.0
20230516:1011,396.63,471.65,52.69,11.33,6.55,0.0
20230516:1111,636.83,755.96,55.59,11.74,6.9,0.0
20230516:1211,544.38,644.94,54.72,11.82,7.03,0.0
20230516:1311,446.46,530.25,50.34,11.94,6.69,0.0
20230516:1411,350.3,418.68,43.54,11.95,6.55,0.0
20230516:1511,406.05,483.61,35.37,11.85,6.28,0.0
20230516:1611,253.94,316.6,26.57,11.48,6.34,0.0
20230516:1711,97.3,133.79,17.64,11.34,5.72,0.0
20230516:1811,31.3,51.81,8.98,10.97,4.97,0.0
20230516:1911,0.0,0.0,0.0,10.46,4.41,0.0
20230516:2011,0.0,0.0,0.0,9.95,3.86,0.0
20230516:2111,0.0,0.0,0.0,9.83,3.86,0.0
20230516:2211,0.0,0.0,0.0,9.54,4.0,0.0
20230516:2311,0.0,0.0,0.0,9.25,4.28,0.0
20230517:0011,0.0,0.0,0.0,8.85,4.21,0.0
20230517:0111,0.0,0.0,0.0,8.66,4.07,0.0
20230517:0211,0.0,0.0,0.0,8.49,4.34,0.0
20230517:0311,0.0,0.0,0.0,7.99,4.69,0.0
20230517:0411,7.77,19.78,4.66,7.53,4.41,0.0
20230517:0511,60.88,88.27,13.02,7.51,5.03,0.0
20230517:0611,165.84,207.1,21.84,7.64,5.03,0.0
20230517:0711,138.2,174.7,30.76,8.18,4.9,0.0
20230517:0811,247.58,297.94,39.36,8.47,4.62,0.0
20230517:0911,401.77,474.94,47.04,8.99,4.62,0.0
20230517:1011,532.59,630.38,52.91,9.3,4.62,0.0
20230517:1111,328.91,393.4,55.82,9.63,4.55,0.0
20230517:1211,600.18,715.02,54.94,9.92,4.48,0.0
20230517:1311,429.54,510.6,50.55,9.99,4.41,0.0
20230517:1411,324.05,388.07,43.73,10.08,4.28,0.0
20230517:1511,212.17,260.25,35.55,9.99,4.21,0.0
20230517:1611,180.16,225.41,26.75,9.93,4.07,0.0
20230517:1711,87.76,120.07,17.82,9.67,3.72,0.0
20230517:1811,36.85,58.41,9.17,9.35,3.24,0.0
20230517:1911,0.0,0.0,0.0,8.53,2.9,0.0
20230517:2011,0.0,0.0,0.0,8.15,2.14,0.0
20230517:2111,0.0,0.0,0.0,7.95,1.86,0.0
20230517:2211,0.0,0.0,0.0,7.6,1.45,0.0
20230517:2311,0.0,0.0,0.0,6.99,1.1,0.0
20230518:0011,0.0,0.0,0.0,7.33,0.62,0.0
20230518:0111,0.0,0.0,0.0,7.59,0.41,0.0
20230518:0211,0.0,0.0,0.0,7.54,0.41,0.0
20230518:0311,0.0,0.0,0.0,7.46,0.55,0.0
20230518:0411,0.02,5.65,4.84,6.81,0.76,0.0
20230518:0511,61.56,89.22,13.19,6.95,0.76,0.0
20230518:0611,143.66,183.68,22.01,8.27,0.76,0.0
20230518:0711,343.98,414.9,30.93,8.89,1.24,0.0
20230518:0811,439.32,527.01,39.54,9.37,1.86,0.0
20230518:0911,486.43,585.98,47.23,9.8,2.07,0.0
20230518:1011,609.38,743.31,53.11,10.34,2.14,0.0
20230518:1111,599.09,731.58,56.04,11.01,2.34,0.0
20230518:1211,634.63,777.28,55.16,11.57,2.55,0.0
20230518:1311,692.78,848.84,50.76,11.88,2.83,0.0
20230518:1411,627.97,764.43,43.93,12.61,2.9,0.0
20230518:1511,437.17,530.4,35.73,12.77,2.97,0.0
20230518:1611,287.76,366.28,26.92,12.64,3.1,0.0
20230518:1711,101.99,168.45,18.0,12.52,3.03,0.0
20230518:1811,25.95,45.22,9.35,11.85,2.55,0.0
20230518:1911,0.0,0.0,0.0,10.49,3.24,0.0
20230518:2011,0.0,0.0,0.0,9.27,3.17,0.0
20230518:2111,0.0,0.0,0.0,8.43,2.97,0.0
20230518:2211,0.0,0.0,0.0,7.93,2.76,0.0
20230518:2311,0.0,0.0,0.0,7.59,2.62,0.0
20230519:0011,0.0,0.0,0.0,7.42,2.62,0.0
20230519:0111,0.0,0.0,0.0,7.3,2.48,0.0
20230519:0211,0.0,0.0,0.0,7.08,2.34,0.0
20230519:0311,0.0,0.0,0.0,6.82,2.21,0.0
20230519:0411,11.69,25.44,5.01,6.57,2.07,0.0
20230519:0511,96.5,153.07,13.35,7.25,1.59,0.0
20230519:0611,281.58,354.02,22.17,9.37,1.59,0.0
20230519:0711,463.31,560.69,31.09,10.89,1.93,0.0
20230519:0811,611.53,746.14,39.71,12.46,2.41,0.0
20230519:0911,729.96,906.81,47.41,13.67,2.69,0.0
20230519:1011,791.87,998.96,53.32,14.7,2.76,0.0
20230519:1111,794.49,1008.1,56.25,15.68,2.83,0.0
20230519:1211,700.6,879.87,55.37,16.26,2.97,0.0
20230519:1311,658.99,821.87,50.96,16.86,3.24,0.0
20230519:1411,543.47,669.13,44.11,16.93,3.59,0.0
20230519:1511,445.9,548.22,35.91,16.63,3.72,0.0
20230519:1611,286.89,370.17,27.1,16.3,4.0,0.0
20230519:1711,101.73,169.23,18.17,15.66,4.07,0.0
20230519:1811,29.95,50.87,9.53,14.7,3.93,0.0
20230519:1911,0.0,0.0,0.0,13.66,4.14,0.0
20230519:2011,0.0,0.0,0.0,12.97,3.93,0.0
20230519:2111,0.0,0.0,0.0,12.75,3.86,0.0
20230519:2211,0.0,0.0,0.0,12.31,3.66,0.0
20230519:2311,0.0,0.0,0.0,11.98,3.52,0.0
20230520:0011,0.0,0.0,0.0,11.82,3.38,0.0
20230520:0111,0.0,0.0,0.0,11.52,3.24,0.0
20230520:0211,0.0,0.0,0.0,11.39,3.24,0.0
20230520:0311,0.0,0.0,0.0,11.09,3.31,0.0
20230520:0411,0.0,5.65,5.18,10.55,3.38,0.0
20230520:0511,84.93,124.87,13.51,10.45,3.52,0.0
20230520:0611,279.56,350.92,22.32,11.16,3.66,0.0
20230520:0711,463.58,555.88,31.25,12.36,4.14,0.0
20230520:0811,613.67,739.88,39.87,13.53,4.21,0.0
20230520:0911,730.83,893.88,47.59,14.65,4.48,0.0
20230520:1011,666.77,817.87,53.51,15.91,4.83,0.0
20230520:1111,649.03,795.84,56.46,17.03,5.72,0.0
20230520:1211,621.58,762.23,55.58,17.33,5.66,0.0
20230520:1311,443.41,543.27,51.16,17.41,5.24,0.0
20230520:1411,283.36,352.41,44.3,17.5,4.9,0.0
20230520:1511,210.9,267.08,36.08,17.21,4.34,0.0
20230520:1611,148.57,194.34,27.27,16.86,4.0,0.0
20230520:1711,95.4,134.1,18.35,16.43,3.79,0.0
20230520:1811,35.65,58.41,9.71,15.96,3.59,0.0
20230520:1911,0.0,0.94,1.7,15.23,3.1,0.0
20230520:2011,0.0,0.0,0.0,14.74,3.03,0.0
20230520:2111,0.0,0.0,0.0,14.38,3.17,0.0
20230520:2211,0.0,0.0,0.0,14.08,3.38,0.0
20230520:2311,0.0,0.0,0.0,13.75,3.52,0.0
20230521:0011,0.0,0.0,0.0,13.48,3.45,0.0
20230521:0111,0.0,0.0,0.0,13.2,3.24,0.0
20230521:0211,0.0,0.0,0.0,12.83,3.31,0.0
20230521:0311,0.0,0.0,0.0,12.39,3.24,0.0
20230521:0411,0.35,6.59,5.34,12.06,3.38,0.0
20230521:0511,76.26,111.54,13.67,12.15,3.24,0.0
20230521:0611,158.26,203.31,22.47,12.78,3.59,0.0
20230521:0711,185.59,233.85,31.4,13.5,3.24,0.0
20230521:0811,253.57,313.9,40.03,14.55,3.52,0.0
20230521:0911,365.98,449.38,47.76,15.75,3.52,0.0
20230521:1011,619.02,768.39,53.7,17.09,3.66,0.0
20230521:1111,421.03,523.16,56.67,18.48,3.79,0.0
20230521:1211,586.1,734.65,55.79,19.66,3.86,0.0
20230521:1311,620.83,782.19,51.35,20.83,3.86,0.0
20230521:1411,542.89,683.08,44.48,21.86,3.72,0.0
20230521:1511,342.63,435.11,36.25,22.58,3.59,0.0
20230521:1611,205.93,272.53,27.43,22.92,3.38,0.0
20230521:1711,99.68,145.42,18.51,22.67,3.03,0.0
20230521:1811,34.55,58.41,9.88,21.94,3.03,0.0
20230521:1911,0.0,0.94,1.88,20.27,3.1,0.0
20230521:2011,0.0,0.0,0.0,19.51,3.24,0.0
20230521:2111,0.0,0.0,0.0,19.21,3.1,0.0
20230521:2211,0.0,0.0,0.0,18.76,2.97,0.0
20230521:2311,0.0,0.0,0.0,18.23,3.03,0.0
20230522:0011,0.0,0.0,0.0,17.8,3.1,0.0
20230522:0111,0.0,0.0,0.0,17.36,2.83,0.0
20230522:0211,0.0,0.0,0.0,16.94,2.55,0.0
20230522:0311,0.0,0.0,0.0,16.57,2.55,0.0
20230522:0411,1.54,9.42,5.5,15.97,3.1,0.0
20230522:0511,38.44,61.95,13.82,16.05,3.72,0.0
20230522:0611,120.28,160.94,22.62,16.65,3.86,0.0
20230522:0711,69.51,100.66,31.55,17.46,2.55,0.0
20230522:0811,383.69,476.34,40.18,17.69,2.55,0.0
20230522:0911,217.02,277.7,47.93,18.59,2.48,0.0
20230522:1011,92.05,128.73,53.88,19.28,2.55,0.0
20230522:1111,227.74,292.22,56.86,19.65,2.48,0.0
20230522:1211,102.75,142.29,55.99,20.26,2.21,0.0
20230522:1311,375.55,479.84,51.54,21.22,1.59,0.0
20230522:1411,515.56,671.43,44.65,21.33,0.48,0.0
20230522:1511,406.64,516.5,36.42,20.26,1.59,0.0
20230522:1611,263.2,344.23,27.6,18.94,2.69,0.0
20230522:1711,104.0,167.13,18.68,18.39,3.1,0.0
20230522:1811,33.19,55.58,10.05,17.32,3.38,0.0
20230522:1911,0.0,1.88,2.06,14.91,3.38,0.0
20230522:2011,0.0,0.0,0.0,13.71,3.1,0.0
20230522:2111,0.0,0.0,0.0,13.05,3.45,0.0
20230522:2211,0.0,0.0,0.0,12.58,4.0,0.0
20230522:2311,0.0,0.0,0.0,12.41,4.28,0.0
20230523:0011,0.0,0.0,0.0,12.24,4.97,0.0
20230523:0111,0.0,0.0,0.0,12.2,5.79,0.0
20230523:0211,0.0,0.0,0.0,12.03,5.72,0.0
20230523:0311,0.0,0.0,0.0,11.75,6.28,0.0
20230523:0411,1.16,8.48,5.65,11.37,6.14,0.0
20230523:0511,6.11,17.42,13.96,11.15,6.28,0.0
20230523:0611,33.99,55.17,22.76,11.13,6.97,0.0
20230523:0711,65.4,92.92,31.69,11.15,7.24,0.0
20230523:0811,340.13,404.26,40.33,11.21,7.31,0.0
20230523:0911,375.43,446.05,48.08,11.39,7.03,0.0
20230523:1011,361.34,431.69,54.06,11.76,6.76,0.0
20230523:1111,371.0,444.58,57.06,12.36,6.55,0.0
20230523:1211,477.33,569.67,56.18,12.67,6.41,0.0
20230523:1311,550.51,655.48,51.72,12.8,6.48,0.0
20230523:1411,478.65,568.28,44.82,12.5,6.48,0.0
20230523:1511,409.04,487.37,36.59,12.21,6.41,0.0
20230523:1611,247.91,307.74,27.76,11.76,6.21,0.0
20230523:1711,118.18,167.08,18.84,11.41,6.14,0.0
20230523:1811,41.23,64.06,10.22,10.94,6.48,0.0
20230523:1911,0.0,0.94,2.23,10.7,5.45,0.0
20230523:2011,0.0,0.0,0.0,10.57,4.48,0.0
20230523:2111,0.0,0.0,0.0,10.38,3.86,0.0
20230523:2211,0.0,0.0,0.0,9.82,3.72,0.0
20230523:2311,0.0,0.0,0.0,9.49,3.66,0.0
20230524:0011,0.0,0.0,0.0,9.25,3.59,0.0
20230524:0111,0.0,0.0,0.0,9.2,3.59,0.0
20230524:0211,0.0,0.0,0.0,9.39,3.79,0.0
20230524:0311,0.0,0.0,0.0,9.44,3.93,0.0
20230524:0411,3.1,12.25,5.79,9.74,3.59,0.0
20230524:0511,41.21,63.88,14.1,10.09,3.93,0.0
20230524:0611,117.03,152.65,22.89,10.43,4.69,0.0
20230524:0711,118.2,153.9,31.82,11.03,5.66,0.0
20230524:0811,320.21,384.01,40.47,11.45,5.38,0.0
20230524:0911,226.27,278.34,48.24,11.96,5.03,0.0
20230524:1011,336.09,406.91,54.23,12.48,4.41,0.0
20230524:1111,405.43,490.67,57.24,13.19,4.28,0.0
20230524:1211,420.83,509.37,56.37,13.43,4.34,0.0
20230524:1311,223.42,277.47,51.9,13.41,4.21,0.0
20230524:1411,159.08,203.27,44.99,13.54,3.79,0.0
20230524:1511,221.45,275.66,36.75,13.65,3.59,0.0
20230524:1611,189.08,239.43,27.92,13.42,3.72,0.0
20230524:1711,119.21,170.38,19.0,12.98,3.72,0.0
20230524:1811,41.63,65.0,10.38,12.34,3.31,0.0
20230524:1911,0.0,1.88,2.4,11.67,2.76,0.0
20230524:2011,0.0,0.0,0.0,10.79,2.48,0.0
20230524:2111,0.0,0.0,0.0,10.17,2.14,0.0
20230524:2211,0.0,0.0,0.0,9.61,2.0,0.0
20230524:2311,0.0,0.0,0.0,8.88,1.86,0.0
20230525:0011,0.0,0.0,0.0,8.41,1.93,0.0
20230525:0111,0.0,0.0,0.0,7.99,2.0,0.0
20230525:0211,0.0,0.0,0.0,7.78,2.28,0.0
20230525:0311,0.0,0.0,0.0,7.8,2.41,0.0
20230525:0411,17.04,32.97,5.93,8.14,2.41,0.0
20230525:0511,103.39,162.33,14.23,9.41,2.28,0.0
20230525:0611,259.55,323.8,23.02,10.92,3.79,0.0
20230525:0711,423.82,507.63,31.95,11.78,3.93,0.0
20230525:0811,434.09,521.15,40.6,12.45,3.86,0.0
20230525:0911,372.01,449.87,48.38,12.92,4.0,0.0
20230525:1011,333.21,405.85,54.4,13.56,4.21,0.0
20230525:1111,597.04,726.07,57.42,13.7,4.21,0.0
20230525:1211,641.73,783.23,56.55,14.04,4.21,0.0
20230525:1311,598.85,727.28,52.07,14.18,4.34,0.0
20230525:1411,617.88,746.22,45.15,14.15,4.55,0.0
20230525:1511,477.67,575.38,36.9,13.75,4.76,0.0
20230525:1611,299.27,377.38,28.07,13.18,4.9,0.0
20230525:1711,112.35,178.19,19.15,12.42,4.97,0.0
20230525:1811,33.45,54.64,10.54,11.57,4.83,0.0
20230525:1911,0.0,4.71,2.56,10.57,4.21,0.0
20230525:2011,0.0,0.0,0.0,9.71,3.86,0.0
20230525:2111,0.0,0.0,0.0,9.19,3.66,0.0
20230525:2211,0.0,0.0,0.0,8.85,3.52,0.0
20230525:2311,0.0,0.0,0.0,8.49,3.38,0.0
20230526:0011,0.0,0.0,0.0,8.15,3.1,0.0
20230526:0111,0.0,0.0,0.0,7.72,2.9,0.0
20230526:0211,0.0,0.0,0.0,7.41,2.97,0.0
20230526:0311,0.0,0.0,0.0,7.22,3.03,0.0
20230526:0411,17.13,32.97,6.06,7.24,3.03,0.0
20230526:0511,90.58,128.04,14.35,8.11,2.83,0.0
20230526:0611,271.47,336.69,23.14,9.7,3.52,0.0
20230526:0711,473.25,561.18,32.07,10.36,4.48,0.0
20230526:0811,622.46,741.33,40.73,11.16,4.48,0.0
20230526:0911,704.08,848.82,48.52,11.88,4.48,0.0
20230526:1011,684.22,828.84,54.55,12.55,4.55,0.0
20230526:1111,504.75,608.46,57.59,12.91,4.62,0.0
20230526:1211,410.83,496.2,56.73,13.17,4.69,0.0
20230526:1311,306.27,373.42,52.24,13.5,4.76,0.0
20230526:1411,406.18,489.72,45.31,13.53,4.83,0.0
20230526:1511,472.6,567.61,37.06,13.16,4.9,0.0
20230526:1611,308.25,387.84,28.22,12.71,4.69,0.0
20230526:1711,116.74,182.57,19.31,12.18,4.41,0.0
20230526:1811,44.13,67.83,10.69,11.57,4.0,0.0
20230526:1911,0.0,5.65,2.73,10.94,3.38,0.0
20230526:2011,0.0,0.0,0.0,9.93,2.97,0.0
20230526:2111,0.0,0.0,0.0,9.12,2.69,0.0
20230526:2211,0.0,0.0,0.0,8.48,2.41,0.0
20230526:2311,0.0,0.0,0.0,8.01,2.21,0.0
20230527:0011,0.0,0.0,0.0,7.5,2.14,0.0
20230527:0111,0.0,0.0,0.0,7.06,2.07,0.0
20230527:0211,0.0,0.0,0.0,6.69,2.0,0.0
20230527:0311,0.0,0.0,0.0,6.38,1.93,0.0
20230527:0411,17.9,33.91,6.19,6.5,1.93,0.0
20230527:0511,18.47,34.85,14.47,7.83,1.66,0.0
20230527:0611,225.99,282.67,23.25,10.1,2.0,0.0
20230527:0711,450.08,545.37,32.18,11.18,1.86,0.0
20230527:0811,603.89,744.65,40.85,12.52,1.59,0.0
20230527:0911,706.11,896.87,48.66,13.81,1.24,0.0
20230527:1011,765.27,998.16,54.7,14.97,0.97,0.0
20230527:1111,784.66,1032.68,57.76,15.96,1.03,0.0
20230527:1211,776.46,1013.75,56.9,16.8,1.45,0.0
20230527:1311,722.31,929.99,52.41,17.5,1.72,0.0
20230527:1411,614.21,778.05,45.47,17.93,1.79,0.0
20230527:1511,464.79,584.76,37.2,18.16,1.72,0.0
20230527:1611,290.16,379.11,28.37,18.13,1.79,0.0
20230527:1711,113.82,182.88,19.45,17.79,1.86,0.0
20230527:1811,39.89,64.06,10.84,16.9,2.07,0.0
20230527:1911,0.0,2.83,2.88,15.18,2.55,0.0
20230527:2011,0.0,0.0,0.0,13.25,2.83,0.0
20230527:2111,0.0,0.0,0.0,11.88,2.76,0.0
20230527:2211,0.0,0.0,0.0,10.95,2.48,0.0
20230527:2311,0.0,0.0,0.0,10.23,2.34,0.0
20230528:0011,0.0,0.0,0.0,9.71,2.28,0.0
20230528:0111,0.0,0.0,0.0,9.32,2.21,0.0
20230528:0211,0.0,0.0,0.0,9.11,2.28,0.0
20230528:0311,0.0,0.0,0.0,9.07,2.34,0.0
20230528:0411,16.94,32.97,6.31,9.25,2.28,0.0
20230528:0511,74.93,106.85,14.58,10.1,2.14,0.0
20230528:0611,279.41,352.08,23.36,11.89,2.41,0.0
20230528:0711,468.43,570.16,32.29,13.61,2.76,0.0
20230528:0811,610.03,748.86,40.96,15.04,3.03,0.0
20230528:0911,728.3,907.48,48.78,16.13,3.45,0.0
20230528:1011,797.21,1004.84,54.85,16.93,3.72,0.0
20230528:1111,817.94,1032.94,57.92,17.42,4.07,0.0
20230528:1211,801.39,1008.95,57.07,17.67,4.21,0.0
20230528:1311,738.89,920.74,52.57,17.73,4.34,0.0
20230528:1411,630.74,774.99,45.62,17.56,4.62,0.0
20230528:1511,472.12,576.55,37.35,16.96,5.03,0.0
20230528:1611,298.65,380.4,28.51,16.01,5.17,0.0
20230528:1711,115.47,185.34,19.6,14.9,4.97,0.0
20230528:1811,33.1,54.64,10.99,13.65,4.62,0.0
20230528:1911,0.73,7.54,3.03,12.23,4.34,0.0
20230528:2011,0.0,0.0,0.0,11.03,4.41,0.0
20230528:2111,0.0,0.0,0.0,10.24,3.93,0.0
20230528:2211,0.0,0.0,0.0,9.71,3.66,0.0
20230528:2311,0.0,0.0,0.0,9.31,3.59,0.0
20230529:0011,0.0,0.0,0.0,9.03,3.66,0.0
20230529:0111,0.0,0.0,0.0,8.8,3.38,0.0
20230529:0211,0.0,0.0,0.0,8.56,3.17,0.0
20230529:0311,0.0,0.0,0.0,8.46,3.17,0.0
20230529:0411,15.62,31.09,6.42,8.5,2.76,0.0
20230529:0511,88.34,124.5,14.69,9.05,3.17,0.0
20230529:0611,183.22,229.28,23.46,9.9,4.14,0.0
20230529:0711,306.14,367.67,32.39,10.63,4.34,0.0
20230529:0811,464.23,552.44,41.07,11.35,4.48,0.0
20230529:0911,577.15,691.7,48.9,12.15,4.62,0.0
20230529:1011,658.6,797.48,54.99,12.82,4.55,0.0
20230529:1111,766.53,937.64,58.08,13.35,4.69,0.0
20230529:1211,811.74,996.43,57.23,13.87,4.83,0.0
20230529:1311,732.57,889.45,52.72,13.96,5.1,0.0
20230529:1411,652.25,783.8,45.77,13.81,5.31,0.0
20230529:1511,489.93,587.48,37.49,13.53,5.45,0.0
20230529:1611,302.85,379.46,28.65,12.99,5.45,0.0
20230529:1711,122.33,185.3,19.74,12.32,5.31,0.0
20230529:1811,35.72,57.47,11.14,11.6,5.03,0.0
20230529:1911,0.0,3.77,3.18,10.94,4.34,0.0
20230529:2011,0.0,0.0,0.0,10.32,4.14,0.0
20230529:2111,0.0,0.0,0.0,9.97,4.0,0.0
20230529:2211,0.0,0.0,0.0,9.9,4.0,0.0
20230529:2311,0.0,0.0,0.0,9.64,3.66,0.0
20230530:0011,0.0,0.0,0.0,9.51,3.31,0.0
20230530:0111,0.0,0.0,0.0,9.42,3.17,0.0
20230530:0211,0.0,0.0,0.0,9.37,3.1,0.0
20230530:0311,0.0,0.0,0.0,9.54,3.03,0.0
20230530:0411,0.01,5.65,6.53,9.82,2.69,0.0
20230530:0511,13.3,28.07,14.79,10.42,3.38,0.0
20230530:0611,75.23,104.54,23.56,10.92,4.07,0.0
20230530:0711,180.7,226.24,32.49,11.7,3.72,0.0
20230530:0811,229.2,282.8,41.17,12.2,3.45,0.0
20230530:0911,234.77,290.47,49.02,12.79,3.31,0.0
20230530:1011,204.96,256.78,55.12,13.42,3.17,0.0
20230530:1111,174.43,221.66,58.23,13.83,3.17,0.0
20230530:1211,310.28,382.32,57.38,14.5,3.17,0.0
20230530:1311,167.13,213.91,52.87,14.67,3.24,0.0
20230530:1411,177.98,226.62,45.91,14.78,3.31,0.0
20230530:1511,180.42,229.56,37.63,14.75,2.97,0.0
20230530:1611,130.45,171.49,28.79,14.67,2.55,0.0
20230530:1711,65.9,95.34,19.87,14.59,2.21,0.0
20230530:1811,16.48,32.97,11.28,14.36,2.07,0.0
20230530:1911,0.0,3.77,3.33,13.43,2.21,0.0
20230530:2011,0.0,0.0,0.0,12.81,2.14,0.0
20230530:2111,0.0,0.0,0.0,12.15,2.34,0.0
20230530:2211,0.0,0.0,0.0,11.78,2.48,0.0
20230530:2311,0.0,0.0,0.0,11.24,2.41,0.0
20230531:0011,0.0,0.0,0.0,10.59,2.21,0.0
20230531:0111,0.0,0.0,0.0,10.06,2.21,0.0
20230531:0211,0.0,0.0,0.0,9.68,2.14,0.0
20230531:0311,0.0,0.0,0.0,9.38,2.14,0.0
20230531:0411,20.47,37.68,6.63,9.3,2.0,0.0
20230531:0511,109.58,171.18,14.88,10.42,1.66,0.0
20230531:0611,288.14,365.18,23.65,12.53,1.86,0.0
20230531:0711,469.16,576.26,32.58,14.12,2.0,0.0
20230531:0811,605.84,751.3,41.27,15.58,2.34,0.0
20230531:0911,693.8,870.17,49.13,16.56,2.83,0.0
20230531:1011,785.21,999.61,55.24,17.32,3.03,0.0
20230531:1111,807.08,1029.0,58.37,17.58,3.31,0.0
20230531:1211,761.51,962.11,57.53,17.7,3.59,0.0
20230531:1311,724.77,903.4,53.02,17.48,4.07,0.0
20230531:1411,624.55,765.96,46.05,16.83,4.34,0.0
20230531:1511,469.77,572.49,37.76,15.86,4.41,0.0
20230531:1611,291.92,368.87,28.92,14.78,4.41,0.0
20230531:1711,121.2,188.67,20.01,13.57,4.28,0.0
20230531:1811,43.95,67.83,11.41,12.42,4.21,0.0
20230531:1911,0.0,2.83,3.47,11.56,4.21,0.0
20230531:2011,0.0,0.0,0.0,10.99,4.28,0.0
20230531:2111,0.0,0.0,0.0,10.7,4.21,0.0
20230531:2211,0.0,0.0,0.0,10.61,4.28,0.0
20230531:2311,0.0,0.0,0.0,10.44,3.93,0.0
20230601:0011,0.0,0.0,0.0,10.36,3.59,0.0
20230601:0111,0.0,0.0,0.0,10.34,3.59,0.0
20230601:0211,0.0,0.0,0.0,10.37,3.59,0.0
20230601:0311,0.0,0.0,0.0,10.39,3.72,0.0
20230601:0411,0.36,6.59,6.73,10.39,4.0,0.0
20230601:0511,14.68,30.01,14.97,10.55,4.21,0.0
20230601:0611,49.07,73.56,23.74,10.81,4.41,0.0
20230601:0711,98.37,131.64,32.67,11.5,4.21,0.0
20230601:0811,144.43,184.87,41.36,11.99,4.41,0.0
20230601:0911,154.26,196.49,49.23,12.39,4.41,0.0
20230601:1011,148.18,189.71,55.36,12.7,4.55,0.0
20230601:1111,171.72,216.82,58.5,12.75,4.62,0.0
20230601:1211,161.42,205.2,57.67,13.04,4.69,0.0
20230601:1311,146.25,187.78,53.16,13.15,4.83,0.0
20230601:1411,160.46,204.23,46.18,13.28,4.9,0.0
20230601:1511,187.61,235.35,37.89,13.28,5.03,0.0
20230601:1611,124.29,162.29,29.04,12.93,5.24,0.0
20230601:1711,118.3,159.21,20.14,12.43,5.38,0.0
20230601:1811,32.68,53.7,11.54,11.75,5.24,0.0
20230601:1911,0.0,2.83,3.6,10.96,5.03,0.0
20230601:2011,0.0,0.0,0.0,10.42,4.34,0.0
20230601:2111,0.0,0.0,0.0,10.23,4.14,0.0
20230601:2211,0.0,0.0,0.0,10.01,3.38,0.0
20230601:2311,0.0,0.0,0.0,9.82,2.9,0.0
20230602:0011,0.0,0.0,0.0,9.79,2.83,0.0
20230602:0111,0.0,0.0,0.0,9.41,2.97,0.0
20230602:0211,0.0,0.0,0.0,9.28,2.76,0.0
20230602:0311,0.0,0.0,0.0,9.25,2.48,0.0
20230602:0411,0.36,6.59,6.81,9.41,2.14,0.0
20230602:0511,77.58,109.84,15.05,10.41,1.72,0.0
20230602:0611,281.62,355.77,23.81,12.44,2.21,0.0
20230602:0711,470.54,572.1,32.75,13.74,2.97,0.0
20230602:0811,613.23,750.59,41.45,14.7,3.17,0.0
20230602:0911,726.42,902.66,49.32,15.66,3.45,0.0
20230602:1011,587.01,725.06,55.47,16.46,3.79,0.0
20230602:1111,585.03,727.41,58.63,17.22,3.59,0.0
20230602:1211,566.21,705.31,57.81,17.9,3.59,0.0
20230602:1311,421.85,523.86,53.29,18.38,3.72,0.0
20230602:1411,402.11,498.12,46.31,18.4,3.93,0.0
20230602:1511,327.56,407.54,38.02,18.23,4.0,0.0
20230602:1611,203.85,261.97,29.17,18.13,4.07,0.0
20230602:1711,121.24,192.9,20.26,17.79,3.79,0.0
20230602:1811,33.99,56.52,11.67,16.99,3.66,0.0
20230602:1911,2.48,11.3,3.73,15.69,3.66,0.0
20230602:2011,0.0,0.0,0.0,14.57,3.79,0.0
20230602:2111,0.0,0.0,0.0,13.84,3.93,0.0
20230602:2211,0.0,0.0,0.0,13.11,3.86,0.0
20230602:2311,0.0,0.0,0.0,12.23,3.38,0.0
20230603:0011,0.0,0.0,0.0,11.33,2.97,0.0
20230603:0111,0.0,0.0,0.0,10.52,2.76,0.0
20230603:0211,0.0,0.0,0.0,9.95,2.55,0.0
20230603:0311,0.0,0.0,0.0,9.29,2.48,0.0
20230603:0411,20.52,37.68,6.9,8.83,2.41,0.0
20230603:0511,111.32,171.65,15.13,9.61,2.07,0.0
20230603:0611,286.22,360.18,23.89,11.49,2.07,0.0
20230603:0711,468.95,572.26,32.82,13.21,2.21,0.0
20230603:0811,604.48,749.42,41.52,14.89,2.07,0.0
20230603:0911,697.55,878.9,49.41,16.29,2.41,0.0
20230603:1011,794.72,1015.22,55.58,17.12,2.83,0.0
20230603:1111,813.41,1044.61,58.75,17.79,2.97,0.0
20230603:1211,799.33,1026.65,57.94,18.34,2.97,0.0
20230603:1311,732.94,933.42,53.42,18.73,2.9,0.0
20230603:1411,628.23,787.59,46.44,18.87,3.1,0.0
20230603:1511,492.81,613.34,38.14,18.72,3.31,0.0
20230603:1611,301.03,388.19,29.29,18.28,3.59,0.0
20230603:1711,122.89,197.05,20.38,17.43,3.72,0.0
20230603:1811,35.62,58.41,11.79,16.14,3.72,0.0
20230603:1911,4.04,14.13,3.86,14.46,3.66,0.0
20230603:2011,0.0,0.0,0.0,12.97,3.31,0.0
20230603:2111,0.0,0.0,0.0,11.99,2.97,0.0
20230603:2211,0.0,0.0,0.0,11.29,2.69,0.0
20230603:2311,0.0,0.0,0.0,10.76,2.55,0.0
20230604:0011,0.0,0.0,0.0,10.31,2.48,0.0
20230604:0111,0.0,0.0,0.0,9.9,2.34,0.0
20230604:0211,0.0,0.0,0.0,9.6,2.34,0.0
20230604:0311,0.0,0.0,0.0,9.34,2.41,0.0
20230604:0411,22.63,40.51,6.98,9.32,2.28,0.0
20230604:0511,107.74,160.46,15.2,10.38,2.07,0.0
20230604:0611,278.59,350.57,23.96,12.13,2.55,0.0
20230604:0711,461.57,560.81,32.89,13.53,2.9,0.0
20230604:0811,605.24,742.19,41.6,14.76,2.97,0.0
20230604:0911,717.97,897.95,49.49,15.76,2.9,0.0
20230604:1011,784.22,999.23,55.68,16.56,2.69,0.0
20230604:1111,799.93,1028.76,58.87,17.2,2.55,0.0
20230604:1211,788.38,1011.33,58.06,17.63,2.69,0.0
20230604:1311,732.19,925.75,53.54,17.76,3.03,0.0
20230604:1411,626.04,777.34,46.56,17.59,3.38,0.0
20230604:1511,484.15,595.3,38.26,17.01,3.79,0.0
20230604:1611,308.76,393.04,29.4,16.08,4.14,0.0
20230604:1711,126.25,194.46,20.5,14.97,4.07,0.0
20230604:1811,42.86,66.89,11.91,13.86,3.79,0.0
20230604:1911,1.59,9.42,3.98,12.53,3.66,0.0
20230604:2011,0.0,0.0,0.0,11.48,3.1,0.0
20230604:2111,0.0,0.0,0.0,10.68,2.69,0.0
20230604:2211,0.0,0.0,0.0,10.22,2.34,0.0
20230604:2311,0.0,0.0,0.0,9.77,2.28,0.0
20230605:0011,0.0,0.0,0.0,9.61,2.14,0.0
20230605:0111,0.0,0.0,0.0,9.29,2.0,0.0
20230605:0211,0.0,0.0,0.0,9.09,2.0,0.0
20230605:0311,0.0,0.0,0.0,8.81,2.14,0.0
20230605:0411,17.67,33.91,7.05,8.98,2.21,0.0
20230605:0511,105.74,153.08,15.27,10.03,2.28,0.0
20230605:0611,278.85,349.02,24.02,11.37,2.83,0.0
20230605:0711,455.97,551.42,32.95,12.44,2.83,0.0
20230605:0811,602.95,738.53,41.66,13.51,2.48,0.0
20230605:0911,713.3,894.36,49.57,14.67,2.28,0.0
20230605:1011,778.84,995.53,55.77,15.77,2.21,0.0
20230605:1111,800.96,1030.28,58.98,16.76,2.41,0.0
20230605:1211,786.71,1007.95,58.18,17.44,2.69,0.0
20230605:1311,729.62,922.64,53.66,17.83,3.03,0.0
20230605:1411,622.75,774.64,46.67,17.86,3.31,0.0
20230605:1511,483.47,596.87,38.37,17.48,3.52,0.0
20230605:1611,309.27,395.53,29.51,16.8,3.66,0.0
20230605:1711,126.63,197.97,20.61,15.94,3.72,0.0
20230605:1811,37.34,60.29,12.02,14.9,3.59,0.0
20230605:1911,8.11,20.73,4.09,13.42,3.17,0.0
20230605:2011,0.0,0.0,0.0,12.15,3.24,0.0
20230605:2111,0.0,0.0,0.0,11.19,3.24,0.0
20230605:2211,0.0,0.0,0.0,10.59,3.03,0.0
20230605:2311,0.0,0.0,0.0,10.22,2.76,0.0
20230606:0011,0.0,0.0,0.0,9.95,2.55,0.0
20230606:0111,0.0,0.0,0.0,9.79,2.55,0.0
20230606:0211,0.0,0.0,0.0,9.66,2.55,0.0
20230606:0311,0.0,0.0,0.0,9.64,2.76,0.0
20230606:0411,24.76,43.33,7.11,9.83,2.69,0.0
20230606:0511,108.77,162.15,15.33,10.84,2.69,0.0
20230606:0611,263.24,330.38,24.07,12.39,3.17,0.0
20230606:0711,0.0,0.0,0.0,13.69,3.52,0.0
20230606:0811,615.21,750.59,41.72,14.81,3.59,0.0
20230606:0911,726.89,902.54,49.64,15.81,3.59,0.0
20230606:1011,788.0,992.37,55.85,16.68,3.59,0.0
20230606:1111,811.14,1028.3,59.08,17.33,3.66,0.0
20230606:1211,798.48,1011.0,58.29,17.89,3.79,0.0
20230606:1311,735.34,920.87,53.78,18.2,4.07,0.0
20230606:1411,630.27,778.42,46.78,18.07,4.28,0.0
20230606:1511,485.79,596.57,38.48,17.5,4.34,0.0
20230606:1611,311.93,397.7,29.62,16.7,4.21,0.0
20230606:1711,127.45,199.45,20.72,15.77,4.0,0.0
20230606:1811,36.62,59.35,12.13,14.75,3.66,0.0
20230606:1911,8.72,21.67,4.21,13.62,3.24,0.0
20230606:2011,0.0,0.0,0.0,12.47,2.97,0.0
20230606:2111,0.0,0.0,0.0,11.64,2.55,0.0
20230606:2211,0.0,0.0,0.0,11.01,2.34,0.0
20230606:2311,0.0,0.0,0.0,10.57,2.21,0.0
20230607:0011,0.0,0.0,0.0,10.17,2.07,0.0
20230607:0111,0.0,0.0,0.0,9.68,1.72,0.0
20230607:0211,0.0,0.0,0.0,8.96,1.66,0.0
20230607:0311,0.0,0.0,0.0,8.46,1.86,0.0
20230607:0411,0.37,6.59,7.17,8.74,2.07,0.0
20230607:0511,39.48,61.95,15.38,10.46,1.93,0.0
20230607:0611,159.98,204.65,24.12,12.26,2.69,0.0
20230607:0711,437.84,530.02,33.06,12.19,2.55,0.0
20230607:0811,615.8,754.23,41.78,13.26,2.48,0.0
20230607:0911,727.68,911.34,49.7,14.46,2.41,0.0
20230607:1011,791.39,1008.66,55.93,15.52,2.41,0.0
20230607:1111,809.59,1038.28,59.18,16.59,2.62,0.0
20230607:1211,789.72,1015.86,58.4,17.41,2.48,0.0
20230607:1311,730.77,925.7,53.88,17.9,2.97,0.0
20230607:1411,630.09,783.21,46.89,17.94,3.52,0.0
20230607:1511,489.44,604.01,38.58,17.46,3.59,0.0
20230607:1611,315.37,402.29,29.72,16.74,4.0,0.0
20230607:1711,129.69,203.46,20.82,15.76,4.0,0.0
20230607:1811,35.9,58.41,12.24,14.58,3.79,0.0
20230607:1911,10.01,23.55,4.31,12.91,3.66,0.0
20230607:2011,0.0,0.0,0.0,11.81,3.31,0.0
20230607:2111,0.0,0.0,0.0,11.15,3.24,0.0
20230607:2211,0.0,0.0,0.0,10.67,3.03,0.0
20230607:2311,0.0,0.0,0.0,10.48,2.97,0.0
20230608:0011,0.0,0.0,0.0,10.29,2.9,0.0
20230608:0111,0.0,0.0,0.0,10.22,2.97,0.0
20230608:0211,0.0,0.0,0.0,10.14,2.76,0.0
20230608:0311,0.0,0.0,0.0,10.12,2.76,0.0
20230608:0411,0.36,6.59,7.22,10.07,2.97,0.0
20230608:0511,39.53,61.95,15.43,10.39,2.97,0.0
20230608:0611,257.25,321.51,24.17,11.21,2.9,0.0
20230608:0711,464.04,560.62,33.1,12.61,3.03,0.0
20230608:0811,607.61,738.45,41.82,13.84,3.38,0.0
20230608:0911,715.15,888.96,49.76,15.09,3.03,0.0
20230608:1011,773.58,977.58,56.0,16.18,2.97,0.0
20230608:1111,796.91,1012.59,59.26,17.51,3.38,0.0
20230608:1211,779.4,990.78,58.5,18.5,3.52,0.0
20230608:1311,717.17,903.82,53.99,19.12,3.72,0.0
20230608:1411,615.07,763.73,46.99,19.19,4.14,0.0
20230608:1511,475.32,586.65,38.68,18.8,4.48,0.0
20230608:1611,307.91,393.86,29.82,17.98,4.76,0.0
20230608:1711,128.44,199.58,20.92,16.8,4.69,0.0
20230608:1811,38.72,62.18,12.34,15.6,4.28,0.0
20230608:1911,9.93,23.55,4.41,14.25,4.0,0.0
20230608:2011,0.0,0.0,0.0,13.03,3.72,0.0
20230608:2111,0.0,0.0,0.0,12.25,3.45,0.0
20230608:2211,0.0,0.0,0.0,11.77,3.31,0.0
20230608:2311,0.0,0.0,0.0,11.5,3.17,0.0
20230609:0011,0.0,0.0,0.0,11.43,3.03,0.0
20230609:0111,0.0,0.0,0.0,11.36,2.9,0.0
20230609:0211,0.0,0.0,0.0,11.31,2.9,0.0
20230609:0311,0.0,0.0,0.0,11.27,2.9,0.0
20230609:0411,7.59,19.78,7.27,11.45,2.83,0.0
20230609:0511,108.13,163.61,15.47,12.64,2.69,0.0
20230609:0611,275.54,350.06,24.21,14.54,3.03,0.0
20230609:0711,448.61,551.81,33.14,16.49,3.1,0.0
20230609:0811,591.03,735.24,41.87,18.31,3.17,0.0
20230609:0911,696.86,885.61,49.81,20.15,3.24,0.0
20230609:1011,753.49,974.16,56.07,21.92,3.38,0.0
20230609:1111,774.33,1009.27,59.35,23.22,3.59,0.0
20230609:1211,756.63,987.62,58.59,24.22,3.66,0.0
20230609:1311,699.43,906.69,54.08,24.78,3.72,0.0
20230609:1411,599.05,766.55,47.08,24.94,3.93,0.0
20230609:1511,463.37,589.32,38.77,24.65,4.21,0.0
20230609:1611,301.8,397.69,29.92,23.86,4.28,0.0
20230609:1711,125.45,201.95,21.01,22.79,4.28,0.0
20230609:1811,36.86,61.23,12.43,21.34,3.93,0.0
20230609:1911,9.61,23.55,4.51,20.02,4.07,0.0
20230609:2011,0.0,0.0,0.0,19.09,4.21,0.0
20230609:2111,0.0,0.0,0.0,18.7,4.34,0.0
20230609:2211,0.0,0.0,0.0,17.88,4.14,0.0
20230609:2311,0.0,0.0,0.0,16.78,3.79,0.0
20230610:0011,0.0,0.0,0.0,15.67,3.52,0.0
20230610:0111,0.0,0.0,0.0,14.61,3.38,0.0
20230610:0211,0.0,0.0,0.0,13.65,3.45,0.0
20230610:0311,0.0,0.0,0.0,12.86,3.59,0.0
20230610:0411,20.15,37.68,7.31,12.46,3.52,0.0
20230610:0511,114.35,179.57,15.5,12.94,3.24,0.0
20230610:0611,305.0,385.86,24.24,14.21,3.79,0.0
20230610:0711,480.77,588.67,33.17,15.57,3.31,0.0
20230610:0811,616.93,765.3,41.9,17.31,3.24,0.0
20230610:0911,724.97,918.74,49.86,19.0,3.31,0.0
20230610:1011,783.46,1011.04,56.13,20.49,3.31,0.0
20230610:1111,802.64,1047.05,59.42,21.78,3.31,0.0
20230610:1211,780.67,1019.64,58.68,22.88,3.38,0.0
20230610:1311,720.3,935.43,54.17,23.72,3.38,0.0
20230610:1411,616.69,792.68,47.17,24.34,3.38,0.0
20230610:1511,477.98,612.99,38.86,24.8,3.24,0.0
20230610:1611,310.74,413.92,30.01,25.03,3.03,0.0
20230610:1711,127.69,209.5,21.1,24.85,2.69,0.0
20230610:1811,34.86,59.35,12.52,24.11,2.41,0.0
20230610:1911,8.88,22.61,4.6,22.31,2.69,0.0
20230610:2011,0.0,0.0,0.0,20.81,2.97,0.0
20230610:2111,0.0,0.0,0.0,19.93,3.17,0.0
20230610:2211,0.0,0.0,0.0,19.55,3.45,0.0
20230610:2311,0.0,0.0,0.0,19.33,3.59,0.0
20230611:0011,0.0,0.0,0.0,19.03,3.59,0.0
20230611:0111,0.0,0.0,0.0,18.56,3.59,0.0
20230611:0211,0.0,0.0,0.0,18.08,3.59,0.0
20230611:0311,0.0,0.0,0.0,17.6,3.59,0.0
20230611:0411,24.53,44.28,7.35,17.27,3.52,0.0
20230611:0511,106.12,165.72,15.53,17.62,3.45,0.0
20230611:0611,274.5,356.03,24.27,18.93,3.31,0.0
20230611:0711,442.37,550.9,33.2,20.33,4.07,0.0
20230611:0811,581.23,730.51,41.93,21.83,3.93,0.0
20230611:0911,685.03,879.58,49.89,23.41,3.72,0.0
20230611:1011,744.87,974.49,56.18,24.82,3.59,0.0
20230611:1111,759.55,1003.45,59.49,26.07,3.59,0.0
20230611:1211,742.05,977.04,58.76,26.64,3.86,0.0
20230611:1311,675.52,881.34,54.26,27.13,4.07,0.0
20230611:1411,584.68,755.25,47.26,27.1,4.0,0.0
20230611:1511,448.43,578.82,38.95,27.19,3.79,0.0
20230611:1611,291.81,391.02,30.09,26.92,3.52,0.0
20230611:1711,125.13,199.9,21.19,26.38,3.03,0.0
20230611:1811,41.12,67.83,12.61,25.28,2.83,0.0
20230611:1911,10.64,25.44,4.69,23.4,3.93,0.0
20230611:2011,0.0,0.0,0.0,22.14,4.21,0.0
20230611:2111,0.0,0.0,0.0,20.97,4.07,0.0
20230611:2211,0.0,0.0,0.0,19.88,3.93,0.0
20230611:2311,0.0,0.0,0.0,18.81,3.86,0.0
20230612:0011,0.0,0.0,0.0,17.94,3.66,0.0
20230612:0111,0.0,0.0,0.0,17.08,3.31,0.0
20230612:0211,0.0,0.0,0.0,16.31,3.1,0.0
20230612:0311,0.0,0.0,0.0,15.61,2.97,0.0
20230612:0411,13.74,29.2,7.38,15.23,2.83,0.0
20230612:0511,109.75,174.09,15.56,15.86,2.62,0.0
20230612:0611,280.12,361.54,24.29,17.46,2.76,0.0
20230612:0711,431.35,539.02,33.22,19.19,2.76,0.0
20230612:0811,536.85,677.71,41.96,21.01,2.83,0.0
20230612:0911,0.0,0.0,0.0,22.73,2.9,0.0
20230612:1011,749.89,986.05,56.22,24.18,3.03,0.0
20230612:1111,769.99,1016.07,59.55,25.53,3.59,0.0
20230612:1211,705.23,918.63,58.84,25.95,4.28,0.0
20230612:1311,617.74,797.35,54.34,26.1,4.34,0.0
20230612:1411,556.98,714.98,47.34,26.1,4.14,0.0
20230612:1511,439.46,564.4,39.03,26.21,3.93,0.0
20230612:1611,296.61,395.26,30.17,26.1,3.72,0.0
20230612:1711,128.32,203.42,21.27,25.64,3.17,0.0
20230612:1811,20.63,40.84,12.69,24.5,3.1,0.0
20230612:1911,10.67,25.44,4.77,22.89,3.31,0.0
20230612:2011,0.0,0.0,0.0,21.49,3.79,0.0
20230612:2111,0.0,0.0,0.0,20.53,4.21,0.0
20230612:2211,0.0,0.0,0.0,19.79,4.34,0.0
20230612:2311,0.0,0.0,0.0,19.08,4.28,0.0
20230613:0011,0.0,0.0,0.0,18.4,4.14,0.0
20230613:0111,0.0,0.0,0.0,17.61,3.72,0.0
20230613:0211,0.0,0.0,0.0,16.79,3.52,0.0
20230613:0311,0.0,0.0,0.0,16.06,3.52,0.0
20230613:0411,22.62,41.45,7.4,15.53,3.52,0.0
20230613:0511,110.85,174.93,15.58,15.76,3.38,0.0
20230613:0611,294.99,378.65,24.3,16.84,3.38,0.0
20230613:0711,474.75,587.16,33.24,17.87,3.45,0.0
20230613:0811,610.89,763.92,41.98,19.42,3.45,0.0
20230613:0911,717.58,912.36,49.95,20.74,3.72,0.0
20230613:1011,780.9,1004.71,56.26,21.69,4.0,0.0
20230613:1111,799.36,1034.61,59.61,22.33,4.07,0.0
20230613:1211,775.42,1002.64,58.9,22.81,4.07,0.0
20230613:1311,720.03,926.36,54.41,23.22,3.93,0.0
20230613:1411,620.35,789.84,47.42,23.52,3.93,0.0
20230613:1511,480.1,609.0,39.1,23.74,4.0,0.0
20230613:1611,312.05,410.94,30.25,23.82,3.86,0.0
20230613:1711,131.19,211.19,21.34,23.56,3.66,0.0
20230613:1811,22.11,43.17,12.76,22.53,4.0,0.0
20230613:1911,9.56,23.55,4.84,20.92,4.97,0.0
20230613:2011,0.0,0.0,0.0,19.54,5.31,0.0
20230613:2111,0.0,0.0,0.0,18.41,4.83,0.0
20230613:2211,0.0,0.0,0.0,17.43,4.21,0.0
20230613:2311,0.0,0.0,0.0,16.6,3.93,0.0
20230614:0011,0.0,0.0,0.0,15.96,3.72,0.0
20230614:0111,0.0,0.0,0.0,15.46,3.59,0.0
20230614:0211,0.0,0.0,0.0,15.08,3.52,0.0
20230614:0311,0.0,0.0,0.0,14.75,3.38,0.0
20230614:0411,21.31,39.57,7.42,14.62,3.17,0.0
20230614:0511,110.46,176.14,15.59,15.28,2.83,0.0
20230614:0611,288.87,371.37,24.31,16.71,3.03,0.0
20230614:0711,462.65,571.16,33.25,17.92,3.66,0.0
20230614:0811,601.39,748.45,41.99,19.24,3.72,0.0
20230614:0911,710.29,895.48,49.97,20.38,4.21,0.0
20230614:1011,766.43,974.12,56.3,21.28,4.69,0.0
20230614:1111,725.16,918.22,59.65,22.3,5.59,0.0
20230614:1211,668.87,847.93,58.96,22.74,5.17,0.0
20230614:1311,505.0,638.12,54.48,23.16,4.69,0.0
20230614:1411,403.29,509.6,47.49,23.06,4.41,0.0
20230614:1511,389.7,492.96,39.17,23.05,4.21,0.0
20230614:1611,312.72,410.09,30.32,23.02,4.0,0.0
20230614:1711,130.5,208.55,21.41,22.53,3.66,0.0
20230614:1811,28.42,51.81,12.83,21.6,3.66,0.0
20230614:1911,11.49,26.38,4.91,19.8,3.93,0.0
20230614:2011,0.0,0.0,0.0,18.5,3.93,0.0
20230614:2111,0.0,0.0,0.0,17.6,3.59,0.0
20230614:2211,0.0,0.0,0.0,17.2,3.31,0.0
20230614:2311,0.0,0.0,0.0,16.86,2.9,0.0
20230615:0011,0.0,0.0,0.0,16.47,2.41,0.0
20230615:0111,0.0,0.0,0.0,15.85,2.07,0.0
20230615:0211,0.0,0.0,0.0,15.18,1.86,0.0
20230615:0311,0.0,0.0,0.0,14.33,1.86,0.0
20230615:0411,26.41,46.16,7.43,13.73,1.79,0.0
20230615:0511,107.96,168.67,15.6,14.8,1.52,0.0
20230615:0611,277.21,359.46,24.32,17.0,1.59,0.0
20230615:0711,444.91,560.4,33.25,18.65,1.59,0.0
20230615:0811,577.45,741.87,42.0,20.25,1.31,0.0
20230615:0911,668.94,882.33,49.99,21.6,1.17,0.0
20230615:1011,733.22,977.35,56.32,22.52,1.59,0.0
20230615:1111,761.56,1013.74,59.69,23.16,2.14,0.0
20230615:1211,692.94,905.95,59.02,23.67,2.83,0.0
20230615:1311,678.49,875.85,54.54,23.82,3.52,0.0
20230615:1411,589.71,748.83,47.55,23.77,4.14,0.0
20230615:1511,456.81,576.38,39.24,23.18,4.34,0.0
20230615:1611,224.43,292.37,30.38,22.49,4.28,0.0
20230615:1711,129.38,181.45,21.48,21.66,3.79,0.0
20230615:1811,21.82,43.63,12.9,20.64,3.38,0.0
20230615:1911,11.53,26.38,4.98,19.09,2.62,0.0
20230615:2011,0.0,0.0,0.0,17.97,2.28,0.0
20230615:2111,0.0,0.0,0.0,17.12,2.41,0.0
20230615:2211,0.0,0.0,0.0,16.14,2.48,0.0
20230615:2311,0.0,0.0,0.0,15.53,2.28,0.0
20230616:0011,0.0,0.0,0.0,14.83,2.14,0.0
20230616:0111,0.0,0.0,0.0,14.13,2.07,0.0
20230616:0211,0.0,0.0,0.0,13.54,2.0,0.0
20230616:0311,0.0,0.0,0.0,13.22,2.0,0.0
20230616:0411,25.78,45.22,7.43,13.01,2.0,0.0
20230616:0511,107.57,164.42,15.6,14.23,1.93,0.0
20230616:0611,275.45,354.33,24.32,16.32,2.41,0.0
20230616:0711,427.75,530.65,33.25,17.8,2.83,0.0
20230616:0811,593.26,739.21,42.0,18.98,3.38,0.0
20230616:0911,686.42,863.69,49.99,19.97,4.0,0.0
20230616:1011,772.37,980.91,56.34,20.74,4.55,0.0
20230616:1111,793.94,1011.12,59.73,21.29,4.9,0.0
20230616:1211,776.73,985.93,59.07,21.63,5.17,0.0
20230616:1311,723.55,911.36,54.6,21.64,5.24,0.0
20230616:1411,620.48,773.64,47.61,21.35,5.1,0.0
20230616:1511,470.04,584.61,39.3,20.91,4.9,0.0
20230616:1611,310.02,399.75,30.44,20.33,4.55,0.0
20230616:1711,134.06,206.84,21.54,19.55,4.21,0.0
20230616:1811,28.9,52.75,12.96,18.63,3.86,0.0
20230616:1911,12.25,27.32,5.03,17.81,3.31,0.0
20230616:2011,0.0,0.0,0.0,16.63,2.9,0.0
20230616:2111,0.0,0.0,0.0,15.66,2.48,0.0
20230616:2211,0.0,0.0,0.0,14.98,2.34,0.0
20230616:2311,0.0,0.0,0.0,14.55,2.21,0.0
20230617:0011,0.0,0.0,0.0,14.32,2.21,0.0
20230617:0111,0.0,0.0,0.0,14.05,2.21,0.0
20230617:0211,0.0,0.0,0.0,13.84,2.21,0.0
20230617:0311,0.0,0.0,0.0,13.66,2.14,0.0
20230617:0411,0.34,6.59,7.43,13.71,2.07,0.0
20230617:0511,19.93,37.75,15.59,14.86,2.41,0.0
20230617:0611,80.44,113.25,24.31,16.24,2.62,0.0
20230617:0711,230.79,292.28,33.24,17.29,2.21,0.0
20230617:0811,256.66,325.9,41.99,18.75,2.0,0.0
20230617:0911,626.23,805.77,50.0,19.92,1.72,0.0
20230617:1011,708.93,932.32,56.35,21.07,1.66,0.0
20230617:1111,755.44,1006.2,59.76,22.29,1.79,0.0
20230617:1211,736.75,981.15,59.11,23.22,1.86,0.0
20230617:1311,688.74,907.87,54.65,23.88,2.07,0.0
20230617:1411,592.67,766.17,47.66,24.11,2.48,0.0
20230617:1511,467.46,598.51,39.36,23.86,2.69,0.0
20230617:1611,302.15,398.33,30.5,23.33,2.76,0.0
20230617:1711,132.81,206.4,21.6,22.56,2.69,0.0
20230617:1811,29.27,54.22,13.01,21.57,2.62,0.0
20230617:1911,12.13,27.32,5.09,19.56,2.9,0.0
20230617:2011,0.0,0.0,0.0,18.08,2.34,0.0
20230617:2111,0.0,0.0,0.0,17.0,1.79,0.0
20230617:2211,0.0,0.0,0.0,16.08,1.66,0.0
20230617:2311,0.0,0.0,0.0,15.16,1.79,0.0
20230618:0011,0.0,0.0,0.0,14.57,1.79,0.0
20230618:0111,0.0,0.0,0.0,14.02,1.72,0.0
20230618:0211,0.0,0.0,0.0,13.55,1.86,0.0
20230618:0311,0.0,0.0,0.0,13.2,1.86,0.0
20230618:0411,0.34,6.59,7.43,13.32,1.79,0.0
20230618:0511,10.96,25.17,15.58,15.08,1.52,0.0
20230618:0611,129.7,173.63,24.3,17.86,1.72,0.0
20230618:0711,370.41,466.38,33.23,19.14,1.79,0.0
20230618:0811,549.97,702.46,41.98,21.22,1.86,0.0
20230618:0911,663.8,869.6,49.99,22.96,1.86,0.0
20230618:1011,641.82,851.19,56.36,24.35,1.66,0.0
20230618:1111,690.86,933.65,59.78,25.45,1.45,0.0
20230618:1211,637.68,857.99,59.14,25.8,1.31,0.0
20230618:1311,513.53,681.17,54.69,26.29,1.24,0.0
20230618:1411,410.72,540.31,47.71,26.24,1.1,0.0
20230618:1511,223.08,297.63,39.41,26.21,0.76,0.0
20230618:1611,219.77,294.77,30.55,26.07,1.31,0.0
20230618:1711,100.72,144.79,21.65,25.89,1.93,0.0
20230618:1811,30.14,53.24,13.06,24.9,2.62,0.0
20230618:1911,1.02,8.48,5.14,23.9,2.21,0.0
20230618:2011,0.0,0.0,0.0,22.35,2.55,0.0
20230618:2111,0.0,0.0,0.0,21.54,2.83,0.0
20230618:2211,0.0,0.0,0.0,21.25,2.76,0.0
20230618:2311,0.0,0.0,0.0,21.12,2.34,0.0
20230619:0011,0.0,0.0,0.0,20.8,2.07,0.0
20230619:0111,0.0,0.0,0.0,20.8,2.55,0.0
20230619:0211,0.0,0.0,0.0,20.94,3.24,0.0
20230619:0311,0.0,0.0,0.0,20.85,3.93,0.0
20230619:0411,3.37,13.19,7.41,20.54,4.0,0.0
20230619:0511,80.54,118.88,15.57,20.29,3.72,0.0
20230619:0611,199.59,261.92,24.28,20.84,3.52,0.0
20230619:0711,254.34,323.65,33.21,21.58,4.83,0.0
20230619:0811,83.18,119.06,41.97,22.19,6.07,0.0
20230619:0911,131.52,177.13,49.98,21.98,6.21,0.0
20230619:1011,126.02,170.36,56.36,21.49,5.31,0.0
20230619:1111,397.54,499.71,59.79,22.04,5.24,0.0
20230619:1211,605.97,763.25,59.17,22.66,5.52,0.0
20230619:1311,509.01,640.32,54.73,23.4,5.66,0.0
20230619:1411,562.55,708.28,47.76,23.91,5.31,0.0
20230619:1511,444.83,561.5,39.45,23.88,4.83,0.0
20230619:1611,285.42,372.97,30.6,23.39,4.21,0.0
20230619:1711,135.04,203.39,21.69,22.66,3.45,0.0
20230619:1811,40.3,68.31,13.11,21.76,2.69,0.0
20230619:1911,12.65,28.26,5.18,21.17,2.28,0.0
20230619:2011,0.0,0.0,0.0,19.71,2.14,0.0
20230619:2111,0.0,0.0,0.0,18.49,1.93,0.0
20230619:2211,0.0,0.0,0.0,17.64,2.0,0.0
20230619:2311,0.0,0.0,0.0,16.96,2.07,0.0
20230620:0011,0.0,0.0,0.0,16.48,2.07,0.0
20230620:0111,0.0,0.0,0.0,16.17,2.34,0.0
20230620:0211,0.0,0.0,0.0,16.0,2.34,0.0
20230620:0311,0.0,0.0,0.0,15.99,2.41,0.0
20230620:0411,0.32,6.59,7.4,16.16,2.21,0.0
20230620:0511,33.67,56.14,15.55,16.93,2.41,0.0
20230620:0611,120.97,162.87,24.26,17.82,2.28,0.0
20230620:0711,247.02,312.81,33.19,19.03,3.17,0.0
20230620:0811,246.88,314.65,41.95,20.39,3.31,0.0
20230620:0911,302.06,383.58,49.97,21.82,3.86,0.0
20230620:1011,356.88,453.75,56.35,23.1,4.07,0.0
20230620:1111,386.23,493.53,59.8,24.32,4.07,0.0
20230620:1211,582.26,748.44,59.19,25.36,4.34,0.0
20230620:1311,550.48,705.57,54.76,26.01,4.69,0.0
20230620:1411,499.21,637.35,47.79,26.42,4.97,0.0
20230620:1511,348.24,447.23,39.49,26.46,5.03,0.0
20230620:1611,208.52,276.89,30.64,26.2,4.69,0.0
20230620:1711,68.83,103.12,21.73,25.28,4.07,0.0
20230620:1811,5.62,17.42,13.15,24.69,2.9,0.0
20230620:1911,0.0,4.71,5.21,24.34,2.62,0.0
20230620:2011,0.0,0.0,0.0,22.72,2.41,0.0
20230620:2111,0.0,0.0,0.0,21.23,2.14,0.0
20230620:2211,0.0,0.0,0.0,20.43,2.14,0.0
20230620:2311,0.0,0.0,0.0,20.06,2.48,0.0
20230621:0011,0.0,0.0,0.0,19.99,3.31,0.0
20230621:0111,0.0,0.0,0.0,19.7,3.59,0.0
20230621:0211,0.0,0.0,0.0,19.31,3.66,0.0
20230621:0311,0.0,0.0,0.0,18.78,3.79,0.0
20230621:0411,0.68,7.54,7.37,18.28,3.86,0.0
20230621:0511,68.48,101.18,15.52,18.44,3.86,0.0
20230621:0611,155.83,205.12,24.23,18.98,4.76,0.0
20230621:0711,331.4,413.1,33.16,19.73,4.62,0.0
20230621:0811,436.96,542.06,41.92,20.71,5.03,0.0
20230621:0911,622.94,781.23,49.94,21.87,5.03,0.0
20230621:1011,616.99,782.15,56.34,22.89,4.69,0.0
20230621:1111,610.54,776.99,59.79,23.46,4.69,0.0
20230621:1211,476.7,604.99,59.21,23.69,4.55,0.0
20230621:1311,561.23,713.46,54.79,23.84,4.41,0.0
20230621:1411,577.4,731.81,47.82,23.62,4.14,0.0
20230621:1511,464.76,588.61,39.53,23.46,3.79,0.0
20230621:1611,273.76,357.49,30.67,22.99,3.52,0.0
20230621:1711,136.14,205.21,21.77,22.37,3.1,0.0
20230621:1811,40.0,68.41,13.18,21.57,2.55,0.0
20230621:1911,5.49,16.96,5.24,20.47,2.34,0.0
20230621:2011,0.0,0.0,0.0,19.35,1.86,0.0
20230621:2111,0.0,0.0,0.0,18.18,1.45,0.0
20230621:2211,0.0,0.0,0.0,17.29,1.03,0.0
20230621:2311,0.0,0.0,0.0,16.97,1.03,0.0
20230622:0011,0.0,0.0,0.0,17.23,0.83,0.0
20230622:0111,0.0,0.0,0.0,16.74,0.9,0.0
20230622:0211,0.0,0.0,0.0,15.25,1.24,0.0
20230622:0311,0.0,0.0,0.0,14.22,1.52,0.0
20230622:0411,24.2,43.33,7.34,14.0,1.45,0.0
20230622:0511,99.87,150.11,15.49,15.57,1.1,0.0
20230622:0611,242.56,315.24,24.2,17.37,1.38,0.0
20230622:0711,411.02,518.35,33.13,20.0,2.07,0.0
20230622:0811,548.21,694.47,41.89,21.35,2.62,0.0
20230622:0911,656.3,844.41,49.92,22.53,2.9,0.0
20230622:1011,732.88,955.51,56.32,23.5,3.17,0.0
20230622:1111,660.52,863.66,59.79,24.31,2.83,0.0
20230622:1211,541.74,701.38,59.21,24.66,2.9,0.0
20230622:1311,449.35,576.05,54.81,24.74,3.52,0.0
20230622:1411,219.3,286.52,47.85,24.55,4.34,0.0
20230622:1511,101.33,142.29,39.55,23.94,4.76,0.0
20230622:1611,107.31,148.91,30.7,22.84,4.62,0.0
20230622:1711,19.98,38.72,21.8,21.19,4.48,0.0
20230622:1811,6.98,19.36,13.21,19.54,4.69,0.0
20230622:1911,0.0,3.77,5.27,18.22,4.69,0.0
20230622:2011,0.0,0.0,0.0,17.25,5.1,0.0
20230622:2111,0.0,0.0,0.0,17.04,5.03,0.0
20230622:2211,0.0,0.0,0.0,16.88,4.97,0.0
20230622:2311,0.0,0.0,0.0,16.72,5.1,0.0
20230623:0011,0.0,0.0,0.0,16.52,4.97,0.0
20230623:0111,0.0,0.0,0.0,16.3,4.41,0.0
20230623:0211,0.0,0.0,0.0,16.1,3.79,0.0
20230623:0311,0.0,0.0,0.0,15.97,3.24,0.0
20230623:0411,21.17,39.57,7.31,15.87,2.83,0.0
20230623:0511,16.3,32.91,15.45,16.03,2.69,0.0
20230623:0611,101.47,138.48,24.16,16.54,2.9,0.0
20230623:0711,454.15,562.62,33.09,17.55,2.9,0.0
20230623:0811,566.67,705.94,41.85,18.76,3.1,0.0
20230623:0911,694.79,878.23,49.88,19.71,3.45,0.0
20230623:1011,766.69,980.95,56.29,20.57,3.72,0.0
20230623:1111,786.61,1013.74,59.77,21.23,3.72,0.0
20230623:1211,767.33,983.84,59.21,21.63,4.07,0.0
20230623:1311,716.09,906.0,54.82,21.62,4.62,0.0
20230623:1411,617.43,770.04,47.87,21.3,4.97,0.0
20230623:1511,485.29,602.32,39.58,20.74,5.03,0.0
20230623:1611,219.19,281.71,30.73,19.86,4.83,0.0
20230623:1711,138.57,210.47,21.82,19.06,4.28,0.0
20230623:1811,50.83,78.35,13.23,18.42,3.72,0.0
20230623:1911,0.68,7.54,5.29,17.69,3.03,0.0
20230623:2011,0.0,0.0,0.0,17.17,2.28,0.0
20230623:2111,0.0,0.0,0.0,16.53,1.93,0.0
20230623:2211,0.0,0.0,0.0,15.72,1.59,0.0
20230623:2311,0.0,0.0,0.0,14.69,1.38,0.0
20230624:0011,0.0,0.0,0.0,14.1,1.45,0.0
20230624:0111,0.0,0.0,0.0,13.67,1.52,0.0
20230624:0211,0.0,0.0,0.0,13.29,1.59,0.0
20230624:0311,0.0,0.0,0.0,13.02,1.59,0.0
20230624:0411,24.34,43.33,7.27,12.97,1.66,0.0
20230624:0511,100.86,154.71,15.41,14.93,1.45,0.0
20230624:0611,265.88,345.81,24.12,17.32,1.86,0.0
20230624:0711,406.93,510.64,33.05,19.48,2.34,0.0
20230624:0811,512.46,645.84,41.81,21.12,2.83,0.0
20230624:0911,500.67,636.26,49.84,22.45,3.03,0.0
20230624:1011,638.79,825.39,56.26,23.47,3.1,0.0
20230624:1111,675.24,876.95,59.75,24.28,3.45,0.0
20230624:1211,459.56,590.66,59.21,24.7,3.31,0.0
20230624:1311,493.39,636.06,54.83,25.0,3.03,0.0
20230624:1411,305.9,395.59,47.88,24.97,2.97,0.0
20230624:1511,440.29,562.32,39.6,24.12,3.03,0.0
20230624:1611,298.2,391.18,30.75,23.15,3.17,0.0
20230624:1711,135.52,206.26,21.84,22.6,2.97,0.0
20230624:1811,30.03,57.18,13.25,21.95,2.21,0.0
20230624:1911,13.29,29.2,5.3,21.05,1.93,0.0
20230624:2011,0.0,0.0,0.0,19.95,1.66,0.0
20230624:2111,0.0,0.0,0.0,18.63,1.52,0.0
20230624:2211,0.0,0.0,0.0,17.44,1.24,0.0
20230624:2311,0.0,0.0,0.0,16.96,1.17,0.0
20230625:0011,0.0,0.0,0.0,16.37,1.31,0.0
20230625:0111,0.0,0.0,0.0,15.62,1.45,0.0
20230625:0211,0.0,0.0,0.0,14.93,1.72,0.0
20230625:0311,0.0,0.0,0.0,14.62,1.79,0.0
20230625:0411,24.82,44.28,7.22,14.8,1.66,0.0
20230625:0511,99.35,153.88,15.37,16.8,1.52,0.0
20230625:0611,260.4,341.87,24.07,18.86,1.59,0.0
20230625:0711,425.47,540.11,33.0,21.33,2.07,0.0
20230625:0811,560.5,719.82,41.76,23.07,2.21,0.0
20230625:0911,660.1,865.3,49.8,24.66,2.34,0.0
20230625:1011,714.73,950.39,56.22,25.95,2.55,0.0
20230625:1111,739.1,987.49,59.72,26.74,2.83,0.0
20230625:1211,724.67,965.35,59.2,27.43,3.1,0.0
20230625:1311,680.32,898.82,54.83,27.9,3.31,0.0
20230625:1411,585.2,764.26,47.89,28.18,3.38,0.0
20230625:1511,450.66,585.86,39.61,28.33,3.45,0.0
20230625:1611,293.32,394.35,30.76,28.3,3.31,0.0
20230625:1711,131.55,208.78,21.85,28.05,2.97,0.0
20230625:1811,29.14,57.29,13.26,27.2,2.48,0.0
20230625:1911,12.94,29.2,5.31,25.89,2.62,0.0
20230625:2011,0.0,0.0,0.0,24.41,2.97,0.0
20230625:2111,0.0,0.0,0.0,23.36,3.1,0.0
20230625:2211,0.0,0.0,0.0,22.63,3.17,0.0
20230625:2311,0.0,0.0,0.0,21.98,3.24,0.0
20230626:0011,0.0,0.0,0.0,21.46,3.24,0.0
20230626:0111,0.0,0.0,0.0,21.05,3.31,0.0
20230626:0211,0.0,0.0,0.0,20.71,3.38,0.0
20230626:0311,0.0,0.0,0.0,20.37,3.38,0.0
20230626:0411,0.29,6.59,7.17,20.18,3.45,0.0
20230626:0511,67.75,101.11,15.31,20.32,3.79,0.0
20230626:0611,77.4,111.31,24.02,20.42,4.55,0.0
20230626:0711,220.85,281.73,32.95,20.26,5.17,0.0
20230626:0811,562.54,692.47,41.71,19.99,5.59,0.0
20230626:0911,423.7,523.78,49.75,20.2,6.21,0.0
20230626:1011,249.12,316.5,56.17,20.81,5.86,0.0
20230626:1111,482.52,600.74,59.69,21.23,6.07,0.0
20230626:1211,457.7,569.84,59.18,21.51,6.48,0.0
20230626:1311,610.8,756.64,54.82,21.19,6.83,0.0
20230626:1411,425.34,524.82,47.9,20.24,6.69,0.0
20230626:1511,330.41,410.2,39.62,19.72,6.55,0.0
20230626:1611,269.52,342.43,30.77,19.45,6.48,0.0
20230626:1711,140.46,210.84,21.86,18.93,6.07,0.0
20230626:1811,25.6,51.79,13.26,18.29,5.45,0.0
20230626:1911,13.59,29.2,5.31,17.33,4.41,0.0
20230626:2011,0.0,0.0,0.0,16.59,4.07,0.0
20230626:2111,0.0,0.0,0.0,16.09,3.86,0.0
20230626:2211,0.0,0.0,0.0,15.62,3.79,0.0
20230626:2311,0.0,0.0,0.0,15.36,3.59,0.0
20230627:0011,0.0,0.0,0.0,15.22,3.45,0.0
20230627:0111,0.0,0.0,0.0,15.12,3.31,0.0
20230627:0211,0.0,0.0,0.0,14.82,3.1,0.0
20230627:0311,0.0,0.0,0.0,14.6,3.03,0.0
20230627:0411,21.32,39.57,7.12,14.52,2.97,0.0
20230627:0511,102.89,166.24,15.26,15.21,2.9,0.0
20230627:0611,279.01,359.11,23.96,16.48,3.45,0.0
20230627:0711,416.78,512.2,32.89,17.71,4.48,0.0
20230627:0811,432.67,530.93,41.65,18.31,5.03,0.0
20230627:0911,541.45,667.18,49.69,19.0,5.31,0.0
20230627:1011,635.59,789.13,56.12,19.51,5.45,0.0
20230627:1111,596.75,740.52,59.65,19.86,5.79,0.0
20230627:1211,469.74,581.49,59.15,19.86,5.93,0.0
20230627:1311,463.94,573.01,54.81,19.64,5.93,0.0
20230627:1411,521.27,640.45,47.89,19.42,6.0,0.0
20230627:1511,424.57,522.59,39.62,19.15,5.79,0.0
20230627:1611,233.02,296.87,30.77,18.89,5.45,0.0
20230627:1711,144.87,206.71,21.86,18.4,4.97,0.0
20230627:1811,52.65,82.51,13.26,17.88,4.28,0.0
20230627:1911,12.94,28.26,5.31,17.2,3.72,0.0
20230627:2011,0.0,0.0,0.0,16.52,3.17,0.0
20230627:2111,0.0,0.0,0.0,15.75,2.62,0.0
20230627:2211,0.0,0.0,0.0,15.04,2.34,0.0
20230627:2311,0.0,0.0,0.0,14.59,2.41,0.0
20230628:0011,0.0,0.0,0.0,14.29,2.55,0.0
20230628:0111,0.0,0.0,0.0,14.19,2.41,0.0
20230628:0211,0.0,0.0,0.0,14.12,2.07,0.0
20230628:0311,0.0,0.0,0.0,13.98,2.07,0.0
20230628:0411,9.31,22.61,7.05,14.05,2.0,0.0
20230628:0511,5.98,17.42,15.19,14.72,2.0,0.0
20230628:0611,89.48,123.93,23.9,15.88,2.55,0.0
20230628:0711,153.02,198.44,32.83,15.61,2.55,0.0
20230628:0811,182.21,233.23,41.59,16.39,3.1,0.0
20230628:0911,269.55,337.53,49.63,17.06,3.17,0.0
20230628:1011,159.08,207.14,56.06,17.73,3.52,0.0
20230628:1111,204.74,261.59,59.6,18.25,3.93,0.0
20230628:1211,91.49,127.77,59.12,19.16,3.86,0.0
20230628:1311,86.45,121.96,54.79,19.6,3.72,0.0
20230628:1411,152.01,200.36,47.88,19.69,3.86,0.0
20230628:1511,82.41,117.12,39.61,19.68,3.72,0.0
20230628:1611,73.68,106.47,30.77,19.39,3.17,0.0
20230628:1711,36.27,60.01,21.86,19.26,2.69,0.0
20230628:1811,22.31,41.62,13.26,19.11,2.34,0.0
20230628:1911,11.58,26.38,5.3,18.22,2.14,0.0
20230628:2011,0.0,0.0,0.0,18.05,2.07,0.0
20230628:2111,0.0,0.0,0.0,17.84,2.0,0.0
20230628:2211,0.0,0.0,0.0,17.69,2.0,0.0
20230628:2311,0.0,0.0,0.0,17.41,2.07,0.0
20230629:0011,0.0,0.0,0.0,17.07,2.14,0.0
20230629:0111,0.0,0.0,0.0,16.8,2.14,0.0
20230629:0211,0.0,0.0,0.0,16.48,2.07,0.0
20230629:0311,0.0,0.0,0.0,16.44,2.0,0.0
20230629:0411,0.32,6.59,6.99,16.64,1.86,0.0
20230629:0511,21.8,40.65,15.13,17.36,1.93,0.0
20230629:0611,47.15,73.56,23.83,18.38,2.28,0.0
20230629:0711,103.86,143.25,32.76,20.01,3.1,0.0
20230629:0811,88.46,124.86,41.52,20.39,3.31,0.0
20230629:0911,173.82,227.72,49.57,21.05,3.86,0.0
20230629:1011,223.3,287.59,56.0,21.69,4.55,0.0
20230629:1111,133.09,179.07,59.55,21.44,4.21,0.0
20230629:1211,102.56,142.29,59.08,21.33,4.14,0.0
20230629:1311,236.52,303.35,54.76,21.53,4.48,0.0
20230629:1411,91.33,128.73,47.87,21.41,4.28,0.0
20230629:1511,81.29,116.15,39.6,20.61,4.34,0.0
20230629:1611,157.9,207.92,30.76,20.06,4.07,0.0
20230629:1711,86.07,121.58,21.85,19.13,4.07,0.0
20230629:1811,12.74,28.07,13.25,18.14,3.79,0.0
20230629:1911,12.31,27.32,5.28,17.03,3.79,0.0
20230629:2011,0.0,0.0,0.0,16.54,3.1,0.0
20230629:2111,0.0,0.0,0.0,16.19,2.62,0.0
20230629:2211,0.0,0.0,0.0,15.83,2.69,0.0
20230629:2311,0.0,0.0,0.0,15.41,2.55,0.0
20230630:0011,0.0,0.0,0.0,14.86,2.48,0.0
20230630:0111,0.0,0.0,0.0,14.58,2.62,0.0
20230630:0211,0.0,0.0,0.0,14.49,2.62,0.0
20230630:0311,0.0,0.0,0.0,14.22,2.55,0.0
20230630:0411,18.57,35.8,6.92,14.0,2.07,0.0
20230630:0511,99.44,153.46,15.05,14.48,2.0,0.0
20230630:0611,272.91,351.48,23.76,15.37,2.41,0.0
20230630:0711,336.14,414.69,32.69,16.18,3.17,0.0
20230630:0811,464.85,573.04,41.45,16.9,2.97,0.0
20230630:0911,453.72,562.56,49.49,17.85,3.24,0.0
20230630:1011,645.71,811.64,55.93,18.75,3.52,0.0
20230630:1111,0.0,0.0,0.0,19.33,3.59,0.0
20230630:1211,521.23,654.42,59.03,20.03,3.66,0.0
20230630:1311,344.49,433.94,54.73,20.09,3.24,0.0
20230630:1411,404.78,508.13,47.85,20.37,3.24,0.0
20230630:1511,372.04,468.32,39.59,20.55,3.03,0.0
20230630:1611,207.93,269.84,30.75,20.43,3.03,0.0
20230630:1711,109.86,152.27,21.84,20.09,3.03,0.0
20230630:1811,18.77,36.78,13.23,19.27,2.9,0.0
20230630:1911,4.99,16.01,5.26,19.06,2.97,0.0
20230630:2011,0.0,0.0,0.0,18.28,2.83,0.0
20230630:2111,0.0,0.0,0.0,17.81,2.97,0.0
20230630:2211,0.0,0.0,0.0,17.49,3.1,0.0
20230630:2311,0.0,0.0,0.0,17.36,3.52,0.0
20230701:0011,0.0,0.0,0.0,17.28,4.07,0.0
20230701:0111,0.0,0.0,0.0,17.34,4.9,0.0
20230701:0211,0.0,0.0,0.0,17.42,5.52,0.0
20230701:0311,0.0,0.0,0.0,17.55,6.07,0.0
20230701:0411,0.0,5.65,6.84,17.49,6.48,0.0
20230701:0511,13.54,29.04,14.98,16.56,6.21,0.0
20230701:0611,30.86,52.27,23.68,16.06,6.0,0.0
20230701:0711,47.89,73.56,32.61,15.77,5.1,0.0
20230701:0811,153.91,198.65,41.38,16.14,6.55,0.0
20230701:0911,150.11,194.55,49.42,16.55,6.9,0.0
20230701:1011,174.93,223.59,55.86,16.54,6.34,0.0
20230701:1111,215.31,271.28,59.42,17.07,6.48,0.0
20230701:1211,162.29,210.04,58.98,17.76,6.07,0.0
20230701:1311,198.8,253.79,54.69,18.27,5.31,0.0
20230701:1411,95.55,131.64,47.82,17.64,4.83,0.0
20230701:1511,223.03,281.23,39.57,17.58,5.24,0.0
20230701:1611,234.4,296.67,30.73,17.44,5.38,0.0
20230701:1711,133.48,182.22,21.82,17.26,5.03,0.0
20230701:1811,29.91,51.3,13.2,17.3,5.1,0.0
20230701:1911,13.61,29.2,5.23,16.98,4.69,0.0
20230701:2011,0.0,0.0,0.0,16.29,4.55,0.0
20230701:2111,0.0,0.0,0.0,15.85,4.69,0.0
20230701:2211,0.0,0.0,0.0,15.61,4.9,0.0
20230701:2311,0.0,0.0,0.0,15.68,4.9,0.0
20230702:0011,0.0,0.0,0.0,15.43,4.76,0.0
20230702:0111,0.0,0.0,0.0,15.12,4.55,0.0
20230702:0211,0.0,0.0,0.0,14.87,4.62,0.0
20230702:0311,0.0,0.0,0.0,14.61,4.76,0.0
20230702:0411,22.75,41.45,6.76,14.58,4.97,0.0
20230702:0511,97.8,149.42,14.9,14.84,5.38,0.0
20230702:0611,244.77,311.24,23.6,15.48,6.0,0.0
20230702:0711,401.51,485.52,32.53,15.84,6.76,0.0
20230702:0811,577.64,693.58,41.29,16.39,7.31,0.0
20230702:0911,424.39,514.56,49.33,16.97,7.66,0.0
20230702:1011,732.03,891.84,55.78,17.51,7.72,0.0
20230702:1111,504.83,615.54,59.34,18.44,8.14,0.0
20230702:1211,576.03,701.41,58.91,18.46,8.34,0.0
20230702:1311,530.82,645.08,54.65,18.39,8.41,0.0
20230702:1411,97.99,134.54,47.79,18.26,8.07,0.0
20230702:1511,265.08,329.36,39.54,17.93,8.0,0.0
20230702:1611,219.05,276.94,30.7,17.52,7.66,0.0
20230702:1711,130.52,176.73,21.79,17.25,7.1,0.0
20230702:1811,28.48,49.36,13.18,16.92,5.86,0.0
20230702:1911,4.53,15.07,5.19,16.46,5.24,0.0
20230702:2011,0.0,0.0,0.0,15.89,4.55,0.0
20230702:2111,0.0,0.0,0.0,15.47,4.28,0.0
20230702:2211,0.0,0.0,0.0,15.21,4.28,0.0
20230702:2311,0.0,0.0,0.0,14.95,4.41,0.0
20230703:0011,0.0,0.0,0.0,14.79,4.55,0.0
20230703:0111,0.0,0.0,0.0,14.6,4.55,0.0
20230703:0211,0.0,0.0,0.0,14.26,4.62,0.0
20230703:0311,0.0,0.0,0.0,14.03,4.62,0.0
20230703:0411,19.99,37.68,6.67,14.05,4.76,0.0
20230703:0511,88.29,128.99,14.81,14.43,5.1,0.0
20230703:0611,214.31,272.8,23.51,14.93,5.31,0.0
20230703:0711,416.33,504.75,32.44,15.61,5.38,0.0
20230703:0811,543.04,656.2,41.21,16.51,6.0,0.0
20230703:0911,423.23,515.48,49.25,17.01,6.21,0.0
20230703:1011,250.07,312.38,55.69,17.3,6.28,0.0
20230703:1111,182.27,233.27,59.26,17.64,6.34,0.0
20230703:1211,317.59,393.28,58.85,18.09,6.41,0.0
20230703:1311,94.76,130.67,54.6,17.96,6.62,0.0
20230703:1411,360.42,440.8,47.75,17.28,6.9,0.0
20230703:1511,125.68,166.48,39.51,17.06,6.69,0.0
20230703:1611,130.46,171.86,30.67,16.6,6.34,0.0
20230703:1711,115.71,156.72,21.76,16.56,5.93,0.0
20230703:1811,52.55,80.0,13.14,16.6,4.83,0.0
20230703:1911,0.0,5.65,5.15,16.07,4.55,0.0
20230703:2011,0.0,0.0,0.0,14.27,5.1,0.0
20230703:2111,0.0,0.0,0.0,13.46,6.07,0.0
20230703:2211,0.0,0.0,0.0,13.51,6.9,0.0
20230703:2311,0.0,0.0,0.0,13.21,7.1,0.0
20230704:0011,0.0,0.0,0.0,13.13,6.0,0.0
20230704:0111,0.0,0.0,0.0,13.0,4.9,0.0
20230704:0211,0.0,0.0,0.0,12.64,4.34,0.0
20230704:0311,0.0,0.0,0.0,12.3,4.0,0.0
20230704:0411,0.0,5.65,6.58,12.31,4.07,0.0
20230704:0511,26.04,45.49,14.72,12.94,4.0,0.0
20230704:0611,137.79,179.55,23.42,13.98,4.41,0.0
20230704:0711,271.96,333.56,32.35,14.58,5.45,0.0
20230704:0811,323.62,394.22,41.12,15.04,5.45,0.0
20230704:0911,575.99,698.99,49.15,16.28,5.79,0.0
20230704:1011,77.03,109.38,55.6,17.47,6.07,0.0
20230704:1111,778.03,964.05,59.17,18.2,6.14,0.0
20230704:1211,569.26,699.53,58.77,18.73,6.41,0.0
20230704:1311,648.41,797.61,54.54,19.01,6.41,0.0
20230704:1411,498.26,608.66,47.7,18.45,6.41,0.0
20230704:1511,407.58,500.11,39.47,18.62,6.28,0.0
20230704:1611,287.98,364.87,30.64,18.33,5.03,0.0
20230704:1711,139.32,191.69,21.72,18.17,4.21,0.0
20230704:1811,44.66,73.84,13.1,17.72,2.62,0.0
20230704:1911,13.58,29.2,5.11,17.23,1.52,0.0
20230704:2011,0.0,0.0,0.0,16.56,0.55,0.0
20230704:2111,0.0,0.0,0.0,15.52,1.86,0.0
20230704:2211,0.0,0.0,0.0,14.92,2.41,0.0
20230704:2311,0.0,0.0,0.0,14.89,2.69,0.0
20230705:0011,0.0,0.0,0.0,14.63,3.38,0.0
20230705:0111,0.0,0.0,0.0,14.26,4.48,0.0
20230705:0211,0.0,0.0,0.0,14.38,5.03,0.0
20230705:0311,0.0,0.0,0.0,14.26,5.1,0.0
20230705:0411,4.05,14.13,6.48,14.17,5.59,0.0
20230705:0511,16.43,32.91,14.62,14.73,6.28,0.0
20230705:0611,278.37,354.89,23.33,15.7,7.31,0.0
20230705:0711,0.0,0.0,0.0,14.93,7.17,0.0
20230705:0811,275.71,336.9,41.02,15.29,8.76,0.0
20230705:0911,292.58,357.15,49.06,15.74,9.59,0.0
20230705:1011,79.74,111.31,55.5,15.22,10.97,0.0
20230705:1111,90.01,122.93,59.08,14.39,10.83,0.0
20230705:1211,223.48,277.06,58.69,15.13,10.34,0.0
20230705:1311,93.74,127.77,54.47,15.37,10.97,0.0
20230705:1411,84.11,116.15,47.65,14.6,10.62,0.0
20230705:1511,112.99,150.03,39.42,15.17,10.55,0.0
20230705:1611,182.71,230.9,30.6,15.1,9.24,0.0
20230705:1711,80.78,112.81,21.68,15.23,7.72,0.0
20230705:1811,25.47,51.27,13.05,15.27,6.76,0.0
20230705:1911,12.47,27.32,5.05,14.82,5.72,0.0
20230705:2011,0.0,0.0,0.0,14.43,4.97,0.0
20230705:2111,0.0,0.0,0.0,13.96,4.48,0.0
20230705:2211,0.0,0.0,0.0,13.71,4.28,0.0
20230705:2311,0.0,0.0,0.0,13.6,4.21,0.0
20230706:0011,0.0,0.0,0.0,13.26,4.14,0.0
20230706:0111,0.0,0.0,0.0,12.95,3.93,0.0
20230706:0211,0.0,0.0,0.0,12.5,3.66,0.0
20230706:0311,0.0,0.0,0.0,12.19,3.52,0.0
20230706:0411,19.47,36.74,6.38,12.15,3.1,0.0
20230706:0511,76.12,110.29,14.52,12.9,2.83,0.0
20230706:0611,251.58,321.49,23.23,14.1,3.17,0.0
20230706:0711,444.85,544.35,32.16,15.8,3.59,0.0
20230706:0811,583.95,717.77,40.92,17.15,3.79,0.0
20230706:0911,571.81,708.47,48.96,17.96,3.79,0.0
20230706:1011,126.44,169.39,55.39,19.03,3.86,0.0
20230706:1111,90.47,126.8,58.98,19.67,4.0,0.0
20230706:1211,624.45,785.2,58.6,19.72,3.93,0.0
20230706:1311,575.86,720.13,54.4,19.82,4.07,0.0
20230706:1411,524.23,653.19,47.59,19.8,3.86,0.0
20230706:1511,360.72,451.77,39.37,19.83,3.45,0.0
20230706:1611,115.16,156.67,30.55,19.75,3.1,0.0
20230706:1711,139.43,195.7,21.63,19.49,2.48,0.0
20230706:1811,27.04,53.53,13.0,19.21,1.79,0.0
20230706:1911,0.0,3.77,4.99,18.6,1.52,0.0
20230706:2011,0.0,0.0,0.0,17.27,1.38,0.0
20230706:2111,0.0,0.0,0.0,16.26,0.9,0.0
20230706:2211,0.0,0.0,0.0,16.53,0.48,0.0
20230706:2311,0.0,0.0,0.0,14.92,1.03,0.0
20230707:0011,0.0,0.0,0.0,14.06,1.79,0.0
20230707:0111,0.0,0.0,0.0,13.57,2.07,0.0
20230707:0211,0.0,0.0,0.0,13.44,2.28,0.0
20230707:0311,0.0,0.0,0.0,13.32,2.41,0.0
20230707:0411,19.34,36.74,6.27,13.34,2.34,0.0
20230707:0511,93.16,152.67,14.42,14.27,2.07,0.0
20230707:0611,265.35,345.79,23.13,16.42,1.93,0.0
20230707:0711,443.36,555.09,32.06,18.61,2.34,0.0
20230707:0811,584.38,741.63,40.82,20.37,2.28,0.0
20230707:0911,682.39,884.35,48.85,21.88,2.34,0.0
20230707:1011,740.39,978.76,55.29,22.79,2.14,0.0
20230707:1111,753.72,1007.83,58.87,23.46,1.93,0.0
20230707:1211,731.76,981.54,58.51,24.03,1.72,0.0
20230707:1311,680.95,911.69,54.32,24.49,1.38,0.0
20230707:1411,593.86,786.49,47.53,24.84,1.17,0.0
20230707:1511,470.75,616.41,39.32,25.05,1.17,0.0
20230707:1611,306.18,409.08,30.49,25.06,1.52,0.0
20230707:1711,137.7,215.55,21.58,24.71,2.21,0.0
20230707:1811,25.16,51.88,12.94,23.42,2.9,0.0
20230707:1911,12.02,27.32,4.93,21.21,4.07,0.0
20230707:2011,0.0,0.0,0.0,19.69,4.28,0.0
20230707:2111,0.0,0.0,0.0,18.69,4.07,0.0
20230707:2211,0.0,0.0,0.0,17.98,3.86,0.0
20230707:2311,0.0,0.0,0.0,17.43,3.86,0.0
20230708:0011,0.0,0.0,0.0,17.04,3.93,0.0
20230708:0111,0.0,0.0,0.0,16.71,3.79,0.0
20230708:0211,0.0,0.0,0.0,16.39,3.66,0.0
20230708:0311,0.0,0.0,0.0,16.09,3.59,0.0
20230708:0411,19.09,36.74,6.16,15.94,3.52,0.0
20230708:0511,90.62,148.33,14.31,16.55,3.52,0.0
20230708:0611,256.18,334.43,23.02,18.01,3.38,0.0
20230708:0711,426.28,531.74,31.95,19.95,3.72,0.0
20230708:0811,577.82,726.86,40.71,21.83,3.79,0.0
20230708:0911,680.54,872.05,48.74,23.6,3.93,0.0
20230708:1011,742.81,967.56,55.17,25.18,4.07,0.0
20230708:1111,770.06,1014.64,58.76,26.61,4.14,0.0
20230708:1211,747.73,987.22,58.41,27.74,4.21,0.0
20230708:1311,692.89,911.74,54.24,28.66,4.21,0.0
20230708:1411,595.37,777.62,47.46,29.28,4.14,0.0
20230708:1511,467.04,609.31,39.25,29.48,3.86,0.0
20230708:1611,299.39,403.87,30.43,29.37,3.52,0.0
20230708:1711,134.18,211.99,21.51,28.76,3.1,0.0
20230708:1811,38.5,68.44,12.88,27.4,3.1,0.0
20230708:1911,8.68,22.61,4.86,26.08,3.03,0.0
20230708:2011,0.0,0.0,0.0,24.46,3.24,0.0
20230708:2111,0.0,0.0,0.0,23.51,3.38,0.0
20230708:2211,0.0,0.0,0.0,22.75,3.52,0.0
20230708:2311,0.0,0.0,0.0,22.18,3.59,0.0
20230709:0011,0.0,0.0,0.0,21.7,3.45,0.0
20230709:0111,0.0,0.0,0.0,21.12,3.31,0.0
20230709:0211,0.0,0.0,0.0,20.66,3.17,0.0
20230709:0311,0.0,0.0,0.0,20.08,3.1,0.0
20230709:0411,0.67,7.54,6.05,19.67,2.9,0.0
20230709:0511,70.92,107.66,14.2,19.9,2.55,0.0
20230709:0611,160.1,214.57,22.91,21.18,2.21,0.0
20230709:0711,355.15,454.27,31.84,23.26,2.48,0.0
20230709:0811,401.97,517.64,40.59,24.97,2.28,0.0
20230709:0911,507.04,664.95,48.62,26.52,1.93,0.0
20230709:1011,609.87,819.5,55.05,28.17,1.79,0.0
20230709:1111,662.64,905.7,58.64,29.4,1.72,0.0
20230709:1211,648.26,888.69,58.3,30.43,1.72,0.0
20230709:1311,616.4,837.39,54.15,31.19,2.07,0.0
20230709:1411,97.2,142.29,47.38,31.28,2.07,0.0
20230709:1511,50.0,81.31,39.19,31.06,1.93,0.0
20230709:1611,37.9,64.85,30.37,29.95,2.62,0.0
20230709:1711,17.64,35.81,21.45,23.97,4.83,0.0
20230709:1811,4.08,14.52,12.81,21.33,2.97,0.0
20230709:1911,0.0,3.77,4.78,21.36,1.66,0.0
20230709:2011,0.0,0.0,0.0,20.31,1.66,0.0
20230709:2111,0.0,0.0,0.0,19.39,2.21,0.0
20230709:2211,0.0,0.0,0.0,18.63,2.28,0.0
20230709:2311,0.0,0.0,0.0,18.13,2.34,0.0
20230710:0011,0.0,0.0,0.0,17.76,2.28,0.0
20230710:0111,0.0,0.0,0.0,17.54,2.07,0.0
20230710:0211,0.0,0.0,0.0,17.41,1.66,0.0
20230710:0311,0.0,0.0,0.0,17.12,1.66,0.0
20230710:0411,5.61,16.96,5.93,17.07,2.28,0.0
20230710:0511,18.27,35.81,14.08,17.35,2.9,0.0
20230710:0611,107.24,146.37,22.79,17.87,2.83,0.0
20230710:0711,222.68,282.48,31.72,18.12,3.38,0.0
20230710:0811,549.25,686.4,40.48,18.94,2.69,0.0
20230710:0911,620.75,784.73,48.5,20.14,3.03,0.0
20230710:1011,637.95,804.28,54.92,21.21,4.41,0.0
20230710:1111,636.23,802.29,58.52,21.93,5.03,0.0
20230710:1211,264.18,337.46,58.19,22.38,5.31,0.0
20230710:1311,508.84,638.04,54.05,22.42,5.31,0.0
20230710:1411,606.91,760.9,47.3,22.4,4.9,0.0
20230710:1511,477.32,598.95,39.11,22.38,4.41,0.0
20230710:1611,305.41,396.62,30.3,22.15,4.21,0.0
20230710:1711,136.99,207.66,21.38,21.68,3.79,0.0
20230710:1811,39.27,67.41,12.73,21.05,2.76,0.0
20230710:1911,11.46,26.38,4.7,20.03,1.79,0.0
20230710:2011,0.0,0.0,0.0,18.54,1.52,0.0
20230710:2111,0.0,0.0,0.0,17.71,1.17,0.0
20230710:2211,0.0,0.0,0.0,16.7,1.45,0.0
20230710:2311,0.0,0.0,0.0,15.75,2.21,0.0
20230711:0011,0.0,0.0,0.0,15.77,2.48,0.0
20230711:0111,0.0,0.0,0.0,16.03,2.69,0.0
20230711:0211,0.0,0.0,0.0,16.44,2.9,0.0
20230711:0311,0.0,0.0,0.0,16.87,3.1,0.0
20230711:0411,0.0,4.71,5.8,17.43,3.31,0.0
20230711:0511,84.46,138.8,13.96,18.07,3.45,0.0
20230711:0611,154.46,204.76,22.67,18.93,3.45,0.0
20230711:0711,372.62,466.66,31.6,20.76,4.0,0.0
20230711:0811,297.77,377.08,40.36,21.82,4.07,0.0
20230711:0911,611.49,773.86,48.37,23.74,4.9,0.0
20230711:1011,644.8,823.44,54.79,25.45,5.59,0.0
20230711:1111,647.46,829.35,58.38,26.41,6.14,0.0
20230711:1211,689.58,886.2,58.07,26.95,6.28,0.0
20230711:1311,339.15,436.77,53.95,27.34,6.41,0.0
20230711:1411,254.23,331.68,47.21,27.13,5.86,0.0
20230711:1511,290.04,375.36,39.03,26.43,4.83,0.0
20230711:1611,238.36,314.67,30.22,25.55,3.93,0.0
20230711:1711,90.25,129.96,21.3,24.27,3.1,0.0
20230711:1811,46.36,74.28,12.65,23.14,2.62,0.0
20230711:1911,10.7,25.44,4.61,22.28,1.59,0.0
20230711:2011,0.0,0.0,0.0,21.03,0.97,0.0
20230711:2111,0.0,0.0,0.0,20.27,0.69,0.0
20230711:2211,0.0,0.0,0.0,18.84,1.45,0.0
20230711:2311,0.0,0.0,0.0,19.0,1.45,0.0
20230712:0011,0.0,0.0,0.0,18.8,2.07,0.0
20230712:0111,0.0,0.0,0.0,18.22,2.55,0.0
20230712:0211,0.0,0.0,0.0,17.65,3.17,0.0
20230712:0311,0.0,0.0,0.0,17.24,3.79,0.0
20230712:0411,0.0,4.71,5.67,16.96,4.0,0.0
20230712:0511,58.69,88.71,13.83,16.87,3.93,0.0
20230712:0611,155.16,202.83,22.55,16.58,5.17,0.0
20230712:0711,321.29,395.94,31.48,16.88,4.62,0.0
20230712:0811,357.13,438.64,40.23,17.74,5.24,0.0
20230712:0911,329.27,408.39,48.24,18.75,5.45,0.0
20230712:1011,600.82,744.32,54.66,19.55,5.45,0.0
20230712:1111,557.08,692.24,58.25,20.15,5.45,0.0
20230712:1211,404.16,504.25,57.94,20.49,5.1,0.0
20230712:1311,639.6,800.64,53.84,20.83,4.9,0.0
20230712:1411,519.08,645.96,47.11,20.79,4.69,0.0
20230712:1511,409.46,509.37,38.94,20.31,4.62,0.0
20230712:1611,229.67,294.3,30.14,19.07,3.93,0.0
20230712:1711,137.45,195.6,21.21,19.44,3.59,0.0
20230712:1811,27.6,52.49,12.56,19.16,2.83,0.0
20230712:1911,10.92,25.44,4.51,18.65,2.76,0.0
20230712:2011,0.0,0.0,0.0,17.76,2.76,0.0
20230712:2111,0.0,0.0,0.0,17.16,2.9,0.0
20230712:2211,0.0,0.0,0.0,16.64,3.1,0.0
20230712:2311,0.0,0.0,0.0,16.36,3.24,0.0
20230713:0011,0.0,0.0,0.0,16.08,3.45,0.0
20230713:0111,0.0,0.0,0.0,15.89,3.93,0.0
20230713:0211,0.0,0.0,0.0,15.69,4.14,0.0
20230713:0311,0.0,0.0,0.0,15.46,4.14,0.0
20230713:0411,14.42,30.15,5.54,15.04,3.72,0.0
20230713:0511,84.51,134.84,13.7,15.04,4.07,0.0
20230713:0611,237.45,306.76,22.42,15.78,3.86,0.0
20230713:0711,405.65,497.26,31.35,16.88,4.41,0.0
20230713:0811,482.37,590.84,40.1,18.07,4.76,0.0
20230713:0911,517.84,638.85,48.11,19.0,4.9,0.0
20230713:1011,426.47,529.53,54.51,19.86,5.1,0.0
20230713:1111,47.72,74.53,58.1,19.79,5.52,0.0
20230713:1211,215.95,273.2,57.8,17.73,5.72,0.0
20230713:1311,165.51,214.88,53.72,18.72,5.59,0.0
20230713:1411,380.64,471.86,47.01,19.71,5.45,0.0
20230713:1511,366.6,456.01,38.85,20.06,5.1,0.0
20230713:1611,186.86,241.59,30.05,19.25,5.03,0.0
20230713:1711,138.78,196.77,21.12,18.14,3.52,0.0
20230713:1811,51.96,80.44,12.46,18.2,2.83,0.0
20230713:1911,10.99,25.44,4.41,17.64,2.55,0.0
20230713:2011,0.0,0.0,0.0,16.75,2.34,0.0
20230713:2111,0.0,0.0,0.0,16.01,2.34,0.0
20230713:2211,0.0,0.0,0.0,15.35,2.28,0.0
20230713:2311,0.0,0.0,0.0,15.05,2.28,0.0
20230714:0011,0.0,0.0,0.0,14.58,2.48,0.0
20230714:0111,0.0,0.0,0.0,14.32,2.69,0.0
20230714:0211,0.0,0.0,0.0,14.36,2.69,0.0
20230714:0311,0.0,0.0,0.0,14.23,2.62,0.0
20230714:0411,1.56,9.42,5.4,14.27,2.34,0.0
20230714:0511,78.98,121.19,13.57,14.76,2.34,0.0
20230714:0611,222.43,289.16,22.29,16.02,2.55,0.0
20230714:0711,347.37,431.21,31.22,17.08,2.69,0.0
20230714:0811,363.51,451.33,39.97,18.2,3.1,0.0
20230714:0911,473.54,589.26,47.97,19.26,3.59,0.0
20230714:1011,160.83,211.01,54.37,19.99,4.21,0.0
20230714:1111,369.7,464.21,57.95,20.66,4.21,0.0
20230714:1211,318.09,402.37,57.66,21.26,4.14,0.0
20230714:1311,353.26,446.25,53.6,21.7,4.0,0.0
20230714:1411,271.56,347.3,46.9,22.13,3.59,0.0
20230714:1511,250.91,322.5,38.75,22.64,3.79,0.0
20230714:1611,268.22,350.1,29.95,22.62,3.03,0.0
20230714:1711,131.7,189.67,21.03,22.62,2.21,0.0
20230714:1811,49.24,77.91,12.36,22.11,1.86,0.0
20230714:1911,2.88,12.25,4.3,20.3,1.52,0.0
20230714:2011,0.0,0.0,0.0,19.28,2.34,0.0
20230714:2111,0.0,0.0,0.0,18.53,3.03,0.0
20230714:2211,0.0,0.0,0.0,18.47,3.59,0.0
20230714:2311,0.0,0.0,0.0,18.61,3.93,0.0
20230715:0011,0.0,0.0,0.0,18.69,4.0,0.0
20230715:0111,0.0,0.0,0.0,19.06,4.41,0.0
20230715:0211,0.0,0.0,0.0,19.38,4.83,0.0
20230715:0311,0.0,0.0,0.0,19.69,4.69,0.0
20230715:0411,12.77,28.26,5.26,19.58,4.34,0.0
20230715:0511,74.93,118.0,13.43,19.55,3.72,0.0
20230715:0611,237.07,314.47,22.16,20.1,3.52,0.0
20230715:0711,395.56,499.12,31.09,21.97,3.52,0.0
20230715:0811,542.45,681.2,39.83,23.4,4.76,0.0
20230715:0911,662.58,837.68,47.82,24.08,5.52,0.0
20230715:1011,523.29,660.84,54.22,24.89,6.34,0.0
20230715:1111,352.44,448.84,57.8,25.13,6.41,0.0
20230715:1211,93.7,133.57,57.52,25.28,6.0,0.0
20230715:1311,170.87,227.46,53.47,25.11,5.93,0.0
20230715:1411,588.73,741.38,46.79,25.05,6.14,0.0
20230715:1511,384.6,487.67,38.65,24.83,5.45,0.0
20230715:1611,284.18,373.16,29.85,24.84,4.76,0.0
20230715:1711,132.0,199.49,20.92,23.8,4.07,0.0
20230715:1811,21.23,40.65,12.26,22.36,2.9,0.0
20230715:1911,0.0,3.77,4.19,20.97,4.62,0.0
20230715:2011,0.0,0.0,0.0,19.54,4.55,0.0
20230715:2111,0.0,0.0,0.0,18.89,4.14,0.0
20230715:2211,0.0,0.0,0.0,18.38,4.14,0.0
20230715:2311,0.0,0.0,0.0,17.85,4.41,0.0
20230716:0011,0.0,0.0,0.0,17.47,4.69,0.0
20230716:0111,0.0,0.0,0.0,17.19,4.9,0.0
20230716:0211,0.0,0.0,0.0,17.14,5.1,0.0
20230716:0311,0.0,0.0,0.0,17.04,5.52,0.0
20230716:0411,13.61,29.2,5.11,17.15,6.07,0.0
20230716:0511,80.12,137.76,13.29,17.27,6.62,0.0
20230716:0611,244.18,317.97,22.02,17.7,6.07,0.0
20230716:0711,315.08,387.09,30.95,18.34,9.17,0.0
20230716:0811,557.54,672.68,39.69,19.08,9.38,0.0
20230716:0911,413.72,505.26,47.68,19.41,9.24,0.0
20230716:1011,148.22,194.55,54.06,19.64,9.03,0.0
20230716:1111,360.63,445.82,57.64,20.25,9.1,0.0
20230716:1211,109.8,150.03,57.36,20.81,8.83,0.0
20230716:1311,296.02,371.6,53.33,21.4,8.28,0.0
20230716:1411,292.6,367.48,46.66,21.4,7.66,0.0
20230716:1511,221.93,283.77,38.53,21.4,7.1,0.0
20230716:1611,159.16,209.1,29.74,20.3,5.79,0.0
20230716:1711,135.54,205.09,20.82,19.79,5.17,0.0
20230716:1811,49.87,77.61,12.14,19.3,4.28,0.0
20230716:1911,9.05,22.61,4.07,19.06,4.07,0.0
20230716:2011,0.0,0.0,0.0,18.56,3.72,0.0
20230716:2111,0.0,0.0,0.0,18.17,3.86,0.0
20230716:2211,0.0,0.0,0.0,17.79,3.86,0.0
20230716:2311,0.0,0.0,0.0,17.67,4.07,0.0
20230717:0011,0.0,0.0,0.0,17.34,4.21,0.0
20230717:0111,0.0,0.0,0.0,17.03,4.21,0.0
20230717:0211,0.0,0.0,0.0,16.58,4.21,0.0
20230717:0311,0.0,0.0,0.0,16.3,4.34,0.0
20230717:0411,4.0,14.13,4.96,15.95,4.48,0.0
20230717:0511,78.95,134.33,13.15,15.88,4.69,0.0
20230717:0611,243.22,314.53,21.88,16.03,5.93,0.0
20230717:0711,409.59,498.99,30.81,16.63,5.66,0.0
20230717:0811,87.55,121.96,39.54,17.45,5.52,0.0
20230717:0911,358.32,442.23,47.52,18.37,5.38,0.0
20230717:1011,341.55,424.18,53.9,19.06,5.52,0.0
20230717:1111,658.68,818.19,57.47,19.71,5.79,0.0
20230717:1211,667.02,829.31,57.2,20.0,5.86,0.0
20230717:1311,77.53,111.31,53.19,20.29,5.72,0.0
20230717:1411,307.24,382.47,46.54,19.04,5.72,0.0
20230717:1511,206.55,262.09,38.42,17.84,5.45,0.0
20230717:1611,34.29,57.11,29.63,18.02,5.1,0.0
20230717:1711,136.47,192.41,20.7,16.78,4.48,0.0
20230717:1811,49.01,75.64,12.02,17.08,3.59,0.0
20230717:1911,7.96,20.73,3.94,16.62,3.24,0.0
20230717:2011,0.0,0.0,0.0,16.07,2.9,0.0
20230717:2111,0.0,0.0,0.0,15.68,2.83,0.0
20230717:2211,0.0,0.0,0.0,15.2,3.03,0.0
20230717:2311,0.0,0.0,0.0,14.76,3.17,0.0
20230718:0011,0.0,0.0,0.0,14.5,2.97,0.0
20230718:0111,0.0,0.0,0.0,14.28,2.76,0.0
20230718:0211,0.0,0.0,0.0,14.22,2.55,0.0
20230718:0311,0.0,0.0,0.0,14.18,2.62,0.0
20230718:0411,8.08,20.73,4.81,14.0,2.83,0.0
20230718:0511,59.38,89.63,13.0,14.49,2.69,0.0
20230718:0611,155.57,203.67,21.73,15.4,2.83,0.0
20230718:0711,231.4,291.33,30.67,17.04,3.45,0.0
20230718:0811,517.51,641.79,39.4,18.17,2.97,0.0
20230718:0911,591.24,741.96,47.37,19.15,3.03,0.0
20230718:1011,366.49,460.29,53.73,20.12,3.45,0.0
20230718:1111,593.28,749.97,57.3,20.53,3.52,0.0
20230718:1211,556.93,703.25,57.04,20.68,3.45,0.0
20230718:1311,43.57,69.69,53.04,20.76,3.24,0.0
20230718:1411,396.54,499.36,46.4,20.95,3.1,0.0
20230718:1511,328.16,413.76,38.29,20.2,2.9,0.0
20230718:1611,198.69,258.24,29.51,19.54,2.34,0.0
20230718:1711,133.19,192.38,20.58,19.21,1.93,0.0
20230718:1811,43.61,69.37,11.9,18.77,1.52,0.0
20230718:1911,1.08,8.48,3.81,18.3,1.24,0.0
20230718:2011,0.0,0.0,0.0,17.69,1.38,0.0
20230718:2111,0.0,0.0,0.0,16.65,1.38,0.0
20230718:2211,0.0,0.0,0.0,15.95,1.03,0.0
20230718:2311,0.0,0.0,0.0,14.89,1.31,0.0
20230719:0011,0.0,0.0,0.0,14.59,1.45,0.0
20230719:0111,0.0,0.0,0.0,14.51,1.45,0.0
20230719:0211,0.0,0.0,0.0,14.78,1.31,0.0
20230719:0311,0.0,0.0,0.0,14.67,1.52,0.0
20230719:0411,2.01,10.36,4.65,14.78,1.45,0.0
20230719:0511,30.93,52.27,12.85,15.12,1.59,0.0
20230719:0611,58.07,86.15,21.58,15.51,1.66,0.0
20230719:0711,140.25,184.9,30.52,17.13,2.07,0.0
20230719:0811,355.27,441.64,39.24,17.62,2.48,0.0
20230719:0911,420.78,522.44,47.21,17.97,2.97,0.0
20230719:1011,509.82,636.11,53.56,18.75,3.31,0.0
20230719:1111,729.1,922.6,57.12,18.87,3.66,0.0
20230719:1211,734.23,926.78,56.87,19.04,3.93,0.0
20230719:1311,687.99,856.62,52.88,18.71,4.48,0.0
20230719:1411,534.69,657.9,46.26,18.5,4.69,0.0
20230719:1511,383.32,474.25,38.16,18.66,4.41,0.0
20230719:1611,285.42,363.8,29.39,18.32,4.34,0.0
20230719:1711,133.35,196.28,20.46,17.78,4.07,0.0
20230719:1811,23.41,43.34,11.77,17.15,3.38,0.0
20230719:1911,7.37,19.78,3.67,16.53,2.62,0.0
20230719:2011,0.0,0.0,0.0,15.79,1.86,0.0
20230719:2111,0.0,0.0,0.0,15.05,1.59,0.0
20230719:2211,0.0,0.0,0.0,14.8,1.72,0.0
20230719:2311,0.0,0.0,0.0,14.45,2.07,0.0
20230720:0011,0.0,0.0,0.0,14.45,2.28,0.0
20230720:0111,0.0,0.0,0.0,14.46,2.28,0.0
20230720:0211,0.0,0.0,0.0,14.29,2.28,0.0
20230720:0311,0.0,0.0,0.0,14.32,2.34,0.0
20230720:0411,0.0,3.77,4.49,14.02,2.34,0.0
20230720:0511,74.91,119.17,12.69,14.39,2.28,0.0
20230720:0611,231.29,301.17,21.43,14.99,2.48,0.0
20230720:0711,402.25,490.97,30.37,15.79,4.41,0.0
20230720:0811,523.57,637.96,39.09,16.26,4.14,0.0
20230720:0911,640.78,792.36,47.04,16.99,3.79,0.0
20230720:1011,642.6,801.51,53.38,17.57,3.59,0.0
20230720:1111,624.0,782.07,56.94,18.22,3.45,0.0
20230720:1211,773.05,982.43,56.69,18.61,3.52,0.0
20230720:1311,661.99,832.31,52.72,18.89,3.45,0.0
20230720:1411,368.69,459.58,46.12,18.84,3.38,0.0
20230720:1511,436.87,543.53,38.03,18.79,3.17,0.0
20230720:1611,228.89,293.93,29.25,18.51,2.9,0.0
20230720:1711,131.89,202.42,20.32,17.81,2.62,0.0
20230720:1811,47.44,73.48,11.63,16.86,2.28,0.0
20230720:1911,0.7,7.54,3.53,16.0,1.03,0.0
20230720:2011,0.0,0.0,0.0,15.37,0.55,0.0
20230720:2111,0.0,0.0,0.0,15.31,0.41,0.0
20230720:2211,0.0,0.0,0.0,14.66,0.76,0.0
20230720:2311,0.0,0.0,0.0,13.24,1.24,0.0
20230721:0011,0.0,0.0,0.0,12.43,1.52,0.0
20230721:0111,0.0,0.0,0.0,11.92,1.72,0.0
20230721:0211,0.0,0.0,0.0,11.49,1.79,0.0
20230721:0311,0.0,0.0,0.0,11.48,1.72,0.0
20230721:0411,5.24,16.01,4.33,11.29,1.66,0.0
20230721:0511,64.78,97.88,12.53,12.04,1.38,0.0
20230721:0611,217.16,283.29,21.28,14.5,1.45,0.0
20230721:0711,419.52,522.08,30.21,15.77,1.52,0.0
20230721:0811,555.92,692.02,38.93,17.04,2.21,0.0
20230721:0911,616.76,778.53,46.87,17.83,2.14,0.0
20230721:1011,600.62,762.06,53.2,18.62,2.21,0.0
20230721:1111,401.39,505.38,56.75,19.3,2.41,0.0
20230721:1211,227.52,292.15,56.5,19.55,2.21,0.0
20230721:1311,66.81,97.76,52.55,18.59,3.31,0.0
20230721:1411,113.46,151.96,45.97,16.15,4.28,0.0
20230721:1511,133.4,175.2,37.89,15.38,2.9,0.0
20230721:1611,95.25,130.67,29.12,15.84,2.55,0.0
20230721:1711,128.71,178.92,20.19,16.32,3.24,0.0
20230721:1811,44.66,69.71,11.49,16.03,3.66,0.0
20230721:1911,5.67,16.96,3.38,15.45,3.31,0.0
20230721:2011,0.0,0.0,0.0,14.61,3.45,0.0
20230721:2111,0.0,0.0,0.0,14.17,3.17,0.0
20230721:2211,0.0,0.0,0.0,13.89,3.17,0.0
20230721:2311,0.0,0.0,0.0,13.46,3.17,0.0
20230722:0011,0.0,0.0,0.0,13.21,3.03,0.0
20230722:0111,0.0,0.0,0.0,12.87,2.97,0.0
20230722:0211,0.0,0.0,0.0,12.69,2.76,0.0
20230722:0311,0.0,0.0,0.0,12.45,2.62,0.0
20230722:0411,2.06,10.36,4.16,12.28,2.48,0.0
20230722:0511,22.33,40.65,12.37,12.82,2.55,0.0
20230722:0611,180.4,233.7,21.12,13.76,2.69,0.0
20230722:0711,293.37,360.76,30.05,14.54,3.38,0.0
20230722:0811,411.26,501.72,38.77,15.48,3.45,0.0
20230722:0911,305.11,377.61,46.7,16.34,3.66,0.0
20230722:1011,56.13,84.21,53.02,17.31,3.86,0.0
20230722:1111,161.83,210.04,56.55,17.54,3.93,0.0
20230722:1211,146.99,192.62,56.31,17.4,3.38,0.0
20230722:1311,147.83,193.59,52.38,17.62,3.93,0.0
20230722:1411,137.07,180.03,45.81,16.35,3.52,0.0
20230722:1511,100.14,136.48,37.74,16.04,2.97,0.0
20230722:1611,68.68,98.73,28.97,15.36,3.17,0.0
20230722:1711,21.33,39.69,20.04,15.27,2.83,0.0
20230722:1811,8.02,20.73,11.34,15.32,3.17,0.0
20230722:1911,0.33,6.59,3.22,15.15,2.76,0.0
20230722:2011,0.0,0.0,0.0,14.91,2.9,0.0
20230722:2111,0.0,0.0,0.0,14.73,3.31,0.0
20230722:2211,0.0,0.0,0.0,14.7,3.59,0.0
20230722:2311,0.0,0.0,0.0,14.78,4.0,0.0
20230723:0011,0.0,0.0,0.0,14.8,4.41,0.0
20230723:0111,0.0,0.0,0.0,14.73,4.69,0.0
20230723:0211,0.0,0.0,0.0,14.63,5.17,0.0
20230723:0311,0.0,0.0,0.0,14.58,5.45,0.0
20230723:0411,0.0,2.83,3.99,14.6,5.38,0.0
20230723:0511,4.82,15.49,12.21,14.72,4.9,0.0
20230723:0611,22.83,41.62,20.96,14.99,4.48,0.0
20230723:0711,55.97,83.24,29.89,15.24,5.1,0.0
20230723:0811,86.73,120.02,38.6,15.47,5.17,0.0
20230723:0911,83.35,116.15,46.53,15.8,5.59,0.0
20230723:1011,114.59,152.93,52.83,16.11,6.28,0.0
20230723:1111,97.11,132.61,56.35,16.41,6.41,0.0
20230723:1211,142.29,185.84,56.12,16.95,6.48,0.0
20230723:1311,215.09,270.74,52.19,17.29,7.59,0.0
20230723:1411,214.38,270.25,45.64,17.68,7.59,0.0
20230723:1511,92.91,128.73,37.59,18.48,6.97,0.0
20230723:1611,294.13,375.52,28.83,19.33,6.55,0.0
20230723:1711,127.69,186.9,19.89,19.5,5.79,0.0
20230723:1811,42.45,67.83,11.19,19.4,4.83,0.0
20230723:1911,0.0,4.71,3.06,19.16,4.41,0.0
20230723:2011,0.0,0.0,0.0,18.52,4.34,0.0
20230723:2111,0.0,0.0,0.0,18.04,4.41,0.0
20230723:2211,0.0,0.0,0.0,17.83,4.62,0.0
20230723:2311,0.0,0.0,0.0,17.65,4.76,0.0
20230724:0011,0.0,0.0,0.0,17.27,4.76,0.0
20230724:0111,0.0,0.0,0.0,16.95,4.83,0.0
20230724:0211,0.0,0.0,0.0,16.75,4.69,0.0
20230724:0311,0.0,0.0,0.0,16.5,4.34,0.0
20230724:0411,0.0,2.83,3.81,16.18,3.86,0.0
20230724:0511,5.33,16.45,12.04,16.48,3.66,0.0
20230724:0611,55.41,83.24,20.79,17.14,4.34,0.0
20230724:0711,233.19,293.89,29.73,17.9,4.28,0.0
20230724:0811,358.65,443.12,38.43,18.59,4.48,0.0
20230724:0911,174.87,226.8,46.35,19.11,4.28,0.0
20230724:1011,378.67,473.59,52.63,19.87,3.86,0.0
20230724:1111,487.18,614.69,56.15,20.63,3.1,0.0
20230724:1211,146.39,195.52,55.91,21.17,2.48,0.0
20230724:1311,192.61,249.95,52.01,20.17,2.97,0.0
20230724:1411,136.73,181.97,45.47,19.2,3.24,0.0
20230724:1511,60.48,90.02,37.43,18.45,2.9,0.0
20230724:1611,243.83,312.47,28.67,18.22,3.17,0.0
20230724:1711,59.96,89.05,19.74,17.64,3.31,0.0
20230724:1811,45.93,71.6,11.03,17.05,3.24,0.0
20230724:1911,0.0,2.83,2.89,15.52,4.21,0.0
20230724:2011,0.0,0.0,0.0,15.14,3.72,0.0
20230724:2111,0.0,0.0,0.0,14.6,3.45,0.0
20230724:2211,0.0,0.0,0.0,14.26,3.38,0.0
20230724:2311,0.0,0.0,0.0,13.78,3.31,0.0
20230725:0011,0.0,0.0,0.0,13.46,3.17,0.0
20230725:0111,0.0,0.0,0.0,13.27,3.1,0.0
20230725:0211,0.0,0.0,0.0,13.16,2.97,0.0
20230725:0311,0.0,0.0,0.0,13.17,2.83,0.0
20230725:0411,0.0,2.83,3.64,13.16,2.69,0.0
20230725:0511,28.93,49.36,11.87,13.56,2.41,0.0
20230725:0611,173.89,226.38,20.63,14.26,2.69,0.0
20230725:0711,378.37,464.15,29.56,15.39,3.31,0.0
20230725:0811,382.03,466.8,38.26,16.02,3.93,0.0
20230725:0911,630.62,774.48,46.16,16.56,4.28,0.0
20230725:1011,668.89,825.28,52.43,17.0,4.69,0.0
20230725:1111,461.46,565.42,55.94,17.02,5.03,0.0
20230725:1211,577.15,707.21,55.71,17.01,5.24,0.0
20230725:1311,733.83,902.25,51.81,17.12,5.45,0.0
20230725:1411,527.96,642.4,45.29,17.05,5.52,0.0
20230725:1511,433.16,527.94,37.26,16.84,5.38,0.0
20230725:1611,210.97,267.97,28.51,16.64,5.24,0.0
20230725:1711,120.89,167.25,19.58,16.28,4.76,0.0
20230725:1811,47.02,72.54,10.86,15.71,3.59,0.0
20230725:1911,0.33,6.59,2.72,15.29,3.45,0.0
20230725:2011,0.0,0.0,0.0,14.66,3.31,0.0
20230725:2111,0.0,0.0,0.0,14.39,3.52,0.0
20230725:2211,0.0,0.0,0.0,14.19,3.59,0.0
20230725:2311,0.0,0.0,0.0,13.61,3.38,0.0
20230726:0011,0.0,0.0,0.0,13.3,3.24,0.0
20230726:0111,0.0,0.0,0.0,13.07,3.1,0.0
20230726:0211,0.0,0.0,0.0,12.69,2.97,0.0
20230726:0311,0.0,0.0,0.0,12.49,2.97,0.0
20230726:0411,4.65,15.07,3.45,12.31,2.83,0.0
20230726:0511,35.53,57.76,11.69,12.52,2.83,0.0
20230726:0611,47.7,72.59,20.46,13.11,3.93,0.0
20230726:0711,182.63,230.71,29.39,13.78,3.38,0.0
20230726:0811,575.34,700.74,38.08,14.66,3.31,0.0
20230726:0911,424.6,520.4,45.97,15.78,3.31,0.0
20230726:1011,423.75,522.56,52.23,16.84,3.52,0.0
20230726:1111,206.17,262.61,55.72,17.63,3.86,0.0
20230726:1211,388.61,480.33,55.49,17.7,4.28,0.0
20230726:1311,699.79,866.6,51.62,17.45,4.48,0.0
20230726:1411,132.39,175.2,45.11,17.62,4.55,0.0
20230726:1511,306.84,379.99,37.09,17.2,4.41,0.0
20230726:1611,150.0,196.16,28.34,17.37,4.21,0.0
20230726:1711,126.27,180.39,19.41,16.85,4.21,0.0
20230726:1811,38.59,62.18,10.69,16.23,3.86,0.0
20230726:1911,0.0,4.71,2.54,16.24,3.1,0.0
20230726:2011,0.0,0.0,0.0,15.38,2.97,0.0
20230726:2111,0.0,0.0,0.0,14.61,2.83,0.0
20230726:2211,0.0,0.0,0.0,13.99,2.76,0.0
20230726:2311,0.0,0.0,0.0,13.52,2.9,0.0
20230727:0011,0.0,0.0,0.0,13.09,2.83,0.0
20230727:0111,0.0,0.0,0.0,12.97,2.69,0.0
20230727:0211,0.0,0.0,0.0,13.05,2.62,0.0
20230727:0311,0.0,0.0,0.0,13.18,2.76,0.0
20230727:0411,5.18,16.01,3.27,13.31,3.03,0.0
20230727:0511,3.2,12.58,11.52,13.63,3.03,0.0
20230727:0611,53.86,80.34,20.28,13.79,2.9,0.0
20230727:0711,181.38,230.07,29.22,14.36,2.97,0.0
20230727:0811,153.53,198.03,37.9,14.62,2.97,0.0
20230727:0911,190.95,241.96,45.78,15.01,3.31,0.0
20230727:1011,109.55,147.13,52.02,15.43,3.31,0.0
20230727:1111,105.39,142.29,55.5,15.49,3.24,0.0
20230727:1211,101.28,137.45,55.27,15.64,3.72,0.0
20230727:1311,100.4,136.48,51.41,15.64,3.38,0.0
20230727:1411,82.32,115.18,44.92,15.78,3.17,0.0
20230727:1511,132.05,174.23,36.91,15.89,2.28,0.0
20230727:1611,47.66,73.56,28.17,16.21,2.14,0.0
20230727:1711,84.8,119.85,19.24,16.63,1.79,0.0
20230727:1811,16.26,32.97,10.51,16.85,1.93,0.0
20230727:1911,0.0,0.94,2.35,16.87,2.21,0.0
20230727:2011,0.0,0.0,0.0,17.07,2.69,0.0
20230727:2111,0.0,0.0,0.0,17.16,2.76,0.0
20230727:2211,0.0,0.0,0.0,17.15,2.9,0.0
20230727:2311,0.0,0.0,0.0,16.99,2.97,0.0
20230728:0011,0.0,0.0,0.0,16.72,3.38,0.0
20230728:0111,0.0,0.0,0.0,16.45,3.24,0.0
20230728:0211,0.0,0.0,0.0,16.33,3.1,0.0
20230728:0311,0.0,0.0,0.0,16.24,2.97,0.0
20230728:0411,1.1,8.48,3.08,16.32,2.83,0.0
20230728:0511,14.21,30.01,11.34,16.44,2.76,0.0
20230728:0611,45.98,71.63,20.11,16.84,2.69,0.0
20230728:0711,111.84,151.22,29.04,17.71,3.52,0.0
20230728:0811,288.71,360.47,37.72,18.48,3.86,0.0
20230728:0911,241.43,307.35,45.59,19.72,3.38,0.0
20230728:1011,270.46,343.94,51.81,20.78,3.66,0.0
20230728:1111,355.15,448.79,55.28,21.04,3.31,0.0
20230728:1211,647.32,829.93,55.05,21.55,2.97,0.0
20230728:1311,568.79,726.11,51.2,21.97,2.76,0.0
20230728:1411,434.57,551.19,44.73,22.25,2.76,0.0
20230728:1511,393.81,499.31,36.73,22.14,2.83,0.0
20230728:1611,270.21,354.15,27.99,21.69,2.76,0.0
20230728:1711,115.79,185.31,19.06,21.54,2.34,0.0
20230728:1811,36.1,60.29,10.33,21.09,1.38,0.0
20230728:1911,0.0,4.71,2.16,19.98,1.24,0.0
20230728:2011,0.0,0.0,0.0,18.61,0.83,0.0
20230728:2111,0.0,0.0,0.0,18.21,0.76,0.0
20230728:2211,0.0,0.0,0.0,16.6,1.45,0.0
20230728:2311,0.0,0.0,0.0,16.57,2.0,0.0
20230729:0011,0.0,0.0,0.0,16.73,2.28,0.0
20230729:0111,0.0,0.0,0.0,16.62,2.28,0.0
20230729:0211,0.0,0.0,0.0,16.54,2.55,0.0
20230729:0311,0.0,0.0,0.0,16.48,2.69,0.0
20230729:0411,2.46,11.3,2.89,16.43,2.55,0.0
20230729:0511,11.52,26.13,11.15,16.6,2.69,0.0
20230729:0611,55.37,83.24,19.93,17.24,4.14,0.0
20230729:0711,190.65,243.95,28.86,17.79,3.86,0.0
20230729:0811,250.37,315.11,37.54,18.33,3.66,0.0
20230729:0911,290.96,364.59,45.39,19.04,4.14,0.0
20230729:1011,175.76,228.43,51.6,19.9,4.9,0.0
20230729:1111,742.52,934.71,55.05,20.75,5.24,0.0
20230729:1211,45.08,71.63,54.82,21.15,5.24,0.0
20230729:1311,155.01,205.2,50.98,21.48,4.83,0.0
20230729:1411,86.88,122.93,44.53,20.75,4.83,0.0
20230729:1511,382.8,476.53,36.54,19.77,4.21,0.0
20230729:1611,264.26,341.76,27.81,19.54,3.31,0.0
20230729:1711,118.05,180.94,18.87,19.48,3.45,0.0
20230729:1811,41.11,65.94,10.14,18.45,3.24,0.0
20230729:1911,0.68,7.54,1.96,18.01,2.48,0.0
20230729:2011,0.0,0.0,0.0,17.61,2.41,0.0
20230729:2111,0.0,0.0,0.0,17.02,2.41,0.0
20230729:2211,0.0,0.0,0.0,16.35,2.62,0.0
20230729:2311,0.0,0.0,0.0,15.9,2.9,0.0
20230730:0011,0.0,0.0,0.0,15.64,3.17,0.0
20230730:0111,0.0,0.0,0.0,15.42,3.38,0.0
20230730:0211,0.0,0.0,0.0,15.22,3.59,0.0
20230730:0311,0.0,0.0,0.0,15.01,3.72,0.0
20230730:0411,0.0,1.88,2.7,14.83,3.72,0.0
20230730:0511,19.17,36.78,10.97,15.42,3.66,0.0
20230730:0611,74.92,106.65,19.75,16.27,3.79,0.0
20230730:0711,56.96,85.18,28.68,17.4,5.45,0.0
20230730:0811,480.7,585.7,37.35,17.78,5.38,0.0
20230730:0911,123.32,164.55,45.19,18.09,6.07,0.0
20230730:1011,98.85,135.51,51.38,17.86,6.14,0.0
20230730:1111,540.44,661.66,54.81,18.18,6.28,0.0
20230730:1211,684.95,849.67,54.58,18.81,5.38,0.0
20230730:1311,343.38,421.86,50.76,17.15,5.93,0.0
20230730:1411,438.08,535.96,44.32,17.84,5.45,0.0
20230730:1511,280.8,348.9,36.34,17.6,5.31,0.0
20230730:1611,210.61,269.66,27.62,17.87,4.97,0.0
20230730:1711,69.35,100.77,18.69,17.91,4.55,0.0
20230730:1811,31.67,53.7,9.95,17.71,4.07,0.0
20230730:1911,0.0,0.94,1.76,16.58,4.34,0.0
20230730:2011,0.0,0.0,0.0,16.1,4.07,0.0
20230730:2111,0.0,0.0,0.0,15.7,4.28,0.0
20230730:2211,0.0,0.0,0.0,15.56,4.55,0.0
20230730:2311,0.0,0.0,0.0,15.34,4.34,0.0
20230731:0011,0.0,0.0,0.0,15.21,4.14,0.0
20230731:0111,0.0,0.0,0.0,15.21,3.79,0.0
20230731:0211,0.0,0.0,0.0,15.3,3.66,0.0
20230731:0311,0.0,0.0,0.0,15.38,3.79,0.0
20230731:0411,0.0,2.83,2.5,15.34,3.66,0.0
20230731:0511,2.64,11.62,10.78,15.49,3.79,0.0
20230731:0611,10.28,24.2,19.57,15.66,4.07,0.0
20230731:0711,103.75,140.58,28.5,16.12,3.93,0.0
20230731:0811,90.53,124.86,37.16,16.11,4.9,0.0
20230731:0911,260.13,322.26,44.98,16.24,5.86,0.0
20230731:1011,190.23,241.34,51.15,16.12,5.31,0.0
20230731:1111,118.32,157.77,54.57,16.94,6.76,0.0
20230731:1211,195.36,249.04,54.34,17.67,5.31,0.0
20230731:1311,151.56,198.43,50.53,18.47,4.83,0.0
20230731:1411,199.02,254.71,44.11,19.02,5.31,0.0
20230731:1511,142.66,187.93,36.14,18.7,5.31,0.0
20230731:1611,60.62,90.02,27.42,18.41,5.1,0.0
20230731:1711,29.07,50.33,18.49,17.89,4.76,0.0
20230731:1811,6.17,17.9,9.75,17.32,3.86,0.0
20230731:1911,0.0,0.94,1.55,16.67,3.45,0.0
20230731:2011,0.0,0.0,0.0,16.11,2.97,0.0
20230731:2111,0.0,0.0,0.0,16.03,3.03,0.0
20230731:2211,0.0,0.0,0.0,16.03,4.41,0.0
20230731:2311,0.0,0.0,0.0,15.98,4.48,0.0
20230801:0011,0.0,0.0,0.0,15.83,3.72,0.0
20230801:0111,0.0,0.0,0.0,15.54,3.52,0.0
20230801:0211,0.0,0.0,0.0,15.36,3.52,0.0
20230801:0311,0.0,0.0,0.0,14.97,3.45,0.0
20230801:0411,0.0,0.94,2.3,14.73,3.59,0.0
20230801:0511,44.42,71.71,10.59,15.04,4.21,0.0
20230801:0611,24.25,43.56,19.38,15.25,3.86,0.0
20230801:0711,124.71,164.57,28.31,15.78,5.59,0.0
20230801:0811,333.8,407.0,36.96,16.17,5.72,0.0
20230801:0911,248.91,308.93,44.78,16.19,6.28,0.0
20230801:1011,83.24,116.15,50.92,16.05,5.52,0.0
20230801:1111,366.97,451.59,54.33,17.24,5.03,0.0
20230801:1211,595.49,733.36,54.09,18.56,5.59,0.0
20230801:1311,156.95,203.27,50.3,17.43,6.97,0.0
20230801:1411,90.59,125.83,43.89,18.02,5.86,0.0
20230801:1511,137.04,180.11,35.94,17.47,6.41,0.0
20230801:1611,136.84,180.15,27.22,17.33,6.07,0.0
20230801:1711,114.57,167.75,18.29,17.27,5.93,0.0
20230801:1811,36.97,60.29,9.54,17.11,5.72,0.0
20230801:1911,0.0,0.94,1.34,16.57,5.1,0.0
20230801:2011,0.0,0.0,0.0,16.18,4.97,0.0
20230801:2111,0.0,0.0,0.0,15.71,4.83,0.0
20230801:2211,0.0,0.0,0.0,15.49,4.41,0.0
20230801:2311,0.0,0.0,0.0,15.32,4.0,0.0
20230802:0011,0.0,0.0,0.0,14.98,3.86,0.0
20230802:0111,0.0,0.0,0.0,14.85,3.59,0.0
20230802:0211,0.0,0.0,0.0,14.62,3.24,0.0
20230802:0311,0.0,0.0,0.0,14.31,2.97,0.0
20230802:0411,0.0,0.94,2.1,14.14,2.69,0.0
20230802:0511,13.03,28.07,10.4,14.09,2.62,0.0
20230802:0611,156.81,207.14,19.19,15.09,3.24,0.0
20230802:0711,108.72,146.4,28.12,16.23,4.48,0.0
20230802:0811,91.89,126.8,36.77,16.76,4.97,0.0
20230802:0911,60.95,90.02,44.56,17.25,4.69,0.0
20230802:1011,133.57,176.16,50.69,16.97,4.28,0.0
20230802:1111,84.59,118.09,54.08,16.67,5.17,0.0
20230802:1211,101.09,137.45,53.84,16.53,5.66,0.0
20230802:1311,321.24,395.24,50.06,16.79,5.66,0.0
20230802:1411,339.7,419.25,43.66,17.85,4.97,0.0
20230802:1511,26.7,47.43,35.72,18.97,4.97,0.0
20230802:1611,251.0,323.17,27.02,19.28,5.17,0.0
20230802:1711,79.9,114.01,18.08,17.23,4.28,0.0
20230802:1811,36.15,59.35,9.33,17.32,4.07,0.0
20230802:1911,0.0,0.0,0.0,17.09,3.03,0.0
20230802:2011,0.0,0.0,0.0,16.29,3.79,0.0
20230802:2111,0.0,0.0,0.0,15.77,3.79,0.0
20230802:2211,0.0,0.0,0.0,15.59,3.52,0.0
20230802:2311,0.0,0.0,0.0,15.43,3.72,0.0
20230803:0011,0.0,0.0,0.0,15.5,4.21,0.0
20230803:0111,0.0,0.0,0.0,15.47,4.28,0.0
20230803:0211,0.0,0.0,0.0,15.4,3.93,0.0
20230803:0311,0.0,0.0,0.0,15.15,3.59,0.0
20230803:0411,0.0,0.94,1.89,14.95,2.97,0.0
20230803:0511,31.58,53.61,10.2,14.84,2.76,0.0
20230803:0611,9.67,23.23,19.0,15.08,3.1,0.0
20230803:0711,281.31,350.11,27.93,16.6,3.31,0.0
20230803:0811,532.61,656.56,36.57,17.18,3.03,0.0
20230803:0911,609.1,754.87,44.35,18.46,4.0,0.0
20230803:1011,478.05,592.8,50.46,19.44,4.48,0.0
20230803:1111,585.15,727.73,53.82,19.66,4.83,0.0
20230803:1211,659.79,821.05,53.58,19.49,5.1,0.0
20230803:1311,539.47,666.39,49.81,19.34,5.1,0.0
20230803:1411,336.5,418.57,43.43,19.68,5.24,0.0
20230803:1511,222.44,281.74,35.5,18.98,5.93,0.0
20230803:1611,85.39,120.02,26.8,18.79,5.93,0.0
20230803:1711,95.72,135.58,17.87,18.3,5.86,0.0
20230803:1811,33.87,56.52,9.11,17.81,5.31,0.0
20230803:1911,0.0,0.0,0.0,17.12,4.55,0.0
20230803:2011,0.0,0.0,0.0,16.44,4.07,0.0
20230803:2111,0.0,0.0,0.0,16.1,3.79,0.0
20230803:2211,0.0,0.0,0.0,15.68,3.45,0.0
20230803:2311,0.0,0.0,0.0,15.33,3.17,0.0
20230804:0011,0.0,0.0,0.0,14.98,3.03,0.0
20230804:0111,0.0,0.0,0.0,14.75,2.9,0.0
20230804:0211,0.0,0.0,0.0,14.59,2.76,0.0
20230804:0311,0.0,0.0,0.0,14.46,2.62,0.0
20230804:0411,0.0,0.94,1.69,14.44,2.48,0.0
20230804:0511,12.98,28.07,10.0,14.69,2.41,0.0
20230804:0611,74.32,105.87,18.81,15.56,2.62,0.0
20230804:0711,65.04,94.86,27.74,16.61,3.1,0.0
20230804:0811,231.38,291.67,36.37,17.32,3.24,0.0
20230804:0911,391.27,485.09,44.13,18.33,3.45,0.0
20230804:1011,452.84,563.01,50.22,18.85,3.59,0.0
20230804:1111,570.99,713.06,53.56,19.28,3.93,0.0
20230804:1211,296.53,370.81,53.32,18.65,4.55,0.0
20230804:1311,495.48,610.84,49.56,18.27,4.48,0.0
20230804:1411,369.3,456.75,43.2,18.29,4.21,0.0
20230804:1511,349.98,433.4,35.28,18.18,4.28,0.0
20230804:1611,185.72,239.65,26.59,17.53,4.48,0.0
20230804:1711,109.53,166.86,17.65,17.25,4.14,0.0
20230804:1811,31.8,53.7,8.89,16.84,3.52,0.0
20230804:1911,0.0,0.0,0.0,16.27,2.48,0.0
20230804:2011,0.0,0.0,0.0,15.4,2.07,0.0
20230804:2111,0.0,0.0,0.0,14.85,1.86,0.0
20230804:2211,0.0,0.0,0.0,14.36,1.72,0.0
20230804:2311,0.0,0.0,0.0,13.84,1.72,0.0
20230805:0011,0.0,0.0,0.0,13.58,1.79,0.0
20230805:0111,0.0,0.0,0.0,13.23,1.93,0.0
20230805:0211,0.0,0.0,0.0,12.86,2.07,0.0
20230805:0311,0.0,0.0,0.0,12.57,1.93,0.0
20230805:0411,0.0,0.94,1.48,12.53,1.79,0.0
20230805:0511,51.8,95.19,9.81,12.51,1.66,0.0
20230805:0611,127.4,170.14,18.62,13.7,1.52,0.0
20230805:0711,315.36,392.22,27.54,15.73,1.93,0.0
20230805:0811,423.89,521.07,36.16,16.8,3.03,0.0
20230805:0911,565.48,699.77,43.91,17.63,3.45,0.0
20230805:1011,714.57,897.78,49.97,18.38,3.72,0.0
20230805:1111,336.03,419.72,53.3,19.02,4.0,0.0
20230805:1211,344.77,431.49,53.05,19.55,3.93,0.0
20230805:1311,214.35,275.0,49.3,19.85,3.79,0.0
20230805:1411,189.73,245.69,42.96,20.02,3.72,0.0
20230805:1511,66.39,97.76,35.05,19.82,3.24,0.0
20230805:1611,34.73,58.08,26.36,19.57,3.24,0.0
20230805:1711,23.94,43.56,17.43,17.62,2.83,0.0
20230805:1811,7.41,19.78,8.66,15.67,2.62,0.0
20230805:1911,0.0,0.0,0.0,14.89,2.14,0.0
20230805:2011,0.0,0.0,0.0,14.41,0.97,0.0
20230805:2111,0.0,0.0,0.0,14.42,1.52,0.0
20230805:2211,0.0,0.0,0.0,13.98,1.86,0.0
20230805:2311,0.0,0.0,0.0,13.65,2.14,0.0
20230806:0011,0.0,0.0,0.0,13.15,2.34,0.0
20230806:0111,0.0,0.0,0.0,12.63,2.28,0.0
20230806:0211,0.0,0.0,0.0,12.44,2.07,0.0
20230806:0311,0.0,0.0,0.0,12.4,2.0,0.0
20230806:0411,0.0,0.0,0.0,12.53,1.93,0.0
20230806:0511,36.84,61.14,9.6,12.81,1.79,0.0
20230806:0611,94.97,130.16,18.42,13.66,1.72,0.0
20230806:0711,192.63,245.19,27.34,15.25,1.66,0.0
20230806:0811,382.39,474.51,35.95,16.37,1.59,0.0
20230806:0911,627.97,792.12,43.69,17.39,2.0,0.0
20230806:1011,687.16,870.88,49.73,18.2,2.69,0.0
20230806:1111,461.41,576.88,53.03,19.08,3.1,0.0
20230806:1211,315.12,396.07,52.78,19.21,3.24,0.0
20230806:1311,598.23,749.13,49.04,19.58,3.66,0.0
20230806:1411,567.14,704.48,42.71,19.81,4.14,0.0
20230806:1511,443.21,546.06,34.82,18.33,4.48,0.0
20230806:1611,235.14,301.8,26.13,17.7,4.69,0.0
20230806:1711,104.94,153.79,17.2,16.99,4.62,0.0
20230806:1811,28.25,48.99,8.43,16.35,4.07,0.0
20230806:1911,0.0,0.0,0.0,15.59,3.31,0.0
20230806:2011,0.0,0.0,0.0,15.15,3.17,0.0
20230806:2111,0.0,0.0,0.0,14.91,3.1,0.0
20230806:2211,0.0,0.0,0.0,14.7,2.97,0.0
20230806:2311,0.0,0.0,0.0,14.5,2.83,0.0
20230807:0011,0.0,0.0,0.0,14.2,3.03,0.0
20230807:0111,0.0,0.0,0.0,13.93,3.38,0.0
20230807:0211,0.0,0.0,0.0,14.0,3.45,0.0
20230807:0311,0.0,0.0,0.0,14.35,3.59,0.0
20230807:0411,0.0,0.0,0.0,14.26,4.07,0.0
20230807:0511,47.47,84.21,9.4,14.37,4.83,0.0
20230807:0611,136.23,181.05,18.22,14.66,4.97,0.0
20230807:0711,91.9,125.83,27.14,15.01,5.52,0.0
20230807:0811,538.27,643.64,35.74,15.46,6.83,0.0
20230807:0911,273.12,334.99,43.46,15.65,8.0,0.0
20230807:1011,206.75,259.15,49.48,15.85,8.21,0.0
20230807:1111,226.99,283.06,52.76,16.22,8.07,0.0
20230807:1211,336.11,409.95,52.5,16.41,8.0,0.0
20230807:1311,117.82,156.8,48.77,16.63,8.21,0.0
20230807:1411,399.01,482.15,42.46,16.66,8.28,0.0
20230807:1511,384.96,465.96,34.58,16.72,8.69,0.0
20230807:1611,241.09,305.25,25.9,16.18,8.34,0.0
20230807:1711,92.03,130.14,16.97,15.8,7.59,0.0
20230807:1811,29.14,49.93,8.19,15.49,7.1,0.0
20230807:1911,0.0,0.0,0.0,15.01,6.41,0.0
20230807:2011,0.0,0.0,0.0,14.55,6.0,0.0
20230807:2111,0.0,0.0,0.0,14.33,5.59,0.0
20230807:2211,0.0,0.0,0.0,14.12,5.38,0.0
20230807:2311,0.0,0.0,0.0,14.3,5.24,0.0
20230808:0011,0.0,0.0,0.0,14.13,5.03,0.0
20230808:0111,0.0,0.0,0.0,13.95,4.9,0.0
20230808:0211,0.0,0.0,0.0,13.69,4.83,0.0
20230808:0311,0.0,0.0,0.0,13.35,4.76,0.0
20230808:0411,0.0,0.0,0.0,13.17,4.9,0.0
20230808:0511,47.58,95.35,9.19,13.19,5.1,0.0
20230808:0611,53.96,80.34,18.02,13.72,4.55,0.0
20230808:0711,406.58,494.39,26.94,15.26,5.31,0.0
20230808:0811,213.73,267.27,35.53,15.95,6.69,0.0
20230808:0911,336.99,410.5,43.23,16.37,7.17,0.0
20230808:1011,494.9,593.77,49.22,15.68,8.14,0.0
20230808:1111,787.39,955.86,52.49,16.19,7.59,0.0
20230808:1211,665.09,807.58,52.22,16.84,7.1,0.0
20230808:1311,495.41,602.15,48.5,17.57,6.83,0.0
20230808:1411,373.86,456.4,42.2,17.64,7.03,0.0
20230808:1511,447.32,540.9,34.33,16.67,7.38,0.0
20230808:1611,272.14,346.65,25.66,16.55,7.72,0.0
20230808:1711,103.96,156.79,16.73,16.11,6.69,0.0
20230808:1811,26.22,46.16,7.95,15.52,6.0,0.0
20230808:1911,0.0,0.0,0.0,14.94,5.38,0.0
20230808:2011,0.0,0.0,0.0,14.31,4.9,0.0
20230808:2111,0.0,0.0,0.0,13.73,4.48,0.0
20230808:2211,0.0,0.0,0.0,13.37,3.93,0.0
20230808:2311,0.0,0.0,0.0,12.99,3.59,0.0
20230809:0011,0.0,0.0,0.0,12.66,3.38,0.0
20230809:0111,0.0,0.0,0.0,12.23,3.24,0.0
20230809:0211,0.0,0.0,0.0,11.9,3.38,0.0
20230809:0311,0.0,0.0,0.0,12.02,3.31,0.0
20230809:0411,0.0,0.0,0.0,11.82,3.31,0.0
20230809:0511,46.13,89.46,8.98,12.09,3.17,0.0
20230809:0611,208.36,276.16,17.81,13.42,3.03,0.0
20230809:0711,405.62,496.74,26.73,14.85,3.45,0.0
20230809:0811,554.44,675.47,35.32,16.04,4.0,0.0
20230809:0911,613.77,750.9,43.0,17.14,4.97,0.0
20230809:1011,632.05,777.11,48.96,17.32,4.97,0.0
20230809:1111,330.85,409.81,52.21,18.22,5.45,0.0
20230809:1211,444.32,547.24,51.94,18.78,5.59,0.0
20230809:1311,538.15,662.22,48.22,18.98,5.52,0.0
20230809:1411,419.57,515.84,41.94,18.63,5.24,0.0
20230809:1511,465.5,572.23,34.08,18.29,5.03,0.0
20230809:1611,278.82,361.09,25.42,17.71,4.55,0.0
20230809:1711,100.33,158.43,16.49,17.18,4.0,0.0
20230809:1811,28.23,48.99,7.7,16.42,3.24,0.0
20230809:1911,0.0,0.0,0.0,15.73,2.55,0.0
20230809:2011,0.0,0.0,0.0,14.62,2.07,0.0
20230809:2111,0.0,0.0,0.0,13.96,1.86,0.0
20230809:2211,0.0,0.0,0.0,13.55,1.79,0.0
20230809:2311,0.0,0.0,0.0,13.06,1.93,0.0
20230810:0011,0.0,0.0,0.0,13.04,2.07,0.0
20230810:0111,0.0,0.0,0.0,12.97,2.28,0.0
20230810:0211,0.0,0.0,0.0,12.94,2.34,0.0
20230810:0311,0.0,0.0,0.0,12.81,2.28,0.0
20230810:0411,0.0,0.0,0.0,12.78,2.14,0.0
20230810:0511,25.79,45.92,8.77,13.08,1.86,0.0
20230810:0611,112.73,152.55,17.61,13.84,1.72,0.0
20230810:0711,297.39,370.57,26.53,15.27,1.59,0.0
20230810:0811,437.34,539.9,35.1,15.87,1.86,0.0
20230810:0911,631.82,795.18,42.76,16.58,1.86,0.0
20230810:1011,708.9,904.32,48.7,17.1,2.0,0.0
20230810:1111,756.18,972.54,51.93,17.73,2.21,0.0
20230810:1211,448.65,562.66,51.65,18.86,2.48,0.0
20230810:1311,356.79,448.26,47.94,19.92,3.03,0.0
20230810:1411,194.57,252.24,41.67,20.35,3.03,0.0
20230810:1511,130.97,176.27,33.83,20.35,2.41,0.0
20230810:1611,77.18,111.31,25.17,20.33,2.14,0.0
20230810:1711,56.51,86.22,16.24,20.12,1.72,0.0
20230810:1811,18.02,35.8,7.45,19.49,1.24,0.0
20230810:1911,0.0,0.0,0.0,18.26,1.1,0.0
20230810:2011,0.0,0.0,0.0,16.96,1.59,0.0
20230810:2111,0.0,0.0,0.0,16.01,1.79,0.0
20230810:2211,0.0,0.0,0.0,15.5,1.79,0.0
20230810:2311,0.0,0.0,0.0,15.14,1.86,0.0
20230811:0011,0.0,0.0,0.0,15.25,1.93,0.0
20230811:0111,0.0,0.0,0.0,15.1,2.21,0.0
20230811:0211,0.0,0.0,0.0,15.11,2.41,0.0
20230811:0311,0.0,0.0,0.0,15.42,2.48,0.0
20230811:0411,0.0,0.0,0.0,15.46,2.48,0.0
20230811:0511,40.62,76.13,8.56,15.78,2.41,0.0
20230811:0611,186.5,252.59,17.4,16.67,2.34,0.0
20230811:0711,371.39,464.15,26.32,18.36,2.9,0.0
20230811:0811,531.81,663.76,34.88,20.11,3.24,0.0
20230811:0911,662.09,839.79,42.52,21.67,3.59,0.0
20230811:1011,718.24,921.85,48.44,22.89,3.86,0.0
20230811:1111,750.92,972.42,51.64,23.91,4.0,0.0
20230811:1211,679.26,876.69,51.35,24.71,4.0,0.0
20230811:1311,624.49,802.9,47.65,25.32,4.0,0.0
20230811:1411,526.03,672.62,41.4,25.75,3.93,0.0
20230811:1511,335.81,432.62,33.56,25.87,3.79,0.0
20230811:1611,194.57,262.45,24.91,25.39,3.1,0.0
20230811:1711,48.26,76.99,15.98,24.41,2.48,0.0
20230811:1811,11.89,27.32,7.19,23.1,2.21,0.0
20230811:1911,0.0,0.0,0.0,22.36,2.34,0.0
20230811:2011,0.0,0.0,0.0,21.09,2.21,0.0
20230811:2111,0.0,0.0,0.0,20.22,1.79,0.0
20230811:2211,0.0,0.0,0.0,19.64,1.52,0.0
20230811:2311,0.0,0.0,0.0,18.91,1.17,0.0
20230812:0011,0.0,0.0,0.0,18.56,1.17,0.0
20230812:0111,0.0,0.0,0.0,18.18,1.72,0.0
20230812:0211,0.0,0.0,0.0,18.35,1.86,0.0
20230812:0311,0.0,0.0,0.0,18.44,2.14,0.0
20230812:0411,0.0,0.0,0.0,18.42,2.21,0.0
20230812:0511,36.54,67.22,8.35,18.25,2.21,0.0
20230812:0611,48.65,75.5,17.19,18.55,2.14,0.0
20230812:0711,51.45,79.37,26.11,19.84,2.48,0.0
20230812:0811,40.53,65.82,34.66,20.77,3.31,0.0
20230812:0911,82.61,118.09,42.28,21.07,3.45,0.0
20230812:1011,54.45,83.24,48.17,20.25,2.62,0.0
20230812:1111,50.01,77.43,51.35,19.18,1.66,0.0
20230812:1211,265.33,340.28,51.05,18.87,0.55,0.0
20230812:1311,99.46,138.41,47.36,20.27,1.86,0.0
20230812:1411,296.11,374.24,41.12,20.54,3.24,0.0
20230812:1511,392.46,491.9,33.3,21.09,4.07,0.0
20230812:1611,255.16,337.35,24.65,20.96,4.76,0.0
20230812:1711,86.2,147.41,15.72,20.48,4.62,0.0
20230812:1811,21.47,40.51,6.93,19.51,3.93,0.0
20230812:1911,0.0,0.0,0.0,18.42,3.03,0.0
20230812:2011,0.0,0.0,0.0,17.41,2.76,0.0
20230812:2111,0.0,0.0,0.0,16.84,2.69,0.0
20230812:2211,0.0,0.0,0.0,16.42,2.83,0.0
20230812:2311,0.0,0.0,0.0,16.14,3.1,0.0
20230813:0011,0.0,0.0,0.0,16.16,3.31,0.0
20230813:0111,0.0,0.0,0.0,15.89,3.38,0.0
20230813:0211,0.0,0.0,0.0,15.71,3.45,0.0
20230813:0311,0.0,0.0,0.0,15.56,3.52,0.0
20230813:0411,0.0,0.0,0.0,15.65,3.59,0.0
20230813:0511,30.78,55.03,8.13,15.73,3.72,0.0
20230813:0611,53.28,80.52,16.98,16.32,3.45,0.0
20230813:0711,204.61,259.69,25.89,17.43,4.41,0.0
20230813:0811,481.32,587.99,34.43,18.65,5.45,0.0
20230813:0911,574.15,706.82,42.03,19.54,5.45,0.0
20230813:1011,509.17,630.04,47.9,20.28,5.52,0.0
20230813:1111,280.64,354.71,51.05,20.96,5.24,0.0
20230813:1211,400.16,500.97,50.75,21.45,4.9,0.0
20230813:1311,220.01,283.12,47.07,21.6,4.83,0.0
20230813:1411,246.74,314.63,40.84,21.44,4.76,0.0
20230813:1511,101.85,141.32,33.03,21.18,4.28,0.0
20230813:1611,217.43,286.98,24.39,20.72,3.31,0.0
20230813:1711,88.58,141.73,15.46,20.44,2.48,0.0
20230813:1811,22.1,41.45,6.66,19.77,1.72,0.0
20230813:1911,0.0,0.0,0.0,19.24,1.66,0.0
20230813:2011,0.0,0.0,0.0,18.42,1.24,0.0
20230813:2111,0.0,0.0,0.0,17.89,1.38,0.0
20230813:2211,0.0,0.0,0.0,17.27,1.72,0.0
20230813:2311,0.0,0.0,0.0,16.8,1.86,0.0
20230814:0011,0.0,0.0,0.0,16.33,1.93,0.0
20230814:0111,0.0,0.0,0.0,15.97,2.0,0.0
20230814:0211,0.0,0.0,0.0,15.55,2.07,0.0
20230814:0311,0.0,0.0,0.0,15.09,1.93,0.0
20230814:0411,0.0,0.0,0.0,14.47,2.0,0.0
20230814:0511,21.22,40.16,7.92,14.42,1.93,0.0
20230814:0611,87.21,122.34,16.77,15.77,1.72,0.0
20230814:0711,150.51,197.87,25.68,18.1,2.0,0.0
20230814:0811,434.67,543.46,34.21,19.45,2.34,0.0
20230814:0911,655.14,837.1,41.79,20.85,2.55,0.0
20230814:1011,699.62,906.09,47.62,22.04,2.62,0.0
20230814:1111,698.19,906.04,50.75,22.99,2.97,0.0
20230814:1211,727.07,946.18,50.44,23.54,3.17,0.0
20230814:1311,473.96,604.29,46.76,23.88,3.31,0.0
20230814:1411,495.54,631.09,40.55,24.11,3.31,0.0
20230814:1511,413.36,529.34,32.75,24.37,3.1,0.0
20230814:1611,252.29,343.33,24.12,24.27,2.41,0.0
20230814:1711,79.66,142.4,15.19,23.94,1.72,0.0
20230814:1811,19.7,38.62,6.39,22.82,1.17,0.0
20230814:1911,0.0,0.0,0.0,21.55,1.93,0.0
20230814:2011,0.0,0.0,0.0,20.04,2.21,0.0
20230814:2111,0.0,0.0,0.0,19.21,1.86,0.0
20230814:2211,0.0,0.0,0.0,18.52,2.07,0.0
20230814:2311,0.0,0.0,0.0,18.41,2.07,0.0
20230815:0011,0.0,0.0,0.0,18.18,2.28,0.0
20230815:0111,0.0,0.0,0.0,18.06,2.41,0.0
20230815:0211,0.0,0.0,0.0,18.04,2.48,0.0
20230815:0311,0.0,0.0,0.0,18.0,2.34,0.0
20230815:0411,0.0,0.0,0.0,17.94,2.28,0.0
20230815:0511,0.77,7.74,7.7,18.01,2.21,0.0
20230815:0611,85.45,121.71,16.56,18.7,2.48,0.0
20230815:0711,300.4,377.76,25.46,19.13,3.31,0.0
20230815:0811,506.47,628.82,33.98,19.73,3.52,0.0
20230815:0911,584.27,729.06,41.54,20.93,4.41,0.0
20230815:1011,566.24,709.65,47.35,21.99,4.9,0.0
20230815:1111,422.66,531.08,50.45,22.72,5.17,0.0
20230815:1211,438.6,551.57,50.13,22.95,5.1,0.0
20230815:1311,245.26,315.14,46.46,22.75,4.62,0.0
20230815:1411,60.97,91.95,40.26,22.23,4.07,0.0
20230815:1511,92.62,130.67,32.47,21.96,3.86,0.0
20230815:1611,117.52,161.05,23.85,21.37,3.31,0.0
20230815:1711,82.59,128.15,14.92,20.76,2.9,0.0
20230815:1811,17.99,35.8,6.11,19.92,2.14,0.0
20230815:1911,0.0,0.0,0.0,18.6,2.0,0.0
20230815:2011,0.0,0.0,0.0,17.53,1.79,0.0
20230815:2111,0.0,0.0,0.0,16.16,1.52,0.0
20230815:2211,0.0,0.0,0.0,15.32,1.45,0.0
20230815:2311,0.0,0.0,0.0,14.48,1.59,0.0
20230816:0011,0.0,0.0,0.0,13.8,1.79,0.0
20230816:0111,0.0,0.0,0.0,13.35,1.79,0.0
20230816:0211,0.0,0.0,0.0,13.15,1.79,0.0
20230816:0311,0.0,0.0,0.0,12.89,1.79,0.0
20230816:0411,0.0,0.0,0.0,12.81,1.72,0.0
20230816:0511,34.13,66.93,7.48,13.85,1.17,0.0
20230816:0611,157.16,214.33,16.34,15.73,0.48,0.0
20230816:0711,241.3,307.27,25.24,16.8,0.55,0.0
20230816:0811,498.69,631.7,33.75,18.14,0.9,0.0
20230816:0911,547.22,701.97,41.28,19.3,0.97,0.0
20230816:1011,517.53,664.12,47.07,20.23,1.24,0.0
20230816:1111,700.04,921.62,50.14,21.14,1.52,0.0
20230816:1211,702.25,920.49,49.81,21.62,1.86,0.0
20230816:1311,563.25,722.58,46.15,22.0,2.21,0.0
20230816:1411,473.75,599.56,39.96,22.04,2.83,0.0
20230816:1511,404.24,510.66,32.19,21.66,3.31,0.0
20230816:1611,247.07,329.34,23.57,20.84,3.86,0.0
20230816:1711,77.74,139.94,14.64,19.65,4.0,0.0
20230816:1811,17.48,34.86,5.83,18.43,3.66,0.0
20230816:1911,0.0,0.0,0.0,17.51,3.24,0.0
20230816:2011,0.0,0.0,0.0,16.62,3.1,0.0
20230816:2111,0.0,0.0,0.0,15.96,3.03,0.0
20230816:2211,0.0,0.0,0.0,15.54,3.03,0.0
20230816:2311,0.0,0.0,0.0,15.38,3.1,0.0
20230817:0011,0.0,0.0,0.0,15.44,3.17,0.0
20230817:0111,0.0,0.0,0.0,15.46,3.38,0.0
20230817:0211,0.0,0.0,0.0,15.45,3.66,0.0
20230817:0311,0.0,0.0,0.0,15.49,3.59,0.0
20230817:0411,0.0,0.0,0.0,15.43,3.86,0.0
20230817:0511,32.35,68.37,7.25,15.5,3.72,0.0
20230817:0611,181.07,246.22,16.12,16.14,4.07,0.0
20230817:0711,167.13,214.73,25.02,16.45,4.62,0.0
20230817:0811,178.38,228.1,33.51,16.84,4.62,0.0
20230817:0911,109.47,148.09,41.03,17.56,4.69,0.0
20230817:1011,392.89,483.99,46.78,18.3,4.9,0.0
20230817:1111,445.53,549.56,49.83,19.29,5.45,0.0
20230817:1211,547.1,678.93,49.49,20.1,5.03,0.0
20230817:1311,214.53,275.19,45.83,20.55,4.9,0.0
20230817:1411,56.05,85.18,39.66,20.57,4.97,0.0
20230817:1511,134.37,179.47,31.9,20.27,4.83,0.0
20230817:1611,113.1,154.38,23.28,19.84,4.62,0.0
20230817:1711,75.37,114.9,14.36,19.51,4.55,0.0
20230817:1811,15.43,32.03,5.54,18.89,4.14,0.0
20230817:1911,0.0,0.0,0.0,17.94,3.72,0.0
20230817:2011,0.0,0.0,0.0,17.52,3.52,0.0
20230817:2111,0.0,0.0,0.0,17.3,3.38,0.0
20230817:2211,0.0,0.0,0.0,17.15,3.03,0.0
20230817:2311,0.0,0.0,0.0,17.03,2.76,0.0
20230818:0011,0.0,0.0,0.0,16.96,2.69,0.0
20230818:0111,0.0,0.0,0.0,16.83,2.76,0.0
20230818:0211,0.0,0.0,0.0,16.71,2.83,0.0
20230818:0311,0.0,0.0,0.0,16.51,2.83,0.0
20230818:0411,0.0,0.0,0.0,16.46,2.62,0.0
20230818:0511,7.71,20.33,7.03,16.53,2.28,0.0
20230818:0611,73.7,106.29,15.9,16.91,2.28,0.0
20230818:0711,131.6,174.46,24.8,17.21,2.62,0.0
20230818:0811,134.73,178.89,33.28,18.09,2.55,0.0
20230818:0911,248.5,315.8,40.77,19.27,2.48,0.0
20230818:1011,348.41,440.42,46.49,20.63,2.48,0.0
20230818:1111,322.54,410.76,49.52,22.21,3.03,0.0
20230818:1211,425.39,542.25,49.16,23.64,3.24,0.0
20230818:1311,394.28,504.28,45.51,24.06,2.9,0.0
20230818:1411,375.7,482.2,39.35,24.19,2.28,0.0
20230818:1511,378.99,489.7,31.6,24.38,2.0,0.0
20230818:1611,223.58,306.67,23.0,24.61,2.21,0.0
20230818:1711,70.03,129.51,14.07,24.32,2.55,0.0
20230818:1811,10.01,24.49,5.25,23.58,2.83,0.0
20230818:1911,0.0,0.0,0.0,22.49,2.9,0.0
20230818:2011,0.0,0.0,0.0,22.02,3.03,0.0
20230818:2111,0.0,0.0,0.0,21.72,2.83,0.0
20230818:2211,0.0,0.0,0.0,21.58,2.62,0.0
20230818:2311,0.0,0.0,0.0,21.3,2.83,0.0
20230819:0011,0.0,0.0,0.0,21.15,2.97,0.0
20230819:0111,0.0,0.0,0.0,20.81,3.1,0.0
20230819:0211,0.0,0.0,0.0,20.49,3.17,0.0
20230819:0311,0.0,0.0,0.0,20.25,3.03,0.0
20230819:0411,0.0,0.0,0.0,20.07,2.9,0.0
20230819:0511,14.18,30.78,6.8,19.97,2.76,0.0
20230819:0611,107.18,151.52,15.68,20.63,2.69,0.0
20230819:0711,95.22,134.3,24.57,22.56,3.03,0.0
20230819:0811,115.86,160.1,33.04,23.66,3.24,0.0
20230819:0911,227.41,296.75,40.51,24.69,3.45,0.0
20230819:1011,314.89,406.42,46.2,25.87,3.79,0.0
20230819:1111,279.88,364.94,49.2,26.97,4.0,0.0
20230819:1211,74.52,111.31,48.84,27.91,4.34,0.0
20230819:1311,123.37,172.29,45.19,28.07,4.41,0.0
20230819:1411,35.16,60.01,39.04,25.47,4.0,0.0
20230819:1511,76.13,111.31,31.3,23.49,3.52,0.0
20230819:1611,37.78,62.92,22.71,23.23,3.38,0.0
20230819:1711,51.62,81.31,13.78,22.67,4.0,0.0
20230819:1811,12.63,28.26,4.96,21.5,3.86,0.0
20230819:1911,0.0,0.0,0.0,19.57,3.1,0.0
20230819:2011,0.0,0.0,0.0,18.61,2.83,0.0
20230819:2111,0.0,0.0,0.0,17.89,2.34,0.0
20230819:2211,0.0,0.0,0.0,17.28,2.28,0.0
20230819:2311,0.0,0.0,0.0,16.9,2.28,0.0
20230820:0011,0.0,0.0,0.0,16.49,2.21,0.0
20230820:0111,0.0,0.0,0.0,16.09,2.28,0.0
20230820:0211,0.0,0.0,0.0,15.82,2.34,0.0
20230820:0311,0.0,0.0,0.0,15.64,2.48,0.0
20230820:0411,0.0,0.0,0.0,15.49,2.55,0.0
20230820:0511,25.69,51.51,6.58,15.54,2.48,0.0
20230820:0611,179.53,246.73,15.46,16.49,2.28,0.0
20230820:0711,361.28,453.73,24.35,18.38,2.48,0.0
20230820:0811,532.07,665.63,32.8,19.59,2.76,0.0
20230820:0911,641.05,813.28,40.25,20.73,2.97,0.0
20230820:1011,718.16,920.77,45.91,21.86,3.52,0.0
20230820:1111,759.99,981.72,48.88,22.72,3.79,0.0
20230820:1211,754.97,978.41,48.5,23.39,3.72,0.0
20230820:1311,603.47,772.62,44.86,23.59,3.38,0.0
20230820:1411,536.33,682.86,38.73,23.66,3.24,0.0
20230820:1511,405.55,517.71,31.0,23.44,3.17,0.0
20230820:1611,238.89,325.84,22.41,22.93,3.1,0.0
20230820:1711,67.76,124.04,13.49,22.14,2.41,0.0
20230820:1811,12.02,27.32,4.66,21.08,1.66,0.0
20230820:1911,0.0,0.0,0.0,19.77,1.59,0.0
20230820:2011,0.0,0.0,0.0,18.02,1.38,0.0
20230820:2111,0.0,0.0,0.0,17.79,0.97,0.0
20230820:2211,0.0,0.0,0.0,17.93,0.76,0.0
20230820:2311,0.0,0.0,0.0,16.4,1.17,0.0
20230821:0011,0.0,0.0,0.0,15.12,1.52,0.0
20230821:0111,0.0,0.0,0.0,14.49,1.59,0.0
20230821:0211,0.0,0.0,0.0,14.05,1.72,0.0
20230821:0311,0.0,0.0,0.0,14.0,1.66,0.0
20230821:0411,0.0,0.0,0.0,14.03,1.45,0.0
20230821:0511,22.07,44.07,6.35,14.28,1.31,0.0
20230821:0611,171.12,235.71,15.23,15.57,1.03,0.0
20230821:0711,346.47,439.15,24.12,17.38,0.76,0.0
20230821:0811,512.05,651.28,32.56,19.14,1.03,0.0
20230821:0911,619.12,800.8,39.98,20.87,1.45,0.0
20230821:1011,694.21,913.06,45.62,22.25,1.72,0.0
20230821:1111,733.33,974.1,48.56,23.08,1.86,0.0
20230821:1211,730.03,969.82,48.17,23.56,1.93,0.0
20230821:1311,626.63,818.08,44.53,23.99,2.07,0.0
20230821:1411,550.2,709.32,38.41,24.05,2.28,0.0
20230821:1511,369.77,476.26,30.69,23.81,2.21,0.0
20230821:1611,222.51,305.51,22.11,23.48,2.21,0.0
20230821:1711,67.48,118.59,13.19,22.58,1.79,0.0
20230821:1811,10.74,25.44,4.36,21.58,1.72,0.0
20230821:1911,0.0,0.0,0.0,20.27,1.86,0.0
20230821:2011,0.0,0.0,0.0,18.75,1.66,0.0
20230821:2111,0.0,0.0,0.0,17.68,1.17,0.0
20230821:2211,0.0,0.0,0.0,18.31,0.62,0.0
20230821:2311,0.0,0.0,0.0,17.87,0.34,0.0
20230822:0011,0.0,0.0,0.0,17.51,0.62,0.0
20230822:0111,0.0,0.0,0.0,17.22,0.83,0.0
20230822:0211,0.0,0.0,0.0,16.42,0.9,0.0
20230822:0311,0.0,0.0,0.0,15.37,1.1,0.0
20230822:0411,0.0,0.0,0.0,15.01,1.38,0.0
20230822:0511,15.5,32.59,6.12,15.02,1.52,0.0
20230822:0611,146.18,201.25,15.01,15.85,1.45,0.0
20230822:0711,267.38,338.59,23.89,18.31,2.07,0.0
20230822:0811,420.31,525.41,32.31,19.72,2.48,0.0
20230822:0911,612.34,775.57,39.71,20.73,2.83,0.0
20230822:1011,479.28,605.77,45.32,21.7,3.03,0.0
20230822:1111,738.36,956.75,48.23,22.6,3.24,0.0
20230822:1211,718.63,927.48,47.83,23.24,3.59,0.0
20230822:1311,620.63,790.29,44.2,23.5,3.93,0.0
20230822:1411,519.26,655.89,38.09,23.6,4.07,0.0
20230822:1511,390.65,496.34,30.38,23.33,4.0,0.0
20230822:1611,215.69,293.64,21.8,22.61,3.72,0.0
20230822:1711,64.18,114.01,12.89,21.5,3.17,0.0
20230822:1811,9.58,23.55,4.05,20.49,2.9,0.0
20230822:1911,0.0,0.0,0.0,19.7,2.69,0.0
20230822:2011,0.0,0.0,0.0,18.61,2.41,0.0
20230822:2111,0.0,0.0,0.0,17.7,1.86,0.0
20230822:2211,0.0,0.0,0.0,16.74,1.66,0.0
20230822:2311,0.0,0.0,0.0,15.95,1.72,0.0
20230823:0011,0.0,0.0,0.0,15.4,1.93,0.0
20230823:0111,0.0,0.0,0.0,15.19,2.07,0.0
20230823:0211,0.0,0.0,0.0,15.04,2.0,0.0
20230823:0311,0.0,0.0,0.0,14.87,2.07,0.0
20230823:0411,0.0,0.0,0.0,15.06,2.0,0.0
20230823:0511,0.0,4.84,5.89,15.39,2.21,0.0
20230823:0611,148.77,205.21,14.78,16.23,2.41,0.0
20230823:0711,326.38,408.43,23.66,17.32,2.48,0.0
20230823:0811,495.23,614.73,32.07,18.53,2.76,0.0
20230823:0911,549.26,687.74,39.44,19.8,3.03,0.0
20230823:1011,415.45,521.4,45.02,20.91,3.38,0.0
20230823:1111,534.75,673.93,47.91,21.68,3.79,0.0
20230823:1211,254.15,325.31,47.49,22.05,4.21,0.0
20230823:1311,363.18,457.75,43.86,22.01,3.93,0.0
20230823:1411,335.44,423.15,37.76,22.04,3.93,0.0
20230823:1511,370.81,468.75,30.07,21.51,3.45,0.0
20230823:1611,76.97,111.28,21.5,20.88,2.83,0.0
20230823:1711,54.57,85.83,12.58,20.24,2.34,0.0
20230823:1811,0.0,4.71,3.74,19.57,1.86,0.0
20230823:1911,0.0,0.0,0.0,18.6,1.79,0.0
20230823:2011,0.0,0.0,0.0,17.73,1.45,0.0
20230823:2111,0.0,0.0,0.0,16.54,1.17,0.0
20230823:2211,0.0,0.0,0.0,16.25,0.9,0.0
20230823:2311,0.0,0.0,0.0,16.51,0.69,0.0
20230824:0011,0.0,0.0,0.0,16.07,0.62,0.0
20230824:0111,0.0,0.0,0.0,15.78,0.48,0.0
20230824:0211,0.0,0.0,0.0,15.45,0.48,0.0
20230824:0311,0.0,0.0,0.0,15.21,0.69,0.0
20230824:0411,0.0,0.0,0.0,14.01,0.97,0.0
20230824:0511,17.23,37.72,5.66,13.31,1.24,0.0
20230824:0611,79.01,112.76,14.55,14.8,1.17,0.0
20230824:0711,342.92,429.09,23.42,16.21,1.66,0.0
20230824:0811,491.94,612.23,31.82,18.0,2.14,0.0
20230824:0911,489.31,612.37,39.17,19.97,2.83,0.0
20230824:1011,247.61,318.03,44.71,21.69,2.9,0.0
20230824:1111,137.31,185.84,47.57,22.89,2.76,0.0
20230824:1211,384.11,490.87,47.14,23.43,2.69,0.0
20230824:1311,174.69,232.02,43.52,23.07,2.0,0.0
20230824:1411,36.31,60.98,37.43,22.92,2.0,0.0
20230824:1511,38.59,63.88,29.75,22.75,2.41,0.0
20230824:1611,29.72,52.27,21.18,22.89,2.41,0.0
20230824:1711,11.75,27.1,12.27,23.0,2.97,0.0
20230824:1811,0.0,2.83,3.43,22.29,3.52,0.0
20230824:1911,0.0,0.0,0.0,20.38,2.69,0.0
20230824:2011,0.0,0.0,0.0,19.97,2.48,0.0
20230824:2111,0.0,0.0,0.0,19.76,2.55,0.0
20230824:2211,0.0,0.0,0.0,19.64,2.83,0.0
20230824:2311,0.0,0.0,0.0,19.54,3.1,0.0
20230825:0011,0.0,0.0,0.0,19.46,2.9,0.0
20230825:0111,0.0,0.0,0.0,19.21,2.69,0.0
20230825:0211,0.0,0.0,0.0,19.02,2.62,0.0
20230825:0311,0.0,0.0,0.0,18.72,2.41,0.0
20230825:0411,0.0,0.0,0.0,18.47,2.34,0.0
20230825:0511,4.15,14.52,5.42,18.41,1.93,0.0
20230825:0611,22.34,41.62,14.32,18.89,2.28,0.0
20230825:0711,61.76,91.95,23.19,19.49,3.17,0.0
20230825:0811,93.07,130.67,31.57,20.27,1.86,0.0
20230825:0911,147.5,197.91,38.89,21.15,0.76,0.0
20230825:1011,99.42,139.38,44.4,21.76,1.45,0.0
20230825:1111,109.0,151.0,47.24,22.0,2.14,0.0
20230825:1211,37.23,61.95,46.79,22.01,1.93,0.0
20230825:1311,60.85,91.95,43.17,22.07,1.86,0.0
20230825:1411,49.39,77.43,37.09,21.76,2.07,0.0
20230825:1511,19.97,38.72,29.42,21.04,1.72,0.0
20230825:1611,31.5,54.2,20.87,20.61,0.83,0.0
20230825:1711,4.11,14.52,11.96,20.08,0.48,0.0
20230825:1811,0.0,1.88,3.11,19.45,0.69,0.0
20230825:1911,0.0,0.0,0.0,18.18,1.38,0.0
20230825:2011,0.0,0.0,0.0,17.85,1.59,0.0
20230825:2111,0.0,0.0,0.0,17.56,0.97,0.0
20230825:2211,0.0,0.0,0.0,17.31,0.83,0.0
20230825:2311,0.0,0.0,0.0,17.24,1.24,0.0
20230826:0011,0.0,0.0,0.0,16.79,1.72,0.0
20230826:0111,0.0,0.0,0.0,16.2,2.21,0.0
20230826:0211,0.0,0.0,0.0,15.96,2.34,0.0
20230826:0311,0.0,0.0,0.0,15.71,2.62,0.0
20230826:0411,0.0,0.0,0.0,15.7,2.69,0.0
20230826:0511,13.99,31.65,5.19,15.56,2.48,0.0
20230826:0611,154.54,213.77,14.09,15.64,2.83,0.0
20230826:0711,138.51,181.06,22.95,15.81,4.0,0.0
20230826:0811,210.29,264.47,31.32,16.29,4.34,0.0
20230826:0911,492.0,600.82,38.62,16.61,4.0,0.0
20230826:1011,558.07,688.72,44.1,17.74,3.93,0.0
20230826:1111,342.77,425.98,46.9,18.35,3.86,0.0
20230826:1211,549.5,683.44,46.44,18.97,3.79,0.0
20230826:1311,264.13,332.9,42.82,19.46,4.34,0.0
20230826:1411,293.13,364.87,36.76,18.47,4.62,0.0
20230826:1511,93.29,129.7,29.1,18.73,3.79,0.0
20230826:1611,67.61,98.73,20.55,18.58,3.38,0.0
20230826:1711,52.1,102.18,11.64,18.46,3.1,0.0
20230826:1811,3.43,13.19,2.79,17.83,2.62,0.0
20230826:1911,0.0,0.0,0.0,15.89,1.66,0.0
20230826:2011,0.0,0.0,0.0,15.64,1.93,0.0
20230826:2111,0.0,0.0,0.0,15.16,2.14,0.0
20230826:2211,0.0,0.0,0.0,14.83,2.21,0.0
20230826:2311,0.0,0.0,0.0,14.55,2.28,0.0
20230827:0011,0.0,0.0,0.0,14.22,2.28,0.0
20230827:0111,0.0,0.0,0.0,14.05,2.21,0.0
20230827:0211,0.0,0.0,0.0,14.02,2.28,0.0
20230827:0311,0.0,0.0,0.0,13.67,2.34,0.0
20230827:0411,0.0,0.0,0.0,13.61,2.14,0.0
20230827:0511,4.85,15.49,4.95,13.52,2.07,0.0
20230827:0611,91.87,128.99,13.86,14.06,1.86,0.0
20230827:0711,32.52,54.2,22.71,14.84,2.9,0.0
20230827:0811,72.54,103.57,31.06,15.85,3.1,0.0
20230827:0911,632.25,780.46,38.34,16.44,3.31,0.0
20230827:1011,693.09,859.68,43.78,16.75,3.79,0.0
20230827:1111,495.95,610.88,46.56,17.42,3.86,0.0
20230827:1211,123.82,165.52,46.08,18.02,4.0,0.0
20230827:1311,35.15,58.08,42.47,17.39,4.34,0.0
20230827:1411,503.82,618.03,36.42,17.49,3.93,0.0
20230827:1511,282.64,349.58,28.77,15.71,4.28,0.0
20230827:1611,40.07,63.88,20.22,15.66,3.86,0.0
20230827:1711,48.18,75.99,11.32,15.55,3.93,0.0
20230827:1811,2.49,11.3,2.46,15.18,3.31,0.0
20230827:1911,0.0,0.0,0.0,14.59,3.93,0.0
20230827:2011,0.0,0.0,0.0,14.12,3.93,0.0
20230827:2111,0.0,0.0,0.0,13.74,3.66,0.0
20230827:2211,0.0,0.0,0.0,13.64,3.72,0.0
20230827:2311,0.0,0.0,0.0,13.65,3.72,0.0
20230828:0011,0.0,0.0,0.0,13.54,3.59,0.0
20230828:0111,0.0,0.0,0.0,13.65,3.31,0.0
20230828:0211,0.0,0.0,0.0,13.52,2.97,0.0
20230828:0311,0.0,0.0,0.0,13.36,2.62,0.0
20230828:0411,0.0,0.0,0.0,13.2,2.41,0.0
20230828:0511,6.04,17.42,4.72,12.88,2.41,0.0
20230828:0611,163.67,225.77,13.63,13.42,2.21,0.0
20230828:0711,349.92,434.97,22.47,15.41,2.21,0.0
20230828:0811,463.71,570.52,30.81,16.6,2.62,0.0
20230828:0911,379.18,469.35,38.05,17.54,2.76,0.0
20230828:1011,443.84,551.55,43.47,18.49,3.03,0.0
20230828:1111,485.62,604.96,46.21,18.9,3.24,0.0
20230828:1211,659.07,829.58,45.73,19.16,3.38,0.0
20230828:1311,588.16,733.11,42.11,18.86,3.45,0.0
20230828:1411,520.74,646.26,36.07,18.86,3.31,0.0
20230828:1511,227.38,289.57,28.43,18.76,3.1,0.0
20230828:1611,102.86,142.12,19.9,18.48,2.83,0.0
20230828:1711,51.14,83.65,10.99,17.91,2.41,0.0
20230828:1811,1.09,8.48,2.14,17.05,1.93,0.0
20230828:1911,0.0,0.0,0.0,16.19,1.66,0.0
20230828:2011,0.0,0.0,0.0,15.22,1.52,0.0
20230828:2111,0.0,0.0,0.0,14.13,1.66,0.0
20230828:2211,0.0,0.0,0.0,13.37,1.59,0.0
20230828:2311,0.0,0.0,0.0,13.07,1.31,0.0
20230829:0011,0.0,0.0,0.0,13.08,1.1,0.0
20230829:0111,0.0,0.0,0.0,13.32,0.97,0.0
20230829:0211,0.0,0.0,0.0,12.13,1.31,0.0
20230829:0311,0.0,0.0,0.0,11.9,1.38,0.0
20230829:0411,0.0,0.0,0.0,11.42,1.52,0.0
20230829:0511,11.02,27.15,4.48,10.86,1.72,0.0
20230829:0611,161.35,222.52,13.39,12.25,1.24,0.0
20230829:0711,322.13,402.35,22.23,14.47,1.03,0.0
20230829:0811,404.38,499.94,30.55,15.55,1.38,0.0
20230829:0911,543.07,678.79,37.77,16.4,1.59,0.0
20230829:1011,609.71,772.01,43.15,17.0,1.59,0.0
20230829:1111,543.66,687.3,45.87,17.82,1.59,0.0
20230829:1211,535.21,677.62,45.37,18.16,1.52,0.0
20230829:1311,70.76,102.6,41.75,18.12,1.52,0.0
20230829:1411,107.67,147.13,35.72,18.2,1.59,0.0
20230829:1511,308.13,388.75,28.1,18.09,1.86,0.0
20230829:1611,156.41,211.27,19.57,17.9,1.93,0.0
20230829:1711,50.5,83.64,10.66,17.42,1.86,0.0
20230829:1811,0.0,4.71,1.8,16.78,1.66,0.0
20230829:1911,0.0,0.0,0.0,16.09,1.59,0.0
20230829:2011,0.0,0.0,0.0,15.38,1.79,0.0
20230829:2111,0.0,0.0,0.0,14.89,1.93,0.0
20230829:2211,0.0,0.0,0.0,14.24,2.0,0.0
20230829:2311,0.0,0.0,0.0,13.85,2.07,0.0
20230830:0011,0.0,0.0,0.0,13.6,2.07,0.0
20230830:0111,0.0,0.0,0.0,13.37,2.14,0.0
20230830:0211,0.0,0.0,0.0,13.09,2.28,0.0
20230830:0311,0.0,0.0,0.0,12.74,2.41,0.0
20230830:0411,0.0,0.0,0.0,12.45,2.48,0.0
20230830:0511,11.14,28.74,4.24,12.34,2.55,0.0
20230830:0611,93.64,131.06,13.16,12.78,2.69,0.0
20230830:0711,116.73,154.5,21.99,13.91,3.38,0.0
20230830:0811,144.54,187.39,30.29,15.01,3.86,0.0
20230830:0911,74.09,105.5,37.48,16.45,4.83,0.0
20230830:1011,216.03,272.53,42.83,17.05,4.83,0.0
20230830:1111,184.38,236.1,45.52,17.36,4.48,0.0
20230830:1211,99.18,135.51,45.0,16.49,3.45,0.0
20230830:1311,68.46,98.73,41.39,16.03,3.24,0.0
20230830:1411,86.51,120.02,35.37,15.09,2.0,0.0
20230830:1511,51.07,77.43,27.76,15.1,1.86,0.0
20230830:1611,21.34,39.69,19.23,15.11,2.28,0.0
20230830:1711,18.56,35.81,10.33,14.33,3.03,0.0
20230830:1811,0.0,0.94,1.47,13.66,3.52,0.0
20230830:1911,0.0,0.0,0.0,13.8,2.83,0.0
20230830:2011,0.0,0.0,0.0,13.67,3.03,0.0
20230830:2111,0.0,0.0,0.0,13.13,2.9,0.0
20230830:2211,0.0,0.0,0.0,12.69,2.76,0.0
20230830:2311,0.0,0.0,0.0,12.19,2.9,0.0
20230831:0011,0.0,0.0,0.0,12.04,3.03,0.0
20230831:0111,0.0,0.0,0.0,11.69,3.17,0.0
20230831:0211,0.0,0.0,0.0,11.47,3.31,0.0
20230831:0311,0.0,0.0,0.0,11.25,3.17,0.0
20230831:0411,0.0,0.0,0.0,10.99,3.24,0.0
20230831:0511,8.97,23.71,4.0,11.02,3.24,0.0
20230831:0611,139.52,191.46,12.92,11.59,3.1,0.0
20230831:0711,343.36,420.32,21.74,12.66,2.76,0.0
20230831:0811,517.61,626.88,30.03,13.95,3.17,0.0
20230831:0911,225.74,281.99,37.19,15.14,3.59,0.0
20230831:1011,209.86,264.81,42.51,16.35,4.34,0.0
20230831:1111,364.72,448.13,45.17,17.09,4.62,0.0
20230831:1211,478.84,585.55,44.64,17.25,4.83,0.0
20230831:1311,457.38,558.25,41.03,17.34,5.03,0.0
20230831:1411,247.15,308.09,35.02,16.87,4.97,0.0
20230831:1511,355.37,438.57,27.41,16.58,4.48,0.0
20230831:1611,112.76,152.92,18.9,16.06,4.28,0.0
20230831:1711,35.01,58.3,10.0,15.51,4.07,0.0
20230831:1811,0.0,0.0,0.0,14.81,3.24,0.0
20230831:1911,0.0,0.0,0.0,13.99,2.69,0.0
20230831:2011,0.0,0.0,0.0,13.5,2.76,0.0
20230831:2111,0.0,0.0,0.0,13.1,2.69,0.0
20230831:2211,0.0,0.0,0.0,12.66,2.76,0.0
20230831:2311,0.0,0.0,0.0,12.29,2.83,0.0
20230901:0011,0.0,0.0,0.0,12.03,2.69,0.0
20230901:0111,0.0,0.0,0.0,11.91,2.41,0.0
20230901:0211,0.0,0.0,0.0,11.56,2.21,0.0
20230901:0311,0.0,0.0,0.0,11.18,2.14,0.0
20230901:0411,0.0,0.0,0.0,10.74,2.14,0.0
20230901:0511,7.63,21.06,3.76,10.33,2.14,0.0
20230901:0611,118.21,163.27,12.68,11.05,1.72,0.0
20230901:0711,295.8,367.15,21.5,13.4,1.45,0.0
20230901:0811,341.11,421.96,29.76,15.22,1.24,0.0
20230901:0911,262.53,331.56,36.9,16.67,0.76,0.0
20230901:1011,267.42,339.96,42.19,17.63,0.62,0.0
20230901:1111,563.13,725.61,44.81,18.36,0.69,0.0
20230901:1211,660.8,872.34,44.27,18.8,0.41,0.0
20230901:1311,628.31,818.91,40.66,19.21,0.69,0.0
20230901:1411,514.17,656.8,34.66,19.54,0.97,0.0
20230901:1511,366.09,469.25,27.07,19.63,0.97,0.0
20230901:1611,183.31,256.82,18.56,19.66,0.97,0.0
20230901:1711,42.56,78.44,9.66,19.18,0.83,0.0
20230901:1811,0.0,0.0,0.0,17.8,1.38,0.0
20230901:1911,0.0,0.0,0.0,15.88,2.21,0.0
20230901:2011,0.0,0.0,0.0,15.29,2.28,0.0
20230901:2111,0.0,0.0,0.0,14.98,2.14,0.0
20230901:2211,0.0,0.0,0.0,14.77,2.0,0.0
20230901:2311,0.0,0.0,0.0,14.49,1.79,0.0
20230902:0011,0.0,0.0,0.0,14.3,1.52,0.0
20230902:0111,0.0,0.0,0.0,13.91,1.38,0.0
20230902:0211,0.0,0.0,0.0,13.54,1.17,0.0
20230902:0311,0.0,0.0,0.0,13.46,1.03,0.0
20230902:0411,0.0,0.0,0.0,13.45,0.9,0.0
20230902:0511,0.0,3.87,3.52,13.29,0.83,0.0
20230902:0611,144.43,203.58,12.44,14.11,0.62,0.0
20230902:0711,324.97,408.4,21.25,14.73,0.62,0.0
20230902:0811,491.29,617.69,29.5,16.51,0.76,0.0
20230902:0911,592.43,756.28,36.61,17.65,0.97,0.0
20230902:1011,510.27,649.49,41.86,18.61,1.03,0.0
20230902:1111,456.12,584.52,44.46,19.28,0.55,0.0
20230902:1211,427.27,543.0,43.9,19.97,1.31,0.0
20230902:1311,634.54,808.21,40.29,20.12,2.34,0.0
20230902:1411,528.63,665.67,34.3,20.08,2.41,0.0
20230902:1511,372.16,474.13,26.72,19.86,1.86,0.0
20230902:1611,189.92,266.81,18.22,19.65,2.34,0.0
20230902:1711,35.82,75.67,9.32,18.86,2.41,0.0
20230902:1811,0.0,0.0,0.0,17.54,2.48,0.0
20230902:1911,0.0,0.0,0.0,16.15,2.34,0.0
20230902:2011,0.0,0.0,0.0,15.4,2.21,0.0
20230902:2111,0.0,0.0,0.0,14.97,2.0,0.0
20230902:2211,0.0,0.0,0.0,14.33,1.72,0.0
20230902:2311,0.0,0.0,0.0,13.37,1.38,0.0
20230903:0011,0.0,0.0,0.0,12.66,1.45,0.0
20230903:0111,0.0,0.0,0.0,12.06,1.59,0.0
20230903:0211,0.0,0.0,0.0,11.71,1.59,0.0
20230903:0311,0.0,0.0,0.0,11.35,1.72,0.0
20230903:0411,0.0,0.0,0.0,11.41,1.86,0.0
20230903:0511,0.0,2.9,3.27,11.57,1.72,0.0
20230903:0611,83.04,118.58,12.2,12.43,1.17,0.0
20230903:0711,302.64,379.86,21.0,15.08,1.03,0.0
20230903:0811,394.68,490.25,29.23,16.6,1.38,0.0
20230903:0911,509.47,636.48,36.32,17.74,1.93,0.0
20230903:1011,598.14,755.62,41.53,18.61,2.21,0.0
20230903:1111,614.98,779.08,44.1,19.4,2.55,0.0
20230903:1211,551.5,695.93,43.52,19.81,2.55,0.0
20230903:1311,525.76,663.79,39.92,20.07,2.28,0.0
20230903:1411,482.55,609.25,33.94,20.13,1.93,0.0
20230903:1511,315.93,403.52,26.36,20.06,1.72,0.0
20230903:1611,165.94,232.45,17.87,19.9,1.59,0.0
20230903:1711,30.51,54.06,8.98,19.4,1.1,0.0
20230903:1811,0.0,0.0,0.0,18.13,1.03,0.0
20230903:1911,0.0,0.0,0.0,17.16,0.83,0.0
20230903:2011,0.0,0.0,0.0,16.95,0.28,0.0
20230903:2111,0.0,0.0,0.0,15.92,0.76,0.0
20230903:2211,0.0,0.0,0.0,15.12,0.83,0.0
20230903:2311,0.0,0.0,0.0,13.71,1.1,0.0
20230904:0011,0.0,0.0,0.0,12.19,1.52,0.0
20230904:0111,0.0,0.0,0.0,11.57,1.59,0.0
20230904:0211,0.0,0.0,0.0,11.34,1.59,0.0
20230904:0311,0.0,0.0,0.0,11.19,1.66,0.0
20230904:0411,0.0,0.0,0.0,11.13,1.66,0.0
20230904:0511,0.0,4.84,3.03,11.15,1.59,0.0
20230904:0611,114.91,161.0,11.96,12.04,1.31,0.0
20230904:0711,316.85,395.18,20.75,14.43,1.45,0.0
20230904:0811,491.9,611.33,28.96,16.69,1.72,0.0
20230904:0911,607.05,765.27,36.02,18.75,2.28,0.0
20230904:1011,683.85,869.92,41.2,20.08,2.97,0.0
20230904:1111,700.17,896.57,43.74,21.06,3.1,0.0
20230904:1211,684.91,881.05,43.15,21.91,2.9,0.0
20230904:1311,625.43,803.89,39.54,22.55,2.55,0.0
20230904:1411,513.75,656.93,33.57,22.96,2.28,0.0
20230904:1511,345.87,447.76,26.01,23.14,2.0,0.0
20230904:1611,167.1,239.8,17.52,23.02,1.66,0.0
20230904:1711,32.24,68.32,8.63,22.18,1.66,0.0
20230904:1811,0.0,0.0,0.0,20.4,2.34,0.0
20230904:1911,0.0,0.0,0.0,18.74,2.69,0.0
20230904:2011,0.0,0.0,0.0,17.76,2.76,0.0
20230904:2111,0.0,0.0,0.0,17.01,2.69,0.0
20230904:2211,0.0,0.0,0.0,16.35,2.62,0.0
20230904:2311,0.0,0.0,0.0,15.66,2.48,0.0
20230905:0011,0.0,0.0,0.0,15.1,2.41,0.0
20230905:0111,0.0,0.0,0.0,14.62,2.34,0.0
20230905:0211,0.0,0.0,0.0,14.17,2.34,0.0
20230905:0311,0.0,0.0,0.0,13.84,2.34,0.0
20230905:0411,0.0,0.0,0.0,13.61,2.34,0.0
20230905:0511,2.33,11.76,2.79,13.43,2.34,0.0
20230905:0611,132.0,186.85,11.72,14.0,2.0,0.0
20230905:0711,322.13,404.58,20.5,16.45,1.86,0.0
20230905:0811,484.76,608.15,28.69,18.84,1.79,0.0
20230905:0911,586.74,752.62,35.72,20.92,1.66,0.0
20230905:1011,655.6,861.24,40.87,22.7,1.52,0.0
20230905:1111,670.84,893.81,43.38,24.12,1.38,0.0
20230905:1211,650.7,871.17,42.77,25.21,1.24,0.0
20230905:1311,605.32,803.2,39.17,25.95,1.45,0.0
20230905:1411,507.38,661.11,33.2,26.3,2.07,0.0
20230905:1511,354.05,464.54,25.65,26.34,2.48,0.0
20230905:1611,169.58,249.11,17.18,25.94,2.55,0.0
20230905:1711,29.1,64.43,8.29,24.94,2.41,0.0
20230905:1811,0.0,0.0,0.0,23.35,2.76,0.0
20230905:1911,0.0,0.0,0.0,22.21,2.83,0.0
20230905:2011,0.0,0.0,0.0,21.26,2.76,0.0
20230905:2111,0.0,0.0,0.0,20.39,2.55,0.0
20230905:2211,0.0,0.0,0.0,19.44,2.28,0.0
20230905:2311,0.0,0.0,0.0,18.38,2.07,0.0
20230906:0011,0.0,0.0,0.0,17.4,2.0,0.0
20230906:0111,0.0,0.0,0.0,16.63,2.0,0.0
20230906:0211,0.0,0.0,0.0,16.03,2.0,0.0
20230906:0311,0.0,0.0,0.0,15.56,2.0,0.0
20230906:0411,0.0,0.0,0.0,15.18,2.0,0.0
20230906:0511,1.68,9.68,2.54,14.92,2.07,0.0
20230906:0611,135.6,194.12,11.47,15.66,1.79,0.0
20230906:0711,319.67,405.6,20.25,18.48,1.86,0.0
20230906:0811,478.16,604.24,28.42,20.8,2.0,0.0
20230906:0911,581.4,747.61,35.42,22.81,2.14,0.0
20230906:1011,650.96,851.29,40.53,24.52,2.34,0.0
20230906:1111,672.2,883.64,43.01,25.85,2.76,0.0
20230906:1211,656.41,861.43,42.39,26.85,3.1,0.0
20230906:1311,603.51,788.14,38.79,27.48,3.17,0.0
20230906:1411,501.92,652.28,32.83,27.76,3.03,0.0
20230906:1511,344.46,454.64,25.29,27.74,2.76,0.0
20230906:1611,162.13,241.24,16.82,27.25,2.0,0.0
20230906:1711,26.85,60.18,7.94,26.13,2.14,0.0
20230906:1811,0.0,0.0,0.0,24.28,2.69,0.0
20230906:1911,0.0,0.0,0.0,22.86,2.83,0.0
20230906:2011,0.0,0.0,0.0,21.86,2.83,0.0
20230906:2111,0.0,0.0,0.0,21.05,2.83,0.0
20230906:2211,0.0,0.0,0.0,20.39,2.9,0.0
20230906:2311,0.0,0.0,0.0,19.84,2.97,0.0
20230907:0011,0.0,0.0,0.0,19.29,2.97,0.0
20230907:0111,0.0,0.0,0.0,18.75,2.97,0.0
20230907:0211,0.0,0.0,0.0,18.22,2.97,0.0
20230907:0311,0.0,0.0,0.0,17.73,2.97,0.0
20230907:0411,0.0,0.0,0.0,17.29,3.03,0.0
20230907:0511,1.35,9.99,2.29,16.92,3.03,0.0
20230907:0611,127.97,184.4,11.23,17.17,2.97,0.0
20230907:0711,315.11,398.35,19.99,18.87,2.9,0.0
20230907:0811,481.7,601.26,28.15,20.69,3.38,0.0
20230907:0911,594.56,750.43,35.12,22.35,3.79,0.0
20230907:1011,667.15,852.77,40.2,23.83,4.14,0.0
20230907:1111,686.72,884.66,42.65,25.0,4.28,0.0
20230907:1211,663.4,856.19,42.01,25.89,4.28,0.0
20230907:1311,609.1,783.86,38.4,26.46,4.21,0.0
20230907:1411,508.72,652.42,32.46,26.74,4.14,0.0
20230907:1511,343.39,448.09,24.93,26.61,4.0,0.0
20230907:1611,159.32,235.28,16.47,26.04,3.66,0.0
20230907:1711,25.75,57.19,7.58,24.85,3.66,0.0
20230907:1811,0.0,0.0,0.0,23.39,3.66,0.0
20230907:1911,0.0,0.0,0.0,22.38,3.79,0.0
20230907:2011,0.0,0.0,0.0,21.6,3.72,0.0
20230907:2111,0.0,0.0,0.0,20.91,3.59,0.0
20230907:2211,0.0,0.0,0.0,20.28,3.52,0.0
20230907:2311,0.0,0.0,0.0,19.67,3.45,0.0
20230908:0011,0.0,0.0,0.0,19.09,3.38,0.0
20230908:0111,0.0,0.0,0.0,18.53,3.24,0.0
20230908:0211,0.0,0.0,0.0,17.99,3.1,0.0
20230908:0311,0.0,0.0,0.0,17.48,2.97,0.0
20230908:0411,0.0,0.0,0.0,16.97,2.83,0.0
20230908:0511,0.03,5.81,2.05,16.48,2.76,0.0
20230908:0611,129.47,186.95,10.98,16.66,2.62,0.0
20230908:0711,316.03,399.46,19.74,18.22,2.41,0.0
20230908:0811,475.5,595.52,27.87,20.19,2.62,0.0
20230908:0911,587.26,748.37,34.81,22.05,2.62,0.0
20230908:1011,650.82,843.68,39.86,23.74,2.69,0.0
20230908:1111,672.45,882.47,42.28,25.12,2.62,0.0
20230908:1211,648.42,852.75,41.62,26.22,2.62,0.0
20230908:1311,592.53,775.81,38.02,26.95,2.62,0.0
20230908:1411,488.64,636.32,32.09,27.36,2.55,0.0
20230908:1511,332.87,440.58,24.57,27.41,2.34,0.0
20230908:1611,153.27,230.24,16.11,27.02,1.66,0.0
20230908:1711,21.1,53.12,7.23,25.99,1.59,0.0
20230908:1811,0.0,0.0,0.0,24.29,2.21,0.0
20230908:1911,0.0,0.0,0.0,22.33,2.34,0.0
20230908:2011,0.0,0.0,0.0,20.97,2.28,0.0
20230908:2111,0.0,0.0,0.0,19.83,2.21,0.0
20230908:2211,0.0,0.0,0.0,18.88,2.14,0.0
20230908:2311,0.0,0.0,0.0,18.11,2.07,0.0
20230909:0011,0.0,0.0,0.0,17.48,2.07,0.0
20230909:0111,0.0,0.0,0.0,16.95,2.0,0.0
20230909:0211,0.0,0.0,0.0,16.5,2.0,0.0
20230909:0311,0.0,0.0,0.0,16.13,2.0,0.0
20230909:0411,0.0,0.0,0.0,15.87,2.0,0.0
20230909:0511,0.0,1.94,1.8,15.65,2.0,0.0
20230909:0611,111.31,161.63,10.73,16.24,1.72,0.0
20230909:0711,299.79,383.44,19.48,19.2,1.45,0.0
20230909:0811,455.43,578.85,27.59,21.01,1.45,0.0
20230909:0911,566.45,734.4,34.51,22.81,1.45,0.0
20230909:1011,629.33,829.83,39.52,24.35,1.59,0.0
20230909:1111,648.61,860.47,41.91,25.37,1.79,0.0
20230909:1211,619.54,819.08,41.24,26.03,1.93,0.0
20230909:1311,579.97,760.94,37.64,26.31,2.07,0.0
20230909:1411,471.85,611.83,31.71,26.22,2.28,0.0
20230909:1511,316.46,416.05,24.2,25.77,2.28,0.0
20230909:1611,144.99,215.14,15.75,24.98,2.14,0.0
20230909:1711,23.11,49.54,6.87,23.69,1.72,0.0
20230909:1811,0.0,0.0,0.0,22.03,1.72,0.0
20230909:1911,0.0,0.0,0.0,20.57,1.86,0.0
20230909:2011,0.0,0.0,0.0,18.99,1.52,0.0
20230909:2111,0.0,0.0,0.0,17.91,1.31,0.0
20230909:2211,0.0,0.0,0.0,17.47,1.1,0.0
20230909:2311,0.0,0.0,0.0,17.25,1.1,0.0
20230910:0011,0.0,0.0,0.0,17.73,0.9,0.0
20230910:0111,0.0,0.0,0.0,17.25,0.62,0.0
20230910:0211,0.0,0.0,0.0,16.52,0.48,0.0
20230910:0311,0.0,0.0,0.0,16.12,0.41,0.0
20230910:0411,0.0,0.0,0.0,15.6,0.21,0.0
20230910:0511,0.0,0.97,1.55,15.55,0.07,0.0
20230910:0611,81.63,121.07,10.48,15.72,0.21,0.0
20230910:0711,249.42,318.21,19.22,16.23,0.41,0.0
20230910:0811,410.28,516.28,27.32,17.41,0.55,0.0
20230910:0911,535.94,688.06,34.2,18.91,0.55,0.0
20230910:1011,609.13,802.75,39.18,20.94,0.48,0.0
20230910:1111,632.37,846.58,41.54,22.75,0.48,0.0
20230910:1211,609.32,817.58,40.85,24.07,0.48,0.0
20230910:1311,536.65,710.43,37.25,24.92,0.69,0.0
20230910:1411,421.72,550.85,31.33,25.36,0.97,0.0
20230910:1511,271.99,360.24,23.84,25.43,1.24,0.0
20230910:1611,113.75,167.73,15.39,25.17,1.59,0.0
20230910:1711,19.43,39.78,6.52,24.26,1.86,0.0
20230910:1811,0.0,0.0,0.0,22.7,2.34,0.0
20230910:1911,0.0,0.0,0.0,21.15,2.55,0.0
20230910:2011,0.0,0.0,0.0,20.23,2.62,0.0
20230910:2111,0.0,0.0,0.0,19.64,2.69,0.0
20230910:2211,0.0,0.0,0.0,19.26,2.62,0.0
20230910:2311,0.0,0.0,0.0,18.99,2.62,0.0
20230911:0011,0.0,0.0,0.0,18.78,2.62,0.0
20230911:0111,0.0,0.0,0.0,18.59,2.69,0.0
20230911:0211,0.0,0.0,0.0,18.43,2.62,0.0
20230911:0311,0.0,0.0,0.0,18.27,2.62,0.0
20230911:0411,0.0,0.0,0.0,18.19,2.69,0.0
20230911:0511,0.0,0.0,0.0,18.1,2.69,0.0
20230911:0611,90.93,135.69,10.23,18.64,2.55,0.0
20230911:0711,258.39,331.24,18.96,20.1,2.55,0.0
20230911:0811,441.18,556.04,27.04,22.17,2.83,0.0
20230911:0911,551.14,704.07,33.89,24.18,3.03,0.0
20230911:1011,619.4,802.91,38.83,25.86,3.24,0.0
20230911:1111,647.83,845.56,41.16,27.01,3.52,0.0
20230911:1211,626.48,815.95,40.46,27.66,3.79,0.0
20230911:1311,562.9,728.72,36.86,27.68,3.72,0.0
20230911:1411,448.84,578.67,30.95,27.19,3.38,0.0
20230911:1511,268.27,353.68,23.47,26.05,2.76,0.0
20230911:1611,121.44,180.95,15.03,25.27,2.28,0.0
20230911:1711,18.58,39.0,6.16,24.05,2.34,0.0
20230911:1811,0.0,0.0,0.0,22.32,2.55,0.0
20230911:1911,0.0,0.0,0.0,20.9,2.41,0.0
20230911:2011,0.0,0.0,0.0,20.14,2.14,0.0
20230911:2111,0.0,0.0,0.0,19.58,2.0,0.0
20230911:2211,0.0,0.0,0.0,19.15,2.14,0.0
20230911:2311,0.0,0.0,0.0,18.98,1.66,0.0
20230912:0011,0.0,0.0,0.0,18.6,1.59,0.0
20230912:0111,0.0,0.0,0.0,18.27,1.59,0.0
20230912:0211,0.0,0.0,0.0,18.05,1.59,0.0
20230912:0311,0.0,0.0,0.0,17.77,1.59,0.0
20230912:0411,0.0,0.0,0.0,17.55,1.59,0.0
20230912:0511,0.0,0.0,0.0,17.33,1.72,0.0
20230912:0611,109.56,162.42,9.98,17.47,1.66,0.0
20230912:0711,237.9,304.16,18.7,18.49,2.28,0.0
20230912:0811,290.76,364.78,26.75,19.38,2.62,0.0
20230912:0911,110.68,151.96,33.58,20.63,2.69,0.0
20230912:1011,386.86,488.12,38.49,21.49,2.62,0.0
20230912:1111,184.21,241.8,40.79,21.93,2.55,0.0
20230912:1211,550.49,702.33,40.07,22.24,2.48,0.0
20230912:1311,427.28,542.49,36.47,22.28,2.21,0.0
20230912:1411,163.93,217.27,30.57,21.91,2.07,0.0
20230912:1511,13.84,30.01,23.1,21.14,2.28,0.0
20230912:1611,137.17,203.83,14.67,20.18,2.21,0.0
20230912:1711,15.74,33.53,5.8,19.49,1.72,0.0
20230912:1811,0.0,0.0,0.0,18.94,1.59,0.0
20230912:1911,0.0,0.0,0.0,19.04,2.21,0.0
20230912:2011,0.0,0.0,0.0,18.37,2.55,0.0
20230912:2111,0.0,0.0,0.0,18.0,2.41,0.0
20230912:2211,0.0,0.0,0.0,17.7,2.34,0.0
20230912:2311,0.0,0.0,0.0,17.51,2.48,0.0
20230913:0011,0.0,0.0,0.0,17.42,2.76,0.0
20230913:0111,0.0,0.0,0.0,17.43,3.03,0.0
20230913:0211,0.0,0.0,0.0,17.32,3.38,0.0
20230913:0311,0.0,0.0,0.0,17.18,3.38,0.0
20230913:0411,0.0,0.0,0.0,16.88,3.66,0.0
20230913:0511,0.0,0.0,0.0,16.35,4.0,0.0
20230913:0611,2.15,10.65,9.73,15.61,4.48,0.0
20230913:0711,110.12,147.44,18.44,15.12,4.69,0.0
20230913:0811,73.0,103.57,26.47,14.94,4.69,0.0
20230913:0911,197.09,247.65,33.26,14.78,4.28,0.0
20230913:1011,166.47,212.74,38.14,15.01,4.48,0.0
20230913:1111,433.12,525.58,40.41,15.85,4.76,0.0
20230913:1211,313.91,386.94,39.68,17.05,4.62,0.0
20230913:1311,372.2,456.34,36.08,17.69,4.76,0.0
20230913:1411,395.46,484.39,30.19,17.82,4.76,0.0
20230913:1511,301.63,378.91,22.72,17.49,4.55,0.0
20230913:1611,131.39,191.22,14.3,16.9,4.28,0.0
20230913:1711,14.16,32.84,5.44,16.2,3.52,0.0
20230913:1811,0.0,0.0,0.0,15.33,3.1,0.0
20230913:1911,0.0,0.0,0.0,14.74,2.9,0.0
20230913:2011,0.0,0.0,0.0,14.36,2.21,0.0
20230913:2111,0.0,0.0,0.0,14.21,1.59,0.0
20230913:2211,0.0,0.0,0.0,13.83,1.52,0.0
20230913:2311,0.0,0.0,0.0,13.85,1.59,0.0
20230914:0011,0.0,0.0,0.0,13.95,1.72,0.0
20230914:0111,0.0,0.0,0.0,13.82,1.72,0.0
20230914:0211,0.0,0.0,0.0,13.74,1.45,0.0
20230914:0311,0.0,0.0,0.0,13.35,1.52,0.0
20230914:0411,0.0,0.0,0.0,13.18,1.59,0.0
20230914:0511,0.0,0.0,0.0,13.05,1.45,0.0
20230914:0611,78.6,116.73,9.48,13.32,1.24,0.0
20230914:0711,306.1,382.22,18.18,13.94,1.59,0.0
20230914:0811,473.11,580.63,26.19,15.05,2.07,0.0
20230914:0911,505.47,624.69,32.95,15.96,2.0,0.0
20230914:1011,626.08,787.52,37.79,16.32,1.79,0.0
20230914:1111,571.55,720.32,40.03,16.69,1.45,0.0
20230914:1211,580.38,732.49,39.29,17.08,1.52,0.0
20230914:1311,560.6,705.52,35.69,17.48,1.59,0.0
20230914:1411,462.36,578.37,29.81,17.64,1.59,0.0
20230914:1511,307.91,392.88,22.35,17.62,1.66,0.0
20230914:1611,131.18,194.38,13.94,17.46,1.59,0.0
20230914:1711,11.56,29.25,5.07,16.82,1.59,0.0
20230914:1811,0.0,0.0,0.0,15.55,2.14,0.0
20230914:1911,0.0,0.0,0.0,14.82,2.41,0.0
20230914:2011,0.0,0.0,0.0,14.18,2.69,0.0
20230914:2111,0.0,0.0,0.0,13.81,2.76,0.0
20230914:2211,0.0,0.0,0.0,13.59,2.76,0.0
20230914:2311,0.0,0.0,0.0,13.37,2.69,0.0
20230915:0011,0.0,0.0,0.0,12.79,2.55,0.0
20230915:0111,0.0,0.0,0.0,12.38,2.41,0.0
20230915:0211,0.0,0.0,0.0,11.94,2.48,0.0
20230915:0311,0.0,0.0,0.0,11.56,2.55,0.0
20230915:0411,0.0,0.0,0.0,11.4,2.48,0.0
20230915:0511,0.0,0.0,0.0,11.07,2.41,0.0
20230915:0611,106.93,155.05,9.23,11.2,2.34,0.0
20230915:0711,304.67,375.86,17.91,11.97,2.14,0.0
20230915:0811,459.8,558.88,25.9,13.7,2.34,0.0
20230915:0911,574.32,707.93,32.63,15.25,2.34,0.0
20230915:1011,656.61,825.97,37.44,16.83,2.21,0.0
20230915:1111,668.2,848.16,39.66,18.07,2.21,0.0
20230915:1211,656.62,834.88,38.89,19.0,2.28,0.0
20230915:1311,556.27,699.25,35.29,19.8,2.62,0.0
20230915:1411,421.67,528.8,29.42,20.15,2.55,0.0
20230915:1511,307.11,395.06,21.98,20.31,2.69,0.0
20230915:1611,79.02,117.09,13.57,20.11,2.34,0.0
20230915:1711,9.25,23.1,4.71,19.05,2.14,0.0
20230915:1811,0.0,0.0,0.0,17.54,2.34,0.0
20230915:1911,0.0,0.0,0.0,16.7,2.83,0.0
20230915:2011,0.0,0.0,0.0,16.04,2.9,0.0
20230915:2111,0.0,0.0,0.0,15.61,2.9,0.0
20230915:2211,0.0,0.0,0.0,15.5,2.83,0.0
20230915:2311,0.0,0.0,0.0,15.32,2.76,0.0
20230916:0011,0.0,0.0,0.0,15.13,2.69,0.0
20230916:0111,0.0,0.0,0.0,14.92,2.62,0.0
20230916:0211,0.0,0.0,0.0,14.59,2.55,0.0
20230916:0311,0.0,0.0,0.0,14.23,2.41,0.0
20230916:0411,0.0,0.0,0.0,13.95,2.28,0.0
20230916:0511,0.0,0.0,0.0,13.8,2.0,0.0
20230916:0611,96.25,142.62,8.97,13.65,1.79,0.0
20230916:0711,281.02,353.17,17.65,14.81,1.59,0.0
20230916:0811,440.33,546.55,25.61,16.44,1.45,0.0
20230916:0911,472.64,592.06,32.32,17.95,1.45,0.0
20230916:1011,626.58,804.66,37.09,19.31,1.45,0.0
20230916:1111,641.32,833.87,39.28,20.53,1.31,0.0
20230916:1211,482.66,619.31,38.5,21.51,1.24,0.0
20230916:1311,483.7,620.77,34.9,21.99,1.31,0.0
20230916:1411,214.6,280.09,29.04,22.41,1.24,0.0
20230916:1511,172.44,230.68,21.6,22.5,0.97,0.0
20230916:1611,86.26,130.27,13.2,22.38,0.34,0.0
20230916:1711,9.25,23.56,4.34,21.71,1.45,0.0
20230916:1811,0.0,0.0,0.0,20.15,2.07,0.0
20230916:1911,0.0,0.0,0.0,17.84,2.28,0.0
20230916:2011,0.0,0.0,0.0,17.05,2.0,0.0
20230916:2111,0.0,0.0,0.0,16.2,1.93,0.0
20230916:2211,0.0,0.0,0.0,15.64,2.0,0.0
20230916:2311,0.0,0.0,0.0,15.24,2.0,0.0
20230917:0011,0.0,0.0,0.0,14.79,1.86,0.0
20230917:0111,0.0,0.0,0.0,14.47,2.07,0.0
20230917:0211,0.0,0.0,0.0,14.36,2.07,0.0
20230917:0311,0.0,0.0,0.0,14.51,2.41,0.0
20230917:0411,0.0,0.0,0.0,14.94,2.34,0.0
20230917:0511,0.0,0.0,0.0,15.2,2.62,0.0
20230917:0611,34.54,58.0,8.71,15.68,2.76,0.0
20230917:0711,86.63,120.63,17.38,16.0,2.41,0.0
20230917:0811,109.59,148.23,25.32,17.18,2.97,0.0
20230917:0911,266.91,333.26,32.0,17.56,2.97,0.0
20230917:1011,311.72,388.26,36.74,18.67,3.45,0.0
20230917:1111,101.04,139.38,38.89,19.17,2.97,0.0
20230917:1211,471.12,588.32,38.1,19.98,3.03,0.0
20230917:1311,157.17,207.7,34.5,20.77,2.9,0.0
20230917:1411,85.4,121.96,28.65,21.79,2.83,0.0
20230917:1511,143.46,193.55,21.22,22.29,2.55,0.0
20230917:1611,87.73,133.38,12.84,22.24,2.28,0.0
20230917:1711,3.03,12.58,3.98,21.39,2.21,0.0
20230917:1811,0.0,0.0,0.0,20.27,2.14,0.0
20230917:1911,0.0,0.0,0.0,19.24,2.0,0.0
20230917:2011,0.0,0.0,0.0,18.47,2.0,0.0
20230917:2111,0.0,0.0,0.0,17.93,1.93,0.0
20230917:2211,0.0,0.0,0.0,17.5,2.14,0.0
20230917:2311,0.0,0.0,0.0,17.28,2.21,0.0
20230918:0011,0.0,0.0,0.0,17.27,2.14,0.0
20230918:0111,0.0,0.0,0.0,17.28,2.41,0.0
20230918:0211,0.0,0.0,0.0,17.34,2.69,0.0
20230918:0311,0.0,0.0,0.0,17.46,3.24,0.0
20230918:0411,0.0,0.0,0.0,17.66,3.59,0.0
20230918:0511,0.0,0.0,0.0,17.88,3.93,0.0
20230918:0611,16.12,32.91,8.46,18.09,3.66,0.0
20230918:0711,18.79,36.78,17.11,19.23,3.86,0.0
20230918:0811,23.73,43.56,25.03,19.42,4.48,0.0
20230918:0911,44.01,69.69,31.68,19.0,4.41,0.0
20230918:1011,53.31,81.31,36.38,19.04,4.34,0.0
20230918:1111,231.22,293.63,38.51,19.88,4.69,0.0
20230918:1211,592.3,736.21,37.71,20.87,4.9,0.0
20230918:1311,49.57,77.43,34.11,21.61,5.17,0.0
20230918:1411,439.86,547.6,28.26,22.02,5.24,0.0
20230918:1511,164.33,217.59,20.85,21.72,5.17,0.0
20230918:1611,106.56,164.73,12.47,20.73,4.55,0.0
20230918:1711,6.32,18.46,3.61,20.15,4.21,0.0
20230918:1811,0.0,0.0,0.0,19.26,5.72,0.0
20230918:1911,0.0,0.0,0.0,18.05,6.69,0.0
20230918:2011,0.0,0.0,0.0,17.45,7.31,0.0
20230918:2111,0.0,0.0,0.0,17.09,7.66,0.0
20230918:2211,0.0,0.0,0.0,16.26,7.59,0.0
20230918:2311,0.0,0.0,0.0,15.71,6.55,0.0
20230919:0011,0.0,0.0,0.0,15.15,5.79,0.0
20230919:0111,0.0,0.0,0.0,14.63,5.66,0.0
20230919:0211,0.0,0.0,0.0,14.3,5.59,0.0
20230919:0311,0.0,0.0,0.0,13.98,5.45,0.0
20230919:0411,0.0,0.0,0.0,13.76,5.31,0.0
20230919:0511,0.0,0.0,0.0,13.55,5.38,0.0
20230919:0611,6.02,17.42,8.2,13.67,5.79,0.0
20230919:0711,53.09,79.37,16.84,14.22,6.34,0.0
20230919:0811,173.06,218.61,24.74,14.82,6.9,0.0
20230919:0911,426.27,508.94,31.36,15.53,7.93,0.0
20230919:1011,361.61,436.64,36.03,16.44,8.21,0.0
20230919:1111,411.5,497.45,38.13,17.41,8.0,0.0
20230919:1211,325.51,398.38,37.31,17.82,7.52,0.0
20230919:1311,133.28,175.7,33.71,17.81,7.86,0.0
20230919:1411,78.43,111.31,27.87,18.43,9.24,0.0
20230919:1511,67.83,98.73,20.47,18.83,9.79,0.0
20230919:1611,24.57,44.52,12.1,18.79,9.24,0.0
20230919:1711,0.68,7.54,3.25,18.61,8.83,0.0
20230919:1811,0.0,0.0,0.0,18.31,8.41,0.0
20230919:1911,0.0,0.0,0.0,17.15,7.86,0.0
20230919:2011,0.0,0.0,0.0,16.81,7.66,0.0
20230919:2111,0.0,0.0,0.0,16.51,7.38,0.0
20230919:2211,0.0,0.0,0.0,16.49,7.17,0.0
20230919:2311,0.0,0.0,0.0,16.63,6.9,0.0
20230920:0011,0.0,0.0,0.0,16.78,6.83,0.0
20230920:0111,0.0,0.0,0.0,16.91,6.76,0.0
20230920:0211,0.0,0.0,0.0,17.04,6.62,0.0
20230920:0311,0.0,0.0,0.0,17.19,6.55,0.0
20230920:0411,0.0,0.0,0.0,17.28,6.55,0.0
20230920:0511,0.0,0.0,0.0,17.37,6.41,0.0
20230920:0611,42.48,70.21,7.94,17.41,6.34,0.0
20230920:0711,193.08,246.68,16.57,17.28,6.48,0.0
20230920:0811,322.05,394.41,24.45,17.78,5.86,0.0
20230920:0911,242.71,303.28,31.03,18.66,6.62,0.0
20230920:1011,92.33,128.73,35.67,19.95,8.28,0.0
20230920:1111,145.62,192.24,37.75,20.11,6.76,0.0
20230920:1211,118.82,160.68,36.91,20.26,6.41,0.0
20230920:1311,210.0,268.2,33.31,20.68,6.69,0.0
20230920:1411,145.43,192.54,27.49,20.83,6.0,0.0
20230920:1511,211.04,274.23,20.09,20.92,5.72,0.0
20230920:1611,56.1,87.59,11.73,20.73,5.17,0.0
20230920:1711,0.0,4.71,2.88,20.15,4.9,0.0
20230920:1811,0.0,0.0,0.0,19.77,4.83,0.0
20230920:1911,0.0,0.0,0.0,19.37,4.97,0.0
20230920:2011,0.0,0.0,0.0,19.18,4.76,0.0
20230920:2111,0.0,0.0,0.0,18.78,4.55,0.0
20230920:2211,0.0,0.0,0.0,18.37,4.62,0.0
20230920:2311,0.0,0.0,0.0,18.22,5.03,0.0
20230921:0011,0.0,0.0,0.0,18.14,5.31,0.0
20230921:0111,0.0,0.0,0.0,18.19,5.45,0.0
20230921:0211,0.0,0.0,0.0,18.33,5.66,0.0
20230921:0311,0.0,0.0,0.0,18.29,5.79,0.0
20230921:0411,0.0,0.0,0.0,18.38,5.86,0.0
20230921:0511,0.0,0.0,0.0,18.51,5.79,0.0
20230921:0611,8.24,21.29,7.68,18.42,5.52,0.0
20230921:0711,60.23,89.75,16.3,18.93,5.52,0.0
20230921:0811,211.7,268.35,24.16,19.53,5.72,0.0
20230921:0911,90.43,126.8,30.71,20.04,5.1,0.0
20230921:1011,85.41,120.99,35.32,20.51,5.17,0.0
20230921:1111,48.39,75.5,37.36,20.23,5.66,0.0
20230921:1211,110.22,150.03,36.51,19.1,4.34,0.0
20230921:1311,117.65,158.74,32.91,18.26,2.62,0.0
20230921:1411,48.78,75.5,27.1,17.77,1.24,0.0
20230921:1511,80.44,114.36,19.71,17.49,0.55,0.0
20230921:1611,4.18,14.52,11.36,17.28,0.83,0.0
20230921:1711,2.46,11.3,2.51,16.73,1.66,0.0
20230921:1811,0.0,0.0,0.0,16.34,1.24,0.0
20230921:1911,0.0,0.0,0.0,16.25,1.72,0.0
20230921:2011,0.0,0.0,0.0,15.58,2.9,0.0
20230921:2111,0.0,0.0,0.0,14.88,2.62,0.0
20230921:2211,0.0,0.0,0.0,14.43,1.45,0.0
20230921:2311,0.0,0.0,0.0,14.22,1.38,0.0
20230922:0011,0.0,0.0,0.0,14.14,1.38,0.0
20230922:0111,0.0,0.0,0.0,14.05,1.59,0.0
20230922:0211,0.0,0.0,0.0,14.02,1.86,0.0
20230922:0311,0.0,0.0,0.0,14.02,2.34,0.0
20230922:0411,0.0,0.0,0.0,13.83,3.31,0.0
20230922:0511,0.0,0.0,0.0,13.62,4.0,0.0
20230922:0611,32.54,55.5,7.42,13.44,4.21,0.0
20230922:0711,230.04,286.77,16.03,13.72,5.45,0.0
20230922:0811,198.34,246.84,23.86,14.12,5.93,0.0
20230922:0911,65.85,94.86,30.38,14.65,5.93,0.0
20230922:1011,351.18,425.48,34.96,15.75,5.93,0.0
20230922:1111,182.4,232.22,36.98,16.72,6.07,0.0
20230922:1211,346.97,423.45,36.11,17.16,6.07,0.0
20230922:1311,49.12,75.5,32.52,17.29,6.07,0.0
20230922:1411,37.46,60.98,26.71,17.37,5.72,0.0
20230922:1511,98.28,134.81,19.33,17.03,4.83,0.0
20230922:1611,48.03,75.54,10.98,16.57,3.93,0.0
20230922:1711,1.11,8.48,2.14,15.89,3.1,0.0
20230922:1811,0.0,0.0,0.0,15.19,2.55,0.0
20230922:1911,0.0,0.0,0.0,14.33,2.62,0.0
20230922:2011,0.0,0.0,0.0,13.93,2.28,0.0
20230922:2111,0.0,0.0,0.0,13.46,2.07,0.0
20230922:2211,0.0,0.0,0.0,13.3,2.0,0.0
20230922:2311,0.0,0.0,0.0,13.1,2.21,0.0
20230923:0011,0.0,0.0,0.0,12.94,2.55,0.0
20230923:0111,0.0,0.0,0.0,12.7,2.97,0.0
20230923:0211,0.0,0.0,0.0,12.55,3.24,0.0
20230923:0311,0.0,0.0,0.0,12.28,3.24,0.0
20230923:0411,0.0,0.0,0.0,12.25,3.17,0.0
20230923:0511,0.0,0.0,0.0,12.01,3.59,0.0
20230923:0611,37.68,62.69,7.16,11.98,3.45,0.0
20230923:0711,198.59,249.15,15.75,12.58,4.55,0.0
20230923:0811,265.25,322.87,23.56,13.19,4.28,0.0
20230923:0911,317.48,384.31,30.06,13.89,4.28,0.0
20230923:1011,328.02,399.18,34.6,14.93,4.28,0.0
20230923:1111,263.41,325.59,36.59,15.77,4.48,0.0
20230923:1211,142.81,186.42,35.72,16.45,4.69,0.0
20230923:1311,91.06,125.83,32.12,16.7,4.62,0.0
20230923:1411,343.43,420.56,26.32,16.31,4.21,0.0
20230923:1511,182.59,234.71,18.96,15.24,3.93,0.0
20230923:1611,73.07,112.83,10.61,14.93,2.76,0.0
20230923:1711,0.0,3.77,1.78,14.37,2.69,0.0
20230923:1811,0.0,0.0,0.0,13.8,2.21,0.0
20230923:1911,0.0,0.0,0.0,13.74,2.0,0.0
20230923:2011,0.0,0.0,0.0,13.17,2.07,0.0
20230923:2111,0.0,0.0,0.0,12.44,2.14,0.0
20230923:2211,0.0,0.0,0.0,11.96,2.21,0.0
20230923:2311,0.0,0.0,0.0,11.51,2.21,0.0
20230924:0011,0.0,0.0,0.0,11.13,2.14,0.0
20230924:0111,0.0,0.0,0.0,10.88,2.14,0.0
20230924:0211,0.0,0.0,0.0,10.85,2.21,0.0
20230924:0311,0.0,0.0,0.0,10.82,2.34,0.0
20230924:0411,0.0,0.0,0.0,10.73,2.48,0.0
20230924:0511,0.0,0.0,0.0,10.7,2.55,0.0
20230924:0611,10.56,24.2,6.9,10.85,2.55,0.0
20230924:0711,215.27,268.77,15.48,11.38,2.69,0.0
20230924:0811,427.49,513.48,23.27,12.76,3.38,0.0
20230924:0911,564.58,681.92,29.73,14.23,3.86,0.0
20230924:1011,638.36,779.23,34.24,15.58,4.14,0.0
20230924:1111,645.83,792.2,36.2,16.6,4.34,0.0
20230924:1211,622.06,763.6,35.32,17.41,4.48,0.0
20230924:1311,520.55,637.21,31.72,17.95,4.48,0.0
20230924:1411,385.58,474.45,25.93,18.24,4.62,0.0
20230924:1511,239.5,308.74,18.58,18.25,4.28,0.0
20230924:1611,85.85,138.59,10.24,17.64,3.38,0.0
20230924:1711,0.0,2.83,1.41,16.59,3.17,0.0
20230924:1811,0.0,0.0,0.0,15.41,3.24,0.0
20230924:1911,0.0,0.0,0.0,14.68,3.38,0.0
20230924:2011,0.0,0.0,0.0,14.3,3.79,0.0
20230924:2111,0.0,0.0,0.0,14.07,4.0,0.0
20230924:2211,0.0,0.0,0.0,13.95,4.21,0.0
20230924:2311,0.0,0.0,0.0,13.78,4.34,0.0
20230925:0011,0.0,0.0,0.0,13.55,4.48,0.0
20230925:0111,0.0,0.0,0.0,13.26,4.41,0.0
20230925:0211,0.0,0.0,0.0,13.02,4.48,0.0
20230925:0311,0.0,0.0,0.0,12.81,4.62,0.0
20230925:0411,0.0,0.0,0.0,12.6,4.69,0.0
20230925:0511,0.0,0.0,0.0,12.37,4.55,0.0
20230925:0611,13.17,28.07,6.64,12.3,4.41,0.0
20230925:0711,89.15,122.08,15.2,13.23,4.48,0.0
20230925:0811,294.89,359.05,22.97,14.46,4.21,0.0
20230925:0911,453.11,547.38,29.4,15.91,4.76,0.0
20230925:1011,607.35,742.19,33.88,17.19,4.76,0.0
20230925:1111,457.24,560.53,35.82,18.25,4.55,0.0
20230925:1211,520.65,642.41,34.92,19.05,4.21,0.0
20230925:1311,342.99,426.01,31.32,19.6,4.0,0.0
20230925:1411,269.55,339.35,25.54,19.84,3.86,0.0
20230925:1511,225.99,295.31,18.2,19.8,3.38,0.0
20230925:1611,78.61,129.36,9.87,19.27,2.62,0.0
20230925:1711,0.0,0.0,0.0,18.02,2.41,0.0
20230925:1811,0.0,0.0,0.0,16.65,2.41,0.0
20230925:1911,0.0,0.0,0.0,16.7,2.07,0.0
20230925:2011,0.0,0.0,0.0,15.99,2.0,0.0
20230925:2111,0.0,0.0,0.0,15.57,1.93,0.0
20230925:2211,0.0,0.0,0.0,15.13,1.86,0.0
20230925:2311,0.0,0.0,0.0,14.76,1.72,0.0
20230926:0011,0.0,0.0,0.0,14.81,1.59,0.0
20230926:0111,0.0,0.0,0.0,14.58,1.59,0.0
20230926:0211,0.0,0.0,0.0,14.2,1.72,0.0
20230926:0311,0.0,0.0,0.0,14.05,1.79,0.0
20230926:0411,0.0,0.0,0.0,13.72,1.93,0.0
20230926:0511,0.0,0.0,0.0,13.47,1.93,0.0
20230926:0611,36.39,62.22,6.37,13.13,1.93,0.0
20230926:0711,155.29,200.28,14.92,12.87,2.07,0.0
20230926:0811,280.3,344.21,22.67,13.97,2.14,0.0
20230926:0911,288.26,356.07,29.07,15.68,2.34,0.0
20230926:1011,218.1,276.39,33.52,17.44,2.55,0.0
20230926:1111,352.32,438.69,35.43,18.75,2.76,0.0
20230926:1211,163.43,214.14,34.52,19.66,2.9,0.0
20230926:1311,272.65,344.2,30.92,19.92,2.76,0.0
20230926:1411,268.39,340.06,25.15,20.11,2.62,0.0
20230926:1511,149.93,201.09,17.82,20.02,2.34,0.0
20230926:1611,39.66,66.23,9.5,19.4,2.14,0.0
20230926:1711,0.0,0.0,0.0,18.29,2.21,0.0
20230926:1811,0.0,0.0,0.0,17.25,2.41,0.0
20230926:1911,0.0,0.0,0.0,16.76,2.62,0.0
20230926:2011,0.0,0.0,0.0,16.15,2.62,0.0
20230926:2111,0.0,0.0,0.0,15.71,2.69,0.0
20230926:2211,0.0,0.0,0.0,15.23,2.62,0.0
20230926:2311,0.0,0.0,0.0,14.84,2.62,0.0
20230927:0011,0.0,0.0,0.0,14.5,2.55,0.0
20230927:0111,0.0,0.0,0.0,14.18,2.48,0.0
20230927:0211,0.0,0.0,0.0,13.89,2.41,0.0
20230927:0311,0.0,0.0,0.0,13.63,2.34,0.0
20230927:0411,0.0,0.0,0.0,13.38,2.07,0.0
20230927:0511,0.0,0.0,0.0,13.05,2.0,0.0
20230927:0611,6.04,17.42,6.11,12.88,1.86,0.0
20230927:0711,178.0,228.51,14.65,13.73,1.66,0.0
20230927:0811,230.36,287.95,22.37,15.18,1.72,0.0
20230927:0911,371.03,459.68,28.74,17.03,1.72,0.0
20230927:1011,253.64,321.4,33.16,18.77,1.72,0.0
20230927:1111,259.64,331.08,35.05,20.06,1.59,0.0
20230927:1211,155.61,206.77,34.12,20.81,1.45,0.0
20230927:1311,45.68,72.59,30.53,21.16,1.52,0.0
20230927:1411,147.53,196.76,24.76,21.23,2.07,0.0
20230927:1511,138.24,187.73,17.44,21.09,2.34,0.0
20230927:1611,54.76,91.07,9.13,20.44,2.55,0.0
20230927:1711,0.0,0.0,0.0,19.36,2.83,0.0
20230927:1811,0.0,0.0,0.0,18.5,3.1,0.0
20230927:1911,0.0,0.0,0.0,18.41,3.52,0.0
20230927:2011,0.0,0.0,0.0,18.03,3.72,0.0
20230927:2111,0.0,0.0,0.0,17.89,3.86,0.0
20230927:2211,0.0,0.0,0.0,17.94,4.07,0.0
20230927:2311,0.0,0.0,0.0,17.97,4.21,0.0
20230928:0011,0.0,0.0,0.0,17.98,4.21,0.0
20230928:0111,0.0,0.0,0.0,17.99,4.07,0.0
20230928:0211,0.0,0.0,0.0,17.96,4.0,0.0
20230928:0311,0.0,0.0,0.0,17.95,4.0,0.0
20230928:0411,0.0,0.0,0.0,17.58,4.0,0.0
20230928:0511,0.0,0.0,0.0,17.16,3.86,0.0
20230928:0611,39.1,68.06,5.84,16.71,3.79,0.0
20230928:0711,211.49,270.75,14.37,17.21,4.41,0.0
20230928:0811,388.08,475.05,22.07,17.85,4.62,0.0
20230928:0911,228.57,286.84,28.41,18.5,5.86,0.0
20230928:1011,205.41,261.21,32.79,18.98,5.59,0.0
20230928:1111,211.55,269.3,34.66,19.47,5.31,0.0
20230928:1211,247.36,311.82,33.72,19.81,5.03,0.0
20230928:1311,108.18,148.09,30.13,20.0,4.76,0.0
20230928:1411,181.1,234.2,24.37,19.94,4.48,0.0
20230928:1511,137.65,185.45,17.07,19.63,3.72,0.0
20230928:1611,35.25,60.65,8.77,19.05,2.97,0.0
20230928:1711,0.0,0.0,0.0,18.31,2.55,0.0
20230928:1811,0.0,0.0,0.0,17.63,2.21,0.0
20230928:1911,0.0,0.0,0.0,16.66,2.14,0.0
20230928:2011,0.0,0.0,0.0,16.15,2.07,0.0
20230928:2111,0.0,0.0,0.0,15.78,2.34,0.0
20230928:2211,0.0,0.0,0.0,15.79,2.55,0.0
20230928:2311,0.0,0.0,0.0,15.66,2.83,0.0
20230929:0011,0.0,0.0,0.0,15.54,2.97,0.0
20230929:0111,0.0,0.0,0.0,15.43,3.03,0.0
20230929:0211,0.0,0.0,0.0,15.6,2.83,0.0
20230929:0311,0.0,0.0,0.0,15.7,2.9,0.0
20230929:0411,0.0,0.0,0.0,15.99,3.31,0.0
20230929:0511,0.0,0.0,0.0,16.31,3.59,0.0
20230929:0611,0.0,4.84,5.58,16.46,3.59,0.0
20230929:0711,259.25,329.62,14.09,17.09,3.72,0.0
20230929:0811,219.35,275.9,21.76,17.53,3.79,0.0
20230929:0911,392.1,483.16,28.08,18.76,3.66,0.0
20230929:1011,460.95,569.55,32.43,19.36,3.79,0.0
20230929:1111,39.21,63.88,34.27,19.93,4.21,0.0
20230929:1211,69.56,101.63,33.32,20.23,5.17,0.0
20230929:1311,107.44,147.13,29.73,19.93,5.03,0.0
20230929:1411,79.77,113.25,23.99,18.64,5.59,0.0
20230929:1511,147.51,195.96,16.69,17.78,5.03,0.0
20230929:1611,47.52,79.92,8.4,17.26,5.17,0.0
20230929:1711,0.0,0.0,0.0,16.43,4.62,0.0
20230929:1811,0.0,0.0,0.0,15.5,4.21,0.0
20230929:1911,0.0,0.0,0.0,14.86,4.28,0.0
20230929:2011,0.0,0.0,0.0,14.48,4.14,0.0
20230929:2111,0.0,0.0,0.0,14.19,3.93,0.0
20230929:2211,0.0,0.0,0.0,13.9,3.45,0.0
20230929:2311,0.0,0.0,0.0,13.58,3.38,0.0
20230930:0011,0.0,0.0,0.0,13.43,3.31,0.0
20230930:0111,0.0,0.0,0.0,13.19,3.31,0.0
20230930:0211,0.0,0.0,0.0,13.1,3.31,0.0
20230930:0311,0.0,0.0,0.0,13.24,3.17,0.0
20230930:0411,0.0,0.0,0.0,13.47,3.17,0.0
20230930:0511,0.0,0.0,0.0,13.26,3.17,0.0
20230930:0611,31.43,56.71,5.31,12.94,3.17,0.0
20230930:0711,181.58,231.67,13.81,13.33,3.24,0.0
20230930:0811,360.72,438.33,21.46,14.66,3.31,0.0
20230930:0911,481.94,585.42,27.75,15.9,3.72,0.0
20230930:1011,565.7,691.42,32.07,17.08,4.28,0.0
20230930:1111,567.64,696.16,33.89,17.59,4.28,0.0
20230930:1211,364.44,448.39,32.93,17.87,3.93,0.0
20230930:1311,97.67,134.54,29.34,18.06,3.86,0.0
20230930:1411,79.84,113.25,23.6,18.02,3.52,0.0
20230930:1511,87.68,123.25,16.32,17.7,2.69,0.0
20230930:1611,44.49,75.86,8.03,17.14,2.0,0.0
20230930:1711,0.0,0.0,0.0,16.31,1.79,0.0
20230930:1811,0.0,0.0,0.0,15.61,1.52,0.0
20230930:1911,0.0,0.0,0.0,15.34,1.59,0.0
20230930:2011,0.0,0.0,0.0,15.2,1.66,0.0
20230930:2111,0.0,0.0,0.0,14.99,2.0,0.0
20230930:2211,0.0,0.0,0.0,14.95,2.34,0.0
20230930:2311,0.0,0.0,0.0,14.88,2.48,0.0
20231001:0011,0.0,0.0,0.0,14.73,2.55,0.0
20231001:0111,0.0,0.0,0.0,14.48,2.62,0.0
20231001:0211,0.0,0.0,0.0,14.13,2.76,0.0
20231001:0311,0.0,0.0,0.0,13.71,2.76,0.0
20231001:0411,0.0,0.0,0.0,13.61,2.9,0.0
20231001:0511,0.0,0.0,0.0,13.8,3.03,0.0
20231001:0611,21.88,42.75,5.04,13.93,3.17,0.0
20231001:0711,5.41,16.45,13.53,14.11,3.24,0.0
20231001:0811,80.31,112.21,21.16,14.66,3.38,0.0
20231001:0911,84.89,118.09,27.41,15.69,4.0,0.0
20231001:1011,244.0,303.35,31.71,16.28,4.07,0.0
20231001:1111,293.32,362.55,33.5,17.56,4.48,0.0
20231001:1211,142.6,187.84,32.53,18.79,5.17,0.0
20231001:1311,236.26,297.66,28.94,19.62,5.52,0.0
20231001:1411,132.12,176.31,23.22,19.97,4.9,0.0
20231001:1511,61.62,92.01,15.94,19.96,4.28,0.0
20231001:1611,15.99,32.91,7.67,19.57,3.86,0.0
20231001:1711,0.0,0.0,0.0,18.88,3.45,0.0
20231001:1811,0.0,0.0,0.0,18.45,3.03,0.0
20231001:1911,0.0,0.0,0.0,17.41,2.62,0.0
20231001:2011,0.0,0.0,0.0,16.97,2.55,0.0
20231001:2111,0.0,0.0,0.0,16.97,2.28,0.0
20231001:2211,0.0,0.0,0.0,16.99,2.21,0.0
20231001:2311,0.0,0.0,0.0,16.99,2.34,0.0
20231002:0011,0.0,0.0,0.0,16.97,2.34,0.0
20231002:0111,0.0,0.0,0.0,16.73,2.41,0.0
20231002:0211,0.0,0.0,0.0,16.46,2.55,0.0
20231002:0311,0.0,0.0,0.0,16.01,2.76,0.0
20231002:0411,0.0,0.0,0.0,15.65,2.83,0.0
20231002:0511,0.0,0.0,0.0,15.37,2.97,0.0
20231002:0611,12.78,28.91,4.78,15.22,3.1,0.0
20231002:0711,94.1,130.13,13.24,16.28,3.17,0.0
20231002:0811,236.95,296.57,20.85,17.28,3.24,0.0
20231002:0911,338.42,417.47,27.08,18.4,3.66,0.0
20231002:1011,473.06,584.49,31.34,19.67,3.93,0.0
20231002:1111,505.1,628.2,33.11,20.7,3.93,0.0
20231002:1211,347.17,434.94,32.13,21.65,3.93,0.0
20231002:1311,243.89,311.24,28.55,22.0,3.79,0.0
20231002:1411,138.53,185.84,22.83,21.94,3.66,0.0
20231002:1511,76.71,111.81,15.57,21.64,2.97,0.0
20231002:1611,31.18,57.56,7.3,21.13,2.21,0.0
20231002:1711,0.0,0.0,0.0,20.1,1.66,0.0
20231002:1811,0.0,0.0,0.0,18.85,1.1,0.0
20231002:1911,0.0,0.0,0.0,17.77,1.45,0.0
20231002:2011,0.0,0.0,0.0,17.22,2.07,0.0
20231002:2111,0.0,0.0,0.0,17.02,2.34,0.0
20231002:2211,0.0,0.0,0.0,17.4,2.55,0.0
20231002:2311,0.0,0.0,0.0,17.56,2.9,0.0
20231003:0011,0.0,0.0,0.0,17.54,3.52,0.0
20231003:0111,0.0,0.0,0.0,17.29,3.72,0.0
20231003:0211,0.0,0.0,0.0,17.03,3.86,0.0
20231003:0311,0.0,0.0,0.0,16.87,4.69,0.0
20231003:0411,0.0,0.0,0.0,17.2,5.17,0.0
20231003:0511,0.0,0.0,0.0,17.68,5.72,0.0
20231003:0611,19.27,40.13,4.51,17.92,6.07,0.0
20231003:0711,16.11,32.91,12.96,18.48,7.86,0.0
20231003:0811,12.1,27.1,20.55,18.02,7.86,0.0
20231003:0911,71.52,102.6,26.75,17.18,6.9,0.0
20231003:1011,80.56,113.25,30.98,16.79,6.41,0.0
20231003:1111,93.84,128.73,32.73,16.35,6.41,0.0
20231003:1211,203.86,255.52,31.74,15.93,6.34,0.0
20231003:1311,319.05,387.56,28.16,15.89,6.0,0.0
20231003:1411,190.02,239.14,22.45,15.11,5.52,0.0
20231003:1511,218.38,282.13,15.2,13.92,5.66,0.0
20231003:1611,49.77,90.89,6.94,13.49,6.0,0.0
20231003:1711,0.0,0.0,0.0,13.19,5.59,0.0
20231003:1811,0.0,0.0,0.0,12.93,5.66,0.0
20231003:1911,0.0,0.0,0.0,14.05,6.0,0.0
20231003:2011,0.0,0.0,0.0,14.15,6.0,0.0
20231003:2111,0.0,0.0,0.0,14.18,6.07,0.0
20231003:2211,0.0,0.0,0.0,14.16,5.86,0.0
20231003:2311,0.0,0.0,0.0,14.08,5.52,0.0
20231004:0011,0.0,0.0,0.0,14.21,5.38,0.0
20231004:0111,0.0,0.0,0.0,14.0,5.24,0.0
20231004:0211,0.0,0.0,0.0,13.83,5.03,0.0
20231004:0311,0.0,0.0,0.0,13.77,4.76,0.0
20231004:0411,0.0,0.0,0.0,13.52,4.55,0.0
20231004:0511,0.0,0.0,0.0,13.16,4.28,0.0
20231004:0611,16.87,35.79,4.24,13.06,4.28,0.0
20231004:0711,197.83,251.31,12.68,13.44,4.34,0.0
20231004:0811,355.49,429.78,20.24,14.32,4.21,0.0
20231004:0911,463.16,554.23,26.41,15.41,6.14,0.0
20231004:1011,387.33,466.65,30.62,16.08,6.48,0.0
20231004:1111,312.6,380.82,32.34,16.31,6.41,0.0
20231004:1211,92.11,126.8,31.35,16.6,6.76,0.0
20231004:1311,172.56,220.22,27.77,16.83,6.76,0.0
20231004:1411,174.93,223.15,22.07,16.63,6.0,0.0
20231004:1511,46.23,71.63,14.83,16.27,6.14,0.0
20231004:1611,8.37,21.29,6.58,15.79,5.93,0.0
20231004:1711,0.0,0.0,0.0,15.29,5.79,0.0
20231004:1811,0.0,0.0,0.0,14.9,5.59,0.0
20231004:1911,0.0,0.0,0.0,14.49,5.66,0.0
20231004:2011,0.0,0.0,0.0,14.29,5.52,0.0
20231004:2111,0.0,0.0,0.0,14.29,5.52,0.0
20231004:2211,0.0,0.0,0.0,14.28,5.52,0.0
20231004:2311,0.0,0.0,0.0,14.38,5.45,0.0
20231005:0011,0.0,0.0,0.0,14.49,5.45,0.0
20231005:0111,0.0,0.0,0.0,14.58,5.45,0.0
20231005:0211,0.0,0.0,0.0,14.71,5.72,0.0
20231005:0311,0.0,0.0,0.0,14.63,5.66,0.0
20231005:0411,0.0,0.0,0.0,14.52,5.52,0.0
20231005:0511,0.0,0.0,0.0,14.38,5.31,0.0
20231005:0611,0.0,3.87,3.97,14.22,4.97,0.0
20231005:0711,37.37,60.26,12.39,14.6,4.83,0.0
20231005:0811,56.87,84.21,19.93,14.83,4.83,0.0
20231005:0911,157.02,201.51,26.08,15.22,4.07,0.0
20231005:1011,199.31,250.97,30.25,15.71,4.0,0.0
20231005:1111,145.29,189.07,31.96,16.05,4.07,0.0
20231005:1211,179.63,229.34,30.95,16.47,3.72,0.0
20231005:1311,164.02,211.22,27.38,16.51,3.45,0.0
20231005:1411,181.14,231.32,21.69,16.54,3.52,0.0
20231005:1511,102.96,141.77,14.46,16.08,3.86,0.0
20231005:1611,34.66,65.82,6.22,15.31,3.79,0.0
20231005:1711,0.0,0.0,0.0,14.77,3.03,0.0
20231005:1811,0.0,0.0,0.0,14.69,3.03,0.0
20231005:1911,0.0,0.0,0.0,14.62,3.38,0.0
20231005:2011,0.0,0.0,0.0,14.43,3.66,0.0
20231005:2111,0.0,0.0,0.0,14.39,3.79,0.0
20231005:2211,0.0,0.0,0.0,14.23,4.07,0.0
20231005:2311,0.0,0.0,0.0,13.84,4.21,0.0
20231006:0011,0.0,0.0,0.0,13.31,4.48,0.0
20231006:0111,0.0,0.0,0.0,13.11,4.83,0.0
20231006:0211,0.0,0.0,0.0,13.01,5.17,0.0
20231006:0311,0.0,0.0,0.0,13.02,5.31,0.0
20231006:0411,0.0,0.0,0.0,13.25,5.72,0.0
20231006:0511,0.0,0.0,0.0,13.37,6.0,0.0
20231006:0611,2.68,11.62,3.7,13.46,6.14,0.0
20231006:0711,63.03,91.6,12.11,14.07,6.62,0.0
20231006:0811,42.75,66.79,19.63,14.33,6.83,0.0
20231006:0911,43.47,67.76,25.74,14.57,6.0,0.0
20231006:1011,87.86,120.99,29.89,14.87,5.79,0.0
20231006:1111,153.34,197.44,31.58,16.07,7.66,0.0
20231006:1211,61.81,90.99,30.56,17.53,8.69,0.0
20231006:1311,83.54,117.12,26.99,17.58,7.17,0.0
20231006:1411,29.11,50.33,21.31,17.8,7.17,0.0
20231006:1511,35.88,59.04,14.09,17.79,7.24,0.0
20231006:1611,4.73,15.49,5.86,17.65,7.17,0.0
20231006:1711,0.0,0.0,0.0,17.5,7.1,0.0
20231006:1811,0.0,0.0,0.0,17.31,6.97,0.0
20231006:1911,0.0,0.0,0.0,17.35,7.1,0.0
20231006:2011,0.0,0.0,0.0,17.39,7.1,0.0
20231006:2111,0.0,0.0,0.0,17.29,7.03,0.0
20231006:2211,0.0,0.0,0.0,17.38,7.1,0.0
20231006:2311,0.0,0.0,0.0,17.41,6.83,0.0
20231007:0011,0.0,0.0,0.0,17.58,6.9,0.0
20231007:0111,0.0,0.0,0.0,17.77,6.97,0.0
20231007:0211,0.0,0.0,0.0,17.76,6.76,0.0
20231007:0311,0.0,0.0,0.0,17.69,6.41,0.0
20231007:0411,0.0,0.0,0.0,17.53,6.0,0.0
20231007:0511,0.0,0.0,0.0,17.32,5.52,0.0
20231007:0611,0.0,4.84,3.43,17.14,5.45,0.0
20231007:0711,23.29,42.59,11.82,17.26,6.07,0.0
20231007:0811,57.81,86.15,19.32,17.32,6.07,0.0
20231007:0911,27.68,48.4,25.41,17.4,6.41,0.0
20231007:1011,36.6,60.01,29.53,18.01,7.24,0.0
20231007:1111,68.67,99.7,31.2,18.52,7.79,0.0
20231007:1211,38.08,61.95,30.17,18.17,6.28,0.0
20231007:1311,41.18,65.82,26.6,18.07,6.48,0.0
20231007:1411,21.79,40.65,20.93,17.76,6.28,0.0
20231007:1511,39.0,62.92,13.73,17.44,6.62,0.0
20231007:1611,3.12,12.58,5.51,17.15,6.48,0.0
20231007:1711,0.0,0.0,0.0,16.99,6.55,0.0
20231007:1811,0.0,0.0,0.0,16.97,5.72,0.0
20231007:1911,0.0,0.0,0.0,16.07,3.72,0.0
20231007:2011,0.0,0.0,0.0,15.24,2.69,0.0
20231007:2111,0.0,0.0,0.0,14.15,3.31,0.0
20231007:2211,0.0,0.0,0.0,13.25,2.83,0.0
20231007:2311,0.0,0.0,0.0,12.99,2.28,0.0
20231008:0011,0.0,0.0,0.0,12.84,2.28,0.0
20231008:0111,0.0,0.0,0.0,12.61,2.34,0.0
20231008:0211,0.0,0.0,0.0,12.39,2.21,0.0
20231008:0311,0.0,0.0,0.0,12.09,2.14,0.0
20231008:0411,0.0,0.0,0.0,11.96,2.07,0.0
20231008:0511,0.0,0.0,0.0,11.47,2.07,0.0
20231008:0611,1.72,9.68,3.16,11.62,1.93,0.0
20231008:0711,104.18,140.96,11.54,12.43,1.45,0.0
20231008:0811,281.98,347.28,19.01,13.47,1.24,0.0
20231008:0911,172.37,219.7,25.07,14.34,1.45,0.0
20231008:1011,107.75,145.19,29.17,14.88,1.45,0.0
20231008:1111,262.48,327.69,30.81,15.3,1.03,0.0
20231008:1211,175.86,225.76,29.78,15.42,0.97,0.0
20231008:1311,391.8,485.44,26.22,15.49,0.97,0.0
20231008:1411,72.11,103.26,20.56,15.62,0.9,0.0
20231008:1511,126.82,173.48,13.37,15.44,0.83,0.0
20231008:1611,11.49,26.53,5.15,15.02,1.03,0.0
20231008:1711,0.0,0.0,0.0,14.34,1.79,0.0
20231008:1811,0.0,0.0,0.0,13.79,2.07,0.0
20231008:1911,0.0,0.0,0.0,13.33,2.14,0.0
20231008:2011,0.0,0.0,0.0,13.12,2.21,0.0
20231008:2111,0.0,0.0,0.0,13.04,2.48,0.0
20231008:2211,0.0,0.0,0.0,13.14,2.41,0.0
20231008:2311,0.0,0.0,0.0,13.25,2.62,0.0
20231009:0011,0.0,0.0,0.0,13.28,2.83,0.0
20231009:0111,0.0,0.0,0.0,13.39,3.17,0.0
20231009:0211,0.0,0.0,0.0,13.67,3.59,0.0
20231009:0311,0.0,0.0,0.0,14.29,3.66,0.0
20231009:0411,0.0,0.0,0.0,14.97,3.93,0.0
20231009:0511,0.0,0.0,0.0,15.42,4.14,0.0
20231009:0611,0.0,3.87,2.89,15.43,3.93,0.0
20231009:0711,5.95,17.42,11.25,15.59,4.07,0.0
20231009:0811,32.4,54.2,18.7,15.73,4.21,0.0
20231009:0911,43.87,68.72,24.74,16.1,4.28,0.0
20231009:1011,53.23,80.34,28.81,16.45,4.62,0.0
20231009:1111,139.39,182.44,30.43,16.99,5.86,0.0
20231009:1211,57.86,86.15,29.39,17.19,6.41,0.0
20231009:1311,152.52,197.62,25.83,17.12,5.38,0.0
20231009:1411,64.18,93.89,20.19,17.16,4.9,0.0
20231009:1511,65.72,96.59,13.0,16.97,4.55,0.0
20231009:1611,15.58,35.08,4.8,16.37,4.34,0.0
20231009:1711,0.0,0.0,0.0,15.77,4.0,0.0
20231009:1811,0.0,0.0,0.0,15.2,3.66,0.0
20231009:1911,0.0,0.0,0.0,15.2,3.17,0.0
20231009:2011,0.0,0.0,0.0,14.99,3.1,0.0
20231009:2111,0.0,0.0,0.0,14.93,3.24,0.0
20231009:2211,0.0,0.0,0.0,14.63,2.9,0.0
20231009:2311,0.0,0.0,0.0,14.31,2.83,0.0
20231010:0011,0.0,0.0,0.0,14.03,2.62,0.0
20231010:0111,0.0,0.0,0.0,13.77,2.48,0.0
20231010:0211,0.0,0.0,0.0,13.53,2.34,0.0
20231010:0311,0.0,0.0,0.0,13.41,2.34,0.0
20231010:0411,0.0,0.0,0.0,13.49,2.41,0.0
20231010:0511,0.0,0.0,0.0,13.65,2.41,0.0
20231010:0611,0.04,5.81,2.62,13.83,2.48,0.0
20231010:0711,120.92,162.52,10.96,14.98,3.1,0.0
20231010:0811,321.21,391.56,18.39,15.51,4.41,0.0
20231010:0911,27.82,48.4,24.4,16.3,4.76,0.0
20231010:1011,227.26,283.85,28.45,17.08,5.03,0.0
20231010:1111,416.65,508.09,30.06,18.25,5.24,0.0
20231010:1211,202.85,258.23,29.01,19.04,4.83,0.0
20231010:1311,137.44,182.07,25.45,19.13,4.07,0.0
20231010:1411,106.89,146.06,19.82,19.17,4.07,0.0
20231010:1511,75.42,110.03,12.65,19.11,4.07,0.0
20231010:1611,8.74,22.78,4.46,18.78,4.48,0.0
20231010:1711,0.0,0.0,0.0,18.26,4.69,0.0
20231010:1811,0.0,0.0,0.0,17.88,4.9,0.0
20231010:1911,0.0,0.0,0.0,17.53,4.9,0.0
20231010:2011,0.0,0.0,0.0,17.46,5.24,0.0
20231010:2111,0.0,0.0,0.0,17.45,5.45,0.0
20231010:2211,0.0,0.0,0.0,17.2,5.59,0.0
20231010:2311,0.0,0.0,0.0,16.92,5.72,0.0
20231011:0011,0.0,0.0,0.0,16.67,5.66,0.0
20231011:0111,0.0,0.0,0.0,16.31,5.59,0.0
20231011:0211,0.0,0.0,0.0,16.03,5.52,0.0
20231011:0311,0.0,0.0,0.0,15.89,5.52,0.0
20231011:0411,0.0,0.0,0.0,15.83,5.59,0.0
20231011:0511,0.0,0.0,0.0,15.87,5.72,0.0
20231011:0611,0.79,7.74,2.34,15.84,5.72,0.0
20231011:0711,56.38,84.54,10.68,16.25,5.93,0.0
20231011:0811,12.18,27.1,18.09,16.78,5.72,0.0
20231011:0911,39.03,62.92,24.07,17.32,6.9,0.0
20231011:1011,52.14,79.37,28.09,17.83,6.34,0.0
20231011:1111,170.54,219.31,29.68,18.44,7.24,0.0
20231011:1211,47.22,73.56,28.62,18.87,7.86,0.0
20231011:1311,34.18,57.11,25.07,18.9,7.93,0.0
20231011:1411,23.82,43.56,19.45,18.87,6.76,0.0
20231011:1511,49.6,76.75,12.29,18.29,6.97,0.0
20231011:1611,2.11,10.65,4.11,17.77,6.97,0.0
20231011:1711,0.0,0.0,0.0,17.33,6.34,0.0
20231011:1811,0.0,0.0,0.0,16.99,5.38,0.0
20231011:1911,0.0,0.0,0.0,16.72,6.55,0.0
20231011:2011,0.0,0.0,0.0,15.84,4.9,0.0
20231011:2111,0.0,0.0,0.0,14.88,3.38,0.0
20231011:2211,0.0,0.0,0.0,14.04,3.59,0.0
20231011:2311,0.0,0.0,0.0,13.3,3.45,0.0
20231012:0011,0.0,0.0,0.0,12.96,2.69,0.0
20231012:0111,0.0,0.0,0.0,12.73,2.48,0.0
20231012:0211,0.0,0.0,0.0,12.56,2.34,0.0
20231012:0311,0.0,0.0,0.0,12.42,2.14,0.0
20231012:0411,0.0,0.0,0.0,12.17,2.14,0.0
20231012:0511,0.0,0.0,0.0,11.81,2.28,0.0
20231012:0611,1.73,9.68,2.07,11.57,2.28,0.0
20231012:0711,197.16,253.11,10.39,12.38,2.21,0.0
20231012:0811,332.65,405.34,17.78,13.27,2.21,0.0
20231012:0911,175.59,222.51,23.73,14.11,2.21,0.0
20231012:1011,477.04,583.69,27.73,14.55,1.93,0.0
20231012:1111,477.64,590.23,29.3,14.71,1.17,0.0
20231012:1211,403.2,499.03,28.24,15.0,0.83,0.0
20231012:1311,196.27,249.51,24.7,15.38,0.83,0.0
20231012:1411,126.52,168.21,19.08,15.38,0.28,0.0
20231012:1511,60.16,89.72,11.94,15.33,0.48,0.0
20231012:1611,3.7,13.55,3.77,15.14,1.17,0.0
20231012:1711,0.0,0.0,0.0,14.57,1.66,0.0
20231012:1811,0.0,0.0,0.0,14.16,1.79,0.0
20231012:1911,0.0,0.0,0.0,13.52,2.14,0.0
20231012:2011,0.0,0.0,0.0,13.33,2.28,0.0
20231012:2111,0.0,0.0,0.0,13.22,2.41,0.0
20231012:2211,0.0,0.0,0.0,13.21,2.28,0.0
20231012:2311,0.0,0.0,0.0,13.49,2.14,0.0
20231013:0011,0.0,0.0,0.0,14.07,2.48,0.0
20231013:0111,0.0,0.0,0.0,14.78,3.17,0.0
20231013:0211,0.0,0.0,0.0,15.25,3.72,0.0
20231013:0311,0.0,0.0,0.0,15.41,3.66,0.0
20231013:0411,0.0,0.0,0.0,15.71,3.79,0.0
20231013:0511,0.0,0.0,0.0,15.83,4.41,0.0
20231013:0611,0.0,0.97,1.8,15.96,4.9,0.0
20231013:0711,8.98,22.26,10.1,16.18,5.86,0.0
20231013:0811,28.51,49.36,17.47,16.86,7.66,0.0
20231013:0911,80.44,113.25,23.4,17.11,6.55,0.0
20231013:1011,126.93,168.2,27.37,18.06,8.21,0.0
20231013:1111,50.88,78.4,28.93,19.92,9.17,0.0
20231013:1211,19.35,37.75,27.86,20.78,9.59,0.0
20231013:1311,34.91,58.08,24.32,19.06,9.03,0.0
20231013:1411,32.09,54.2,18.72,17.93,8.55,0.0
20231013:1511,34.76,57.88,11.59,18.37,8.34,0.0
20231013:1611,3.09,12.58,3.43,18.7,8.62,0.0
20231013:1711,0.0,0.0,0.0,18.65,8.41,0.0
20231013:1811,0.0,0.0,0.0,18.45,8.14,0.0
20231013:1911,0.0,0.0,0.0,17.72,7.79,0.0
20231013:2011,0.0,0.0,0.0,17.34,7.79,0.0
20231013:2111,0.0,0.0,0.0,17.48,8.21,0.0
20231013:2211,0.0,0.0,0.0,17.25,7.86,0.0
20231013:2311,0.0,0.0,0.0,15.15,6.21,0.0
20231014:0011,0.0,0.0,0.0,12.77,5.1,0.0
20231014:0111,0.0,0.0,0.0,12.31,4.41,0.0
20231014:0211,0.0,0.0,0.0,12.28,5.03,0.0
20231014:0311,0.0,0.0,0.0,12.3,5.38,0.0
20231014:0411,0.0,0.0,0.0,12.14,5.31,0.0
20231014:0511,0.0,0.0,0.0,11.96,5.24,0.0
20231014:0611,0.0,2.9,1.53,11.78,5.1,0.0
20231014:0711,41.77,65.15,9.82,11.62,5.86,0.0
20231014:0811,156.23,196.32,17.16,11.24,6.0,0.0
20231014:0911,432.34,510.05,23.07,11.89,5.72,0.0
20231014:1011,548.39,646.26,27.01,12.39,6.41,0.0
20231014:1111,22.35,40.65,28.55,13.01,7.38,0.0
20231014:1211,513.73,603.87,27.49,12.67,7.52,0.0
20231014:1311,22.41,40.65,23.95,12.57,7.38,0.0
20231014:1411,101.46,135.28,18.36,12.38,7.52,0.0
20231014:1511,57.87,85.32,11.24,11.78,7.1,0.0
20231014:1611,7.81,23.86,3.09,10.99,6.83,0.0
20231014:1711,0.0,0.0,0.0,10.5,6.62,0.0
20231014:1811,0.0,0.0,0.0,9.95,6.55,0.0
20231014:1911,0.0,0.0,0.0,10.08,6.69,0.0
20231014:2011,0.0,0.0,0.0,9.67,6.69,0.0
20231014:2111,0.0,0.0,0.0,9.73,6.34,0.0
20231014:2211,0.0,0.0,0.0,9.51,5.66,0.0
20231014:2311,0.0,0.0,0.0,9.19,5.24,0.0
20231015:0011,0.0,0.0,0.0,8.42,4.83,0.0
20231015:0111,0.0,0.0,0.0,7.87,4.48,0.0
20231015:0211,0.0,0.0,0.0,7.65,4.28,0.0
20231015:0311,0.0,0.0,0.0,7.51,4.28,0.0
20231015:0411,0.0,0.0,0.0,7.41,4.14,0.0
20231015:0511,0.0,0.0,0.0,7.28,4.14,0.0
20231015:0611,0.0,0.0,0.0,7.0,4.34,0.0
20231015:0711,180.6,227.93,9.53,7.65,4.14,0.0
20231015:0811,32.93,53.24,16.85,7.98,4.97,0.0
20231015:0911,346.63,405.32,22.73,8.65,5.79,0.0
20231015:1011,84.4,114.22,26.66,9.2,5.79,0.0
20231015:1111,594.86,695.45,28.18,9.6,5.66,0.0
20231015:1211,131.32,168.05,27.11,10.13,5.66,0.0
20231015:1311,297.0,353.37,23.58,10.37,5.72,0.0
20231015:1411,227.95,277.5,18.0,10.04,5.93,0.0
20231015:1511,84.41,117.81,10.89,9.61,5.38,0.0
20231015:1611,1.29,8.71,2.75,9.24,5.38,0.0
20231015:1711,0.0,0.0,0.0,8.99,4.83,0.0
20231015:1811,0.0,0.0,0.0,8.58,4.21,0.0
20231015:1911,0.0,0.0,0.0,8.33,3.31,0.0
20231015:2011,0.0,0.0,0.0,8.15,3.1,0.0
20231015:2111,0.0,0.0,0.0,8.18,3.1,0.0
20231015:2211,0.0,0.0,0.0,8.29,3.24,0.0
20231015:2311,0.0,0.0,0.0,8.62,3.24,0.0
20231016:0011,0.0,0.0,0.0,8.52,3.38,0.0
20231016:0111,0.0,0.0,0.0,8.08,3.45,0.0
20231016:0211,0.0,0.0,0.0,7.86,3.45,0.0
20231016:0311,0.0,0.0,0.0,7.88,3.38,0.0
20231016:0411,0.0,0.0,0.0,7.86,3.1,0.0
20231016:0511,0.0,0.0,0.0,7.94,2.83,0.0
20231016:0611,0.0,0.0,0.0,7.94,2.62,0.0
20231016:0711,53.59,78.99,9.24,8.22,2.0,0.0
20231016:0811,284.62,343.13,16.54,9.26,1.79,0.0
20231016:0911,446.45,535.38,22.4,10.59,1.86,0.0
20231016:1011,357.98,430.64,26.31,11.23,1.93,0.0
20231016:1111,439.8,529.0,27.81,11.73,2.21,0.0
20231016:1211,45.54,69.69,26.74,11.82,2.28,0.0
20231016:1311,286.61,347.97,23.21,12.05,2.48,0.0
20231016:1411,119.19,156.34,17.65,11.94,2.48,0.0
20231016:1511,61.6,90.63,10.55,11.57,2.07,0.0
20231016:1611,2.26,11.88,2.42,10.87,1.86,0.0
20231016:1711,0.0,0.0,0.0,9.86,1.72,0.0
20231016:1811,0.0,0.0,0.0,8.78,1.59,0.0
20231016:1911,0.0,0.0,0.0,9.17,0.69,0.0
20231016:2011,0.0,0.0,0.0,9.19,0.14,0.0
20231016:2111,0.0,0.0,0.0,8.87,0.48,0.0
20231016:2211,0.0,0.0,0.0,7.47,1.03,0.0
20231016:2311,0.0,0.0,0.0,7.0,1.24,0.0
20231017:0011,0.0,0.0,0.0,7.1,1.1,0.0
20231017:0111,0.0,0.0,0.0,6.83,1.03,0.0
20231017:0211,0.0,0.0,0.0,6.77,0.9,0.0
20231017:0311,0.0,0.0,0.0,6.52,0.76,0.0
20231017:0411,0.0,0.0,0.0,6.63,0.69,0.0
20231017:0511,0.0,0.0,0.0,6.47,0.55,0.0
20231017:0611,0.0,0.0,0.0,6.29,0.48,0.0
20231017:0711,49.1,72.61,8.95,4.57,1.17,0.0
20231017:0811,161.01,200.38,16.24,7.14,1.03,0.0
20231017:0911,509.08,611.54,22.07,9.11,1.38,0.0
20231017:1011,582.23,705.65,25.95,10.3,1.66,0.0
20231017:1111,602.36,732.8,27.45,11.09,1.86,0.0
20231017:1211,549.46,666.18,26.37,11.57,1.93,0.0
20231017:1311,474.77,574.04,22.85,11.86,2.07,0.0
20231017:1411,325.55,398.85,17.3,11.84,2.41,0.0
20231017:1511,148.62,203.68,10.21,11.5,2.34,0.0
20231017:1611,2.23,10.65,2.09,10.52,2.07,0.0
20231017:1711,0.0,0.0,0.0,9.2,2.21,0.0
20231017:1811,0.0,0.0,0.0,8.17,2.28,0.0
20231017:1911,0.0,0.0,0.0,7.11,2.34,0.0
20231017:2011,0.0,0.0,0.0,6.42,2.34,0.0
20231017:2111,0.0,0.0,0.0,5.86,2.34,0.0
20231017:2211,0.0,0.0,0.0,5.39,2.41,0.0
20231017:2311,0.0,0.0,0.0,5.1,2.69,0.0
20231018:0011,0.0,0.0,0.0,4.93,2.76,0.0
20231018:0111,0.0,0.0,0.0,4.82,2.9,0.0
20231018:0211,0.0,0.0,0.0,4.78,3.1,0.0
20231018:0311,0.0,0.0,0.0,4.73,3.31,0.0
20231018:0411,0.0,0.0,0.0,4.74,3.38,0.0
20231018:0511,0.0,0.0,0.0,4.73,3.59,0.0
20231018:0611,0.0,0.0,0.0,4.72,3.66,0.0
20231018:0711,74.39,102.53,8.67,4.67,3.79,0.0
20231018:0811,308.9,362.73,15.93,5.88,3.72,0.0
20231018:0911,336.33,393.11,21.74,7.37,4.48,0.0
20231018:1011,399.27,466.57,25.6,8.66,4.83,0.0
20231018:1111,358.94,422.65,27.08,9.84,5.24,0.0
20231018:1211,236.34,285.83,26.0,10.6,5.38,0.0
20231018:1311,101.14,134.34,22.49,11.05,5.38,0.0
20231018:1411,123.4,160.02,16.95,11.08,5.24,0.0
20231018:1511,46.82,71.76,9.88,10.83,5.66,0.0
20231018:1611,0.01,5.65,1.77,10.23,5.79,0.0
20231018:1711,0.0,0.0,0.0,9.72,6.0,0.0
20231018:1811,0.0,0.0,0.0,9.26,6.14,0.0
20231018:1911,0.0,0.0,0.0,9.03,6.41,0.0
20231018:2011,0.0,0.0,0.0,8.87,6.34,0.0
20231018:2111,0.0,0.0,0.0,8.99,6.41,0.0
20231018:2211,0.0,0.0,0.0,9.08,6.34,0.0
20231018:2311,0.0,0.0,0.0,9.12,6.28,0.0
20231019:0011,0.0,0.0,0.0,8.62,6.41,0.0
20231019:0111,0.0,0.0,0.0,7.95,6.48,0.0
20231019:0211,0.0,0.0,0.0,7.92,6.48,0.0
20231019:0311,0.0,0.0,0.0,7.93,6.34,0.0
20231019:0411,0.0,0.0,0.0,7.94,6.07,0.0
20231019:0511,0.0,0.0,0.0,7.97,5.79,0.0
20231019:0611,0.0,0.0,0.0,8.0,5.38,0.0
20231019:0711,1.31,8.71,8.38,7.74,5.17,0.0
20231019:0811,12.11,26.13,15.62,7.81,4.76,0.0
20231019:0911,13.48,28.07,21.41,7.94,4.21,0.0
20231019:1011,29.0,48.4,25.25,8.12,4.14,0.0
20231019:1111,19.93,36.78,26.72,8.16,4.9,0.0
20231019:1211,25.18,43.56,25.63,8.12,4.48,0.0
20231019:1311,14.85,30.01,22.13,8.43,4.83,0.0
20231019:1411,14.15,29.04,16.6,8.38,4.76,0.0
20231019:1511,21.39,38.72,9.55,8.36,4.97,0.0
20231019:1611,0.0,0.94,1.45,8.1,5.1,0.0
20231019:1711,0.0,0.0,0.0,7.88,5.17,0.0
20231019:1811,0.0,0.0,0.0,7.76,5.38,0.0
20231019:1911,0.0,0.0,0.0,7.29,5.31,0.0
20231019:2011,0.0,0.0,0.0,7.25,5.45,0.0
20231019:2111,0.0,0.0,0.0,7.25,5.66,0.0
20231019:2211,0.0,0.0,0.0,7.34,5.59,0.0
20231019:2311,0.0,0.0,0.0,7.47,6.48,0.0
20231020:0011,0.0,0.0,0.0,7.6,6.48,0.0
20231020:0111,0.0,0.0,0.0,7.72,6.76,0.0
20231020:0211,0.0,0.0,0.0,7.78,6.97,0.0
20231020:0311,0.0,0.0,0.0,7.79,7.1,0.0
20231020:0411,0.0,0.0,0.0,7.72,7.52,0.0
20231020:0511,0.0,0.0,0.0,7.62,7.79,0.0
20231020:0611,0.0,0.0,0.0,7.45,7.93,0.0
20231020:0711,3.91,13.55,8.09,6.98,7.66,0.0
20231020:0811,15.69,30.97,15.32,6.95,7.59,0.0
20231020:0911,23.85,41.62,21.08,6.75,7.24,0.0
20231020:1011,26.17,44.52,24.9,6.56,7.38,0.0
20231020:1111,22.38,39.69,26.36,6.43,7.79,0.0
20231020:1211,37.23,58.08,25.27,6.35,8.07,0.0
20231020:1311,22.39,39.69,21.77,6.37,8.0,0.0
20231020:1411,14.31,29.04,16.26,6.41,7.79,0.0
20231020:1511,2.3,10.65,9.22,6.47,7.86,0.0
20231020:1611,0.0,0.0,0.0,6.48,7.72,0.0
20231020:1711,0.0,0.0,0.0,6.54,8.28,0.0
20231020:1811,0.0,0.0,0.0,6.56,8.0,0.0
20231020:1911,0.0,0.0,0.0,6.06,6.34,0.0
20231020:2011,0.0,0.0,0.0,6.35,5.45,0.0
20231020:2111,0.0,0.0,0.0,6.74,4.55,0.0
20231020:2211,0.0,0.0,0.0,7.4,4.21,0.0
20231020:2311,0.0,0.0,0.0,8.29,3.86,0.0
20231021:0011,0.0,0.0,0.0,9.15,3.59,0.0
20231021:0111,0.0,0.0,0.0,9.79,3.45,0.0
20231021:0211,0.0,0.0,0.0,10.01,3.31,0.0
20231021:0311,0.0,0.0,0.0,9.88,3.38,0.0
20231021:0411,0.0,0.0,0.0,9.94,3.38,0.0
20231021:0511,0.0,0.0,0.0,9.84,3.24,0.0
20231021:0611,0.0,0.0,0.0,9.67,3.1,0.0
20231021:0711,2.74,11.62,7.81,10.31,3.38,0.0
20231021:0811,71.91,100.61,15.01,10.89,3.31,0.0
20231021:0911,22.44,40.65,20.76,11.99,3.52,0.0
20231021:1011,227.75,280.1,24.56,13.59,4.21,0.0
20231021:1111,43.4,67.76,26.0,14.74,4.55,0.0
20231021:1211,314.5,380.46,24.91,14.44,4.69,0.0
20231021:1311,13.68,29.04,21.42,14.51,4.48,0.0
20231021:1411,298.63,370.07,15.92,14.6,4.0,0.0
20231021:1511,121.89,174.04,8.89,14.44,3.86,0.0
20231021:1611,0.0,0.0,0.0,13.61,3.86,0.0
20231021:1711,0.0,0.0,0.0,12.81,4.21,0.0
20231021:1811,0.0,0.0,0.0,12.48,4.48,0.0
20231021:1911,0.0,0.0,0.0,12.55,4.9,0.0
20231021:2011,0.0,0.0,0.0,12.51,4.97,0.0
20231021:2111,0.0,0.0,0.0,12.74,5.24,0.0
20231021:2211,0.0,0.0,0.0,12.71,5.38,0.0
20231021:2311,0.0,0.0,0.0,12.8,5.38,0.0
20231022:0011,0.0,0.0,0.0,12.99,5.66,0.0
20231022:0111,0.0,0.0,0.0,13.29,5.79,0.0
20231022:0211,0.0,0.0,0.0,13.35,6.14,0.0
20231022:0311,0.0,0.0,0.0,12.84,6.07,0.0
20231022:0411,0.0,0.0,0.0,12.25,6.14,0.0
20231022:0511,0.0,0.0,0.0,11.87,6.34,0.0
20231022:0611,0.0,0.0,0.0,11.72,6.41,0.0
20231022:0711,25.74,45.23,7.52,12.19,6.62,0.0
20231022:0811,55.63,81.78,14.71,12.31,6.41,0.0
20231022:0911,64.15,91.95,20.43,12.29,5.66,0.0
20231022:1011,197.26,243.53,24.21,12.08,4.97,0.0
20231022:1111,418.67,497.9,25.65,12.64,4.69,0.0
20231022:1211,91.0,123.89,24.55,13.27,5.31,0.0
20231022:1311,77.64,108.35,21.07,13.45,4.9,0.0
20231022:1411,255.37,316.44,15.59,13.31,4.14,0.0
20231022:1511,68.06,101.55,8.57,13.1,3.86,0.0
20231022:1611,0.0,0.0,0.0,12.17,3.1,0.0
20231022:1711,0.0,0.0,0.0,11.06,2.62,0.0
20231022:1811,0.0,0.0,0.0,10.15,2.62,0.0
20231022:1911,0.0,0.0,0.0,9.83,2.76,0.0
20231022:2011,0.0,0.0,0.0,9.72,2.76,0.0
20231022:2111,0.0,0.0,0.0,9.68,2.76,0.0
20231022:2211,0.0,0.0,0.0,9.48,2.69,0.0
20231022:2311,0.0,0.0,0.0,9.21,2.55,0.0
20231023:0011,0.0,0.0,0.0,8.78,2.55,0.0
20231023:0111,0.0,0.0,0.0,8.41,2.55,0.0
20231023:0211,0.0,0.0,0.0,8.16,2.48,0.0
20231023:0311,0.0,0.0,0.0,8.02,2.41,0.0
20231023:0411,0.0,0.0,0.0,7.82,2.41,0.0
20231023:0511,0.0,0.0,0.0,7.62,2.34,0.0
20231023:0611,0.0,0.0,0.0,7.49,2.21,0.0
20231023:0711,107.76,144.93,7.24,7.44,1.79,0.0
20231023:0811,355.31,427.17,14.4,8.46,1.38,0.0
20231023:0911,460.84,555.82,20.11,10.42,1.31,0.0
20231023:1011,529.66,647.84,23.87,11.95,1.17,0.0
20231023:1111,483.2,593.07,25.29,13.22,1.1,0.0
20231023:1211,362.57,444.86,24.2,14.02,1.1,0.0
20231023:1311,201.16,253.28,20.73,14.33,1.31,0.0
20231023:1411,81.38,113.66,15.25,14.2,1.79,0.0
20231023:1511,42.19,67.76,8.26,13.4,2.34,0.0
20231023:1611,0.0,0.0,0.0,12.12,2.9,0.0
20231023:1711,0.0,0.0,0.0,11.2,3.1,0.0
20231023:1811,0.0,0.0,0.0,10.76,3.38,0.0
20231023:1911,0.0,0.0,0.0,10.33,3.66,0.0
20231023:2011,0.0,0.0,0.0,10.22,3.45,0.0
20231023:2111,0.0,0.0,0.0,9.99,3.79,0.0
20231023:2211,0.0,0.0,0.0,9.95,3.93,0.0
20231023:2311,0.0,0.0,0.0,10.11,4.34,0.0
20231024:0011,0.0,0.0,0.0,10.31,4.62,0.0
20231024:0111,0.0,0.0,0.0,10.33,4.69,0.0
20231024:0211,0.0,0.0,0.0,10.24,4.83,0.0
20231024:0311,0.0,0.0,0.0,10.38,4.83,0.0
20231024:0411,0.0,0.0,0.0,10.69,4.76,0.0
20231024:0511,0.0,0.0,0.0,10.94,4.41,0.0
20231024:0611,0.0,0.0,0.0,11.16,3.86,0.0
20231024:0711,80.34,113.85,6.95,11.18,3.24,0.0
20231024:0811,51.69,77.0,14.1,11.73,3.72,0.0
20231024:0911,14.56,30.01,19.79,12.1,4.28,0.0
20231024:1011,166.61,209.52,23.53,12.28,4.07,0.0
20231024:1111,84.63,116.15,24.94,12.54,4.9,0.0
20231024:1211,56.65,83.24,23.85,12.69,4.41,0.0
20231024:1311,30.6,51.3,20.39,12.78,4.14,0.0
20231024:1411,21.62,39.69,14.93,12.8,3.93,0.0
20231024:1511,27.63,48.03,7.94,12.58,3.31,0.0
20231024:1611,0.0,0.0,0.0,12.13,3.31,0.0
20231024:1711,0.0,0.0,0.0,11.54,3.52,0.0
20231024:1811,0.0,0.0,0.0,11.19,3.72,0.0
20231024:1911,0.0,0.0,0.0,10.73,4.14,0.0
20231024:2011,0.0,0.0,0.0,10.52,4.28,0.0
20231024:2111,0.0,0.0,0.0,10.49,4.28,0.0
20231024:2211,0.0,0.0,0.0,10.34,4.41,0.0
20231024:2311,0.0,0.0,0.0,10.0,4.41,0.0
20231025:0011,0.0,0.0,0.0,9.75,4.34,0.0
20231025:0111,0.0,0.0,0.0,9.36,4.21,0.0
20231025:0211,0.0,0.0,0.0,9.12,4.21,0.0
20231025:0311,0.0,0.0,0.0,8.75,4.21,0.0
20231025:0411,0.0,0.0,0.0,8.44,4.07,0.0
20231025:0511,0.0,0.0,0.0,8.08,3.86,0.0
20231025:0611,0.0,0.0,0.0,7.78,3.59,0.0
20231025:0711,93.02,127.88,6.67,8.11,3.66,0.0
20231025:0811,326.46,389.96,13.8,8.88,3.1,0.0
20231025:0911,285.37,341.4,19.46,10.16,3.31,0.0
20231025:1011,106.41,140.76,23.19,11.32,3.38,0.0
20231025:1111,325.99,391.4,24.6,12.05,3.31,0.0
20231025:1211,157.31,199.59,23.51,12.46,3.24,0.0
20231025:1311,80.35,111.32,20.05,12.62,3.31,0.0
20231025:1411,57.58,84.36,14.6,12.38,3.31,0.0
20231025:1511,13.19,28.07,7.63,11.92,3.38,0.0
20231025:1611,0.0,0.0,0.0,11.31,3.38,0.0
20231025:1711,0.0,0.0,0.0,10.88,3.38,0.0
20231025:1811,0.0,0.0,0.0,10.54,3.38,0.0
20231025:1911,0.0,0.0,0.0,10.42,3.03,0.0
20231025:2011,0.0,0.0,0.0,10.28,3.03,0.0
20231025:2111,0.0,0.0,0.0,10.23,3.03,0.0
20231025:2211,0.0,0.0,0.0,10.14,3.1,0.0
20231025:2311,0.0,0.0,0.0,10.02,3.31,0.0
20231026:0011,0.0,0.0,0.0,9.95,3.45,0.0
20231026:0111,0.0,0.0,0.0,9.89,3.45,0.0
20231026:0211,0.0,0.0,0.0,9.77,3.17,0.0
20231026:0311,0.0,0.0,0.0,9.6,2.62,0.0
20231026:0411,0.0,0.0,0.0,9.42,2.34,0.0
20231026:0511,0.0,0.0,0.0,9.08,2.34,0.0
20231026:0611,0.0,0.0,0.0,8.63,2.14,0.0
20231026:0711,75.53,107.18,6.38,8.27,2.48,0.0
20231026:0811,69.55,97.24,13.5,9.03,2.14,0.0
20231026:0911,113.76,148.33,19.14,10.39,3.45,0.0
20231026:1011,208.18,255.48,22.86,11.06,3.24,0.0
20231026:1111,163.94,206.31,24.25,11.48,3.17,0.0
20231026:1211,50.33,75.5,23.16,11.96,2.9,0.0
20231026:1311,273.51,332.62,19.72,12.08,2.69,0.0
20231026:1411,20.24,37.75,14.29,11.98,2.55,0.0
20231026:1511,60.53,93.05,7.33,11.57,2.14,0.0
20231026:1611,0.0,0.0,0.0,10.79,2.21,0.0
20231026:1711,0.0,0.0,0.0,10.27,2.34,0.0
20231026:1811,0.0,0.0,0.0,10.11,2.55,0.0
20231026:1911,0.0,0.0,0.0,9.8,2.41,0.0
20231026:2011,0.0,0.0,0.0,9.77,2.28,0.0
20231026:2111,0.0,0.0,0.0,9.75,2.48,0.0
20231026:2211,0.0,0.0,0.0,9.65,2.69,0.0
20231026:2311,0.0,0.0,0.0,9.49,2.9,0.0
20231027:0011,0.0,0.0,0.0,9.33,2.83,0.0
20231027:0111,0.0,0.0,0.0,9.18,2.62,0.0
20231027:0211,0.0,0.0,0.0,9.12,2.48,0.0
20231027:0311,0.0,0.0,0.0,9.19,2.69,0.0
20231027:0411,0.0,0.0,0.0,9.1,2.9,0.0
20231027:0511,0.0,0.0,0.0,9.04,2.97,0.0
20231027:0611,0.0,0.0,0.0,8.94,2.97,0.0
20231027:0711,26.11,45.59,6.1,9.31,2.9,0.0
20231027:0811,159.87,199.87,13.2,9.53,4.07,0.0
20231027:0911,85.85,116.18,18.83,9.89,4.34,0.0
20231027:1011,151.97,191.2,22.53,10.17,4.0,0.0
20231027:1111,85.35,116.15,23.91,10.51,3.66,0.0
20231027:1211,41.87,64.85,22.82,10.65,3.38,0.0
20231027:1311,55.54,81.31,19.39,10.61,3.17,0.0
20231027:1411,35.59,57.11,13.97,10.49,3.03,0.0
20231027:1511,6.14,17.42,7.03,10.23,2.83,0.0
20231027:1611,0.0,0.0,0.0,9.87,2.76,0.0
20231027:1711,0.0,0.0,0.0,9.6,2.76,0.0
20231027:1811,0.0,0.0,0.0,9.34,2.62,0.0
20231027:1911,0.0,0.0,0.0,9.07,2.76,0.0
20231027:2011,0.0,0.0,0.0,9.04,2.69,0.0
20231027:2111,0.0,0.0,0.0,8.88,2.48,0.0
20231027:2211,0.0,0.0,0.0,8.63,2.48,0.0
20231027:2311,0.0,0.0,0.0,8.36,2.41,0.0
20231028:0011,0.0,0.0,0.0,8.44,2.55,0.0
20231028:0111,0.0,0.0,0.0,8.3,2.41,0.0
20231028:0211,0.0,0.0,0.0,8.31,2.28,0.0
20231028:0311,0.0,0.0,0.0,8.23,2.14,0.0
20231028:0411,0.0,0.0,0.0,8.29,2.07,0.0
20231028:0511,0.0,0.0,0.0,8.1,2.0,0.0
20231028:0611,0.0,0.0,0.0,8.11,2.0,0.0
20231028:0711,9.39,22.26,5.82,8.27,2.62,0.0
20231028:0811,19.82,36.78,12.9,9.07,2.97,0.0
20231028:0911,73.37,101.97,18.51,10.18,4.41,0.0
20231028:1011,161.34,202.32,22.2,11.18,4.48,0.0
20231028:1111,74.21,103.57,23.57,11.56,4.62,0.0
20231028:1211,75.88,105.5,22.49,11.35,3.79,0.0
20231028:1311,104.39,138.23,19.06,11.11,3.45,0.0
20231028:1411,25.55,44.52,13.66,10.95,3.59,0.0
20231028:1511,49.04,78.01,6.73,10.94,3.1,0.0
20231028:1611,0.0,0.0,0.0,10.79,3.24,0.0
20231028:1711,0.0,0.0,0.0,10.79,3.52,0.0
20231028:1811,0.0,0.0,0.0,10.7,3.66,0.0
20231028:1911,0.0,0.0,0.0,10.55,4.0,0.0
20231028:2011,0.0,0.0,0.0,10.11,3.93,0.0
20231028:2111,0.0,0.0,0.0,9.9,4.28,0.0
20231028:2211,0.0,0.0,0.0,9.83,4.28,0.0
20231028:2311,0.0,0.0,0.0,9.88,4.55,0.0
20231029:0011,0.0,0.0,0.0,10.09,4.76,0.0
20231029:0111,0.0,0.0,0.0,10.35,5.03,0.0
20231029:0211,0.0,0.0,0.0,10.6,6.0,0.0
20231029:0311,0.0,0.0,0.0,11.09,6.0,0.0
20231029:0411,0.0,0.0,0.0,11.75,5.79,0.0
20231029:0511,0.0,0.0,0.0,12.32,6.28,0.0
20231029:0611,0.0,0.0,0.0,12.64,6.97,0.0
20231029:0711,24.41,43.98,5.54,12.49,7.59,0.0
20231029:0811,134.85,173.26,12.6,12.64,7.93,0.0
20231029:0911,424.24,500.22,18.2,13.02,7.79,0.0
20231029:1011,455.97,537.09,21.87,13.64,8.21,0.0
20231029:1111,259.24,314.03,23.24,14.17,8.14,0.0
20231029:1211,208.36,257.65,22.16,14.47,6.97,0.0
20231029:1311,111.09,147.6,18.74,14.7,6.28,0.0
20231029:1411,40.31,63.88,13.35,14.7,5.66,0.0
20231029:1511,25.13,45.6,6.44,14.31,5.03,0.0
20231029:1611,0.0,0.0,0.0,13.39,5.24,0.0
20231029:1711,0.0,0.0,0.0,12.49,5.17,0.0
20231029:1811,0.0,0.0,0.0,11.96,6.0,0.0
20231029:1911,0.0,0.0,0.0,11.56,6.62,0.0
20231029:2011,0.0,0.0,0.0,11.51,7.03,0.0
20231029:2111,0.0,0.0,0.0,11.37,7.24,0.0
20231029:2211,0.0,0.0,0.0,11.42,7.38,0.0
20231029:2311,0.0,0.0,0.0,11.53,6.97,0.0
20231030:0011,0.0,0.0,0.0,11.47,6.41,0.0
20231030:0111,0.0,0.0,0.0,11.11,6.07,0.0
20231030:0211,0.0,0.0,0.0,10.65,5.66,0.0
20231030:0311,0.0,0.0,0.0,10.29,5.45,0.0
20231030:0411,0.0,0.0,0.0,10.06,5.24,0.0
20231030:0511,0.0,0.0,0.0,9.81,4.97,0.0
20231030:0611,0.0,0.0,0.0,9.59,4.97,0.0
20231030:0711,27.37,47.67,5.26,9.84,5.24,0.0
20231030:0811,276.63,333.35,12.31,10.6,5.38,0.0
20231030:0911,446.22,528.92,17.89,11.78,4.62,0.0
20231030:1011,501.45,592.97,21.54,12.96,5.93,0.0
20231030:1111,210.44,259.3,22.91,13.73,6.48,0.0
20231030:1211,353.5,423.11,21.83,14.03,5.86,0.0
20231030:1311,154.31,197.03,18.43,14.08,4.41,0.0
20231030:1411,117.58,156.42,13.05,13.74,3.38,0.0
20231030:1511,23.94,43.93,6.15,13.01,2.62,0.0
20231030:1611,0.0,0.0,0.0,12.1,2.34,0.0
20231030:1711,0.0,0.0,0.0,11.39,2.28,0.0
20231030:1811,0.0,0.0,0.0,10.98,1.24,0.0
20231030:1911,0.0,0.0,0.0,10.96,1.79,0.0
20231030:2011,0.0,0.0,0.0,11.07,1.93,0.0
20231030:2111,0.0,0.0,0.0,11.13,1.79,0.0
20231030:2211,0.0,0.0,0.0,11.09,1.93,0.0
20231030:2311,0.0,0.0,0.0,10.96,1.86,0.0
20231031:0011,0.0,0.0,0.0,10.94,1.93,0.0
20231031:0111,0.0,0.0,0.0,10.93,2.28,0.0
20231031:0211,0.0,0.0,0.0,10.99,2.9,0.0
20231031:0311,0.0,0.0,0.0,11.11,3.86,0.0
20231031:0411,0.0,0.0,0.0,11.24,4.41,0.0
20231031:0511,0.0,0.0,0.0,11.12,4.14,0.0
20231031:0611,0.0,0.0,0.0,10.79,4.07,0.0
20231031:0711,0.43,6.78,4.99,10.7,4.97,0.0
20231031:0811,39.42,61.79,12.02,10.57,4.41,0.0
20231031:0911,76.17,105.4,17.58,10.64,4.07,0.0
20231031:1011,189.11,233.31,21.22,10.86,3.72,0.0
20231031:1111,224.38,273.42,22.58,10.96,3.45,0.0
20231031:1211,161.36,202.48,21.5,10.81,3.38,0.0
20231031:1311,151.53,191.55,18.11,10.59,2.83,0.0
20231031:1411,117.39,154.41,12.75,10.36,2.21,0.0
20231031:1511,45.7,74.72,5.87,10.14,1.52,0.0
20231031:1611,0.0,0.0,0.0,9.67,1.1,0.0
20231031:1711,0.0,0.0,0.0,9.37,1.03,0.0
20231031:1811,0.0,0.0,0.0,8.73,1.59,0.0
20231031:1911,0.0,0.0,0.0,8.38,1.45,0.0
20231031:2011,0.0,0.0,0.0,8.64,1.66,0.0
20231031:2111,0.0,0.0,0.0,8.6,2.28,0.0
20231031:2211,0.0,0.0,0.0,8.51,2.55,0.0
20231031:2311,0.0,0.0,0.0,8.27,2.9,0.0
20231101:0011,0.0,0.0,0.0,8.08,3.1,0.0
20231101:0111,0.0,0.0,0.0,7.85,3.24,0.0
20231101:0211,0.0,0.0,0.0,7.96,3.1,0.0
20231101:0311,0.0,0.0,0.0,8.06,2.9,0.0
20231101:0411,0.0,0.0,0.0,8.23,2.76,0.0
20231101:0511,0.0,0.0,0.0,8.66,2.9,0.0
20231101:0611,0.0,0.0,0.0,8.77,3.03,0.0
20231101:0711,1.29,8.71,4.71,9.66,3.52,0.0
20231101:0811,81.6,111.52,11.73,10.14,3.86,0.0
20231101:0911,72.89,101.57,17.27,10.65,4.07,0.0
20231101:1011,28.59,48.4,20.9,10.95,4.55,0.0
20231101:1111,80.86,111.31,22.26,11.51,4.55,0.0
20231101:1211,91.54,124.18,21.19,12.79,5.1,0.0
20231101:1311,121.03,158.26,17.81,13.44,5.52,0.0
20231101:1411,73.36,103.82,12.46,13.73,5.45,0.0
20231101:1511,44.45,75.17,5.59,13.62,5.24,0.0
20231101:1611,0.0,0.0,0.0,13.19,5.17,0.0
20231101:1711,0.0,0.0,0.0,13.04,5.52,0.0
20231101:1811,0.0,0.0,0.0,12.85,5.93,0.0
20231101:1911,0.0,0.0,0.0,12.25,6.76,0.0
20231101:2011,0.0,0.0,0.0,11.8,6.41,0.0
20231101:2111,0.0,0.0,0.0,11.44,6.21,0.0
20231101:2211,0.0,0.0,0.0,11.01,5.93,0.0
20231101:2311,0.0,0.0,0.0,10.64,5.52,0.0
20231102:0011,0.0,0.0,0.0,10.26,5.1,0.0
20231102:0111,0.0,0.0,0.0,9.81,4.83,0.0
20231102:0211,0.0,0.0,0.0,9.6,4.97,0.0
20231102:0311,0.0,0.0,0.0,9.48,5.45,0.0
20231102:0411,0.0,0.0,0.0,9.65,5.86,0.0
20231102:0511,0.0,0.0,0.0,10.04,6.21,0.0
20231102:0611,0.0,0.0,0.0,10.31,6.76,0.0
20231102:0711,0.43,6.78,4.44,10.27,7.72,0.0
20231102:0811,52.62,77.5,11.44,10.28,8.48,0.0
20231102:0911,168.7,208.45,16.97,10.4,8.41,0.0
20231102:1011,437.26,509.05,20.59,10.98,8.28,0.0
20231102:1111,39.29,61.95,21.94,12.19,8.69,0.0
20231102:1211,65.65,93.89,20.87,13.09,8.97,0.0
20231102:1311,34.44,56.14,17.5,13.09,8.83,0.0
20231102:1411,70.45,99.89,12.17,12.98,8.9,0.0
20231102:1511,77.07,123.32,5.32,13.1,8.9,0.0
20231102:1611,0.0,0.0,0.0,13.11,8.9,0.0
20231102:1711,0.0,0.0,0.0,12.66,9.1,0.0
20231102:1811,0.0,0.0,0.0,12.54,9.52,0.0
20231102:1911,0.0,0.0,0.0,11.91,9.59,0.0
20231102:2011,0.0,0.0,0.0,11.74,9.38,0.0
20231102:2111,0.0,0.0,0.0,11.41,9.24,0.0
20231102:2211,0.0,0.0,0.0,11.04,9.1,0.0
20231102:2311,0.0,0.0,0.0,10.47,8.83,0.0
20231103:0011,0.0,0.0,0.0,9.79,8.62,0.0
20231103:0111,0.0,0.0,0.0,9.0,8.48,0.0
20231103:0211,0.0,0.0,0.0,8.02,8.34,0.0
20231103:0311,0.0,0.0,0.0,7.55,7.72,0.0
20231103:0411,0.0,0.0,0.0,8.11,7.52,0.0
20231103:0511,0.0,0.0,0.0,8.52,7.45,0.0
20231103:0611,0.0,0.0,0.0,8.74,7.1,0.0
20231103:0711,0.85,7.74,4.16,8.77,7.38,0.0
20231103:0811,116.78,150.83,11.15,9.25,7.38,0.0
20231103:0911,38.17,60.01,16.67,9.76,7.31,0.0
20231103:1011,70.69,98.73,20.28,10.14,6.76,0.0
20231103:1111,30.21,50.33,21.62,10.57,6.69,0.0
20231103:1211,62.98,90.02,20.56,10.95,7.17,0.0
20231103:1311,131.31,168.04,17.2,11.07,7.03,0.0
20231103:1411,142.12,182.96,11.89,10.93,6.97,0.0
20231103:1511,16.01,32.82,5.06,10.77,6.69,0.0
20231103:1611,0.0,0.0,0.0,10.32,6.41,0.0
20231103:1711,0.0,0.0,0.0,10.07,6.41,0.0
20231103:1811,0.0,0.0,0.0,9.93,6.41,0.0
20231103:1911,0.0,0.0,0.0,10.14,6.48,0.0
20231103:2011,0.0,0.0,0.0,9.91,6.41,0.0
20231103:2111,0.0,0.0,0.0,9.5,6.28,0.0
20231103:2211,0.0,0.0,0.0,8.83,6.14,0.0
20231103:2311,0.0,0.0,0.0,8.34,5.86,0.0
20231104:0011,0.0,0.0,0.0,7.99,5.66,0.0
20231104:0111,0.0,0.0,0.0,7.64,5.52,0.0
20231104:0211,0.0,0.0,0.0,7.35,5.52,0.0
20231104:0311,0.0,0.0,0.0,7.22,5.52,0.0
20231104:0411,0.0,0.0,0.0,7.38,5.52,0.0
20231104:0511,0.0,0.0,0.0,7.62,5.52,0.0
20231104:0611,0.0,0.0,0.0,8.13,5.52,0.0
20231104:0711,2.26,10.65,3.89,8.78,5.45,0.0
20231104:0811,25.07,43.56,10.87,8.99,5.59,0.0
20231104:0911,105.39,137.75,16.37,9.41,5.86,0.0
20231104:1011,75.22,103.87,19.97,10.11,7.59,0.0
20231104:1111,486.91,568.12,21.31,10.55,6.48,0.0
20231104:1211,26.32,45.49,20.25,11.03,5.79,0.0
20231104:1311,94.68,126.81,16.91,11.1,5.24,0.0
20231104:1411,27.88,47.43,11.61,10.68,5.24,0.0
20231104:1511,2.75,11.62,4.79,10.11,5.66,0.0
20231104:1611,0.0,0.0,0.0,9.29,6.14,0.0
20231104:1711,0.0,0.0,0.0,8.56,7.03,0.0
20231104:1811,0.0,0.0,0.0,8.05,7.1,0.0
20231104:1911,0.0,0.0,0.0,8.11,6.0,0.0
20231104:2011,0.0,0.0,0.0,8.2,5.03,0.0
20231104:2111,0.0,0.0,0.0,8.43,4.41,0.0
20231104:2211,0.0,0.0,0.0,8.86,4.14,0.0
20231104:2311,0.0,0.0,0.0,9.19,4.0,0.0
20231105:0011,0.0,0.0,0.0,9.2,4.0,0.0
20231105:0111,0.0,0.0,0.0,9.24,4.21,0.0
20231105:0211,0.0,0.0,0.0,9.15,4.41,0.0
20231105:0311,0.0,0.0,0.0,8.86,4.14,0.0
20231105:0411,0.0,0.0,0.0,8.33,3.66,0.0
20231105:0511,0.0,0.0,0.0,7.95,3.52,0.0
20231105:0611,0.0,0.0,0.0,7.69,3.45,0.0
20231105:0711,0.07,5.81,3.62,7.83,2.83,0.0
20231105:0811,128.56,164.6,10.58,8.16,2.34,0.0
20231105:0911,51.87,76.47,16.07,8.87,2.07,0.0
20231105:1011,135.28,172.43,19.66,9.68,2.34,0.0
20231105:1111,53.98,79.37,21.0,10.23,2.55,0.0
20231105:1211,58.77,85.18,19.95,10.61,2.69,0.0
20231105:1311,9.25,22.26,16.62,10.87,2.76,0.0
20231105:1411,18.17,34.85,11.34,11.04,3.17,0.0
20231105:1511,4.95,15.49,4.54,10.55,3.66,0.0
20231105:1611,0.0,0.0,0.0,10.14,3.79,0.0
20231105:1711,0.0,0.0,0.0,9.83,4.14,0.0
20231105:1811,0.0,0.0,0.0,9.77,4.69,0.0
20231105:1911,0.0,0.0,0.0,9.73,5.59,0.0
20231105:2011,0.0,0.0,0.0,9.7,6.21,0.0
20231105:2111,0.0,0.0,0.0,9.88,6.97,0.0
20231105:2211,0.0,0.0,0.0,9.74,7.17,0.0
20231105:2311,0.0,0.0,0.0,9.5,6.48,0.0
20231106:0011,0.0,0.0,0.0,9.3,5.66,0.0
20231106:0111,0.0,0.0,0.0,9.06,5.45,0.0
20231106:0211,0.0,0.0,0.0,8.94,5.59,0.0
20231106:0311,0.0,0.0,0.0,8.8,5.38,0.0
20231106:0411,0.0,0.0,0.0,8.66,5.17,0.0
20231106:0511,0.0,0.0,0.0,8.54,5.1,0.0
20231106:0611,0.0,0.0,0.0,8.39,5.24,0.0
20231106:0711,1.77,9.68,3.36,8.5,5.59,0.0
20231106:0811,153.54,192.49,10.3,8.9,6.0,0.0
20231106:0911,27.29,46.46,15.78,9.52,6.0,0.0
20231106:1011,11.97,26.13,19.36,10.01,7.24,0.0
20231106:1111,80.96,110.6,20.7,10.29,7.24,0.0
20231106:1211,140.78,178.26,19.65,10.74,7.1,0.0
20231106:1311,69.31,97.37,16.34,10.94,7.1,0.0
20231106:1411,89.64,122.05,11.07,10.85,6.83,0.0
20231106:1511,27.87,52.16,4.28,10.68,6.0,0.0
20231106:1611,0.0,0.0,0.0,10.25,5.52,0.0
20231106:1711,0.0,0.0,0.0,9.79,5.24,0.0
20231106:1811,0.0,0.0,0.0,9.45,5.17,0.0
20231106:1911,0.0,0.0,0.0,9.12,5.31,0.0
20231106:2011,0.0,0.0,0.0,8.96,5.24,0.0
20231106:2111,0.0,0.0,0.0,8.8,5.1,0.0
20231106:2211,0.0,0.0,0.0,8.78,5.17,0.0
20231106:2311,0.0,0.0,0.0,8.74,5.38,0.0
20231107:0011,0.0,0.0,0.0,8.72,5.52,0.0
20231107:0111,0.0,0.0,0.0,8.63,5.59,0.0
20231107:0211,0.0,0.0,0.0,8.52,5.66,0.0
20231107:0311,0.0,0.0,0.0,8.57,5.72,0.0
20231107:0411,0.0,0.0,0.0,8.62,5.52,0.0
20231107:0511,0.0,0.0,0.0,8.62,5.24,0.0
20231107:0611,0.0,0.0,0.0,8.51,5.1,0.0
20231107:0711,21.87,41.44,3.09,8.11,4.97,0.0
20231107:0811,182.89,225.44,10.03,8.31,5.17,0.0
20231107:0911,225.44,270.51,15.49,8.94,5.86,0.0
20231107:1011,322.76,378.74,19.06,9.56,6.62,0.0
20231107:1111,215.02,259.9,20.4,9.84,6.14,0.0
20231107:1211,93.27,124.74,19.36,10.18,5.52,0.0
20231107:1311,68.59,96.46,16.06,10.49,5.17,0.0
20231107:1411,243.64,304.0,10.81,10.6,5.1,0.0
20231107:1511,24.92,47.99,4.04,9.99,5.17,0.0
20231107:1611,0.0,0.0,0.0,9.45,5.03,0.0
20231107:1711,0.0,0.0,0.0,9.05,5.24,0.0
20231107:1811,0.0,0.0,0.0,8.88,5.38,0.0
20231107:1911,0.0,0.0,0.0,8.42,5.38,0.0
20231107:2011,0.0,0.0,0.0,8.51,5.59,0.0
20231107:2111,0.0,0.0,0.0,8.52,5.66,0.0
20231107:2211,0.0,0.0,0.0,8.38,5.79,0.0
20231107:2311,0.0,0.0,0.0,8.27,5.72,0.0
20231108:0011,0.0,0.0,0.0,8.23,5.52,0.0
20231108:0111,0.0,0.0,0.0,8.15,5.31,0.0
20231108:0211,0.0,0.0,0.0,8.16,5.17,0.0
20231108:0311,0.0,0.0,0.0,8.25,5.03,0.0
20231108:0411,0.0,0.0,0.0,8.31,4.9,0.0
20231108:0511,0.0,0.0,0.0,8.19,4.9,0.0
20231108:0611,0.0,0.0,0.0,7.81,4.9,0.0
20231108:0711,0.0,4.84,2.83,7.81,4.9,0.0
20231108:0811,130.9,166.73,9.75,8.1,5.17,0.0
20231108:0911,347.16,406.99,15.2,8.63,5.24,0.0
20231108:1011,324.8,380.48,18.77,9.44,6.97,0.0
20231108:1111,479.82,558.02,20.11,9.93,6.62,0.0
20231108:1211,280.68,333.33,19.08,10.42,6.9,0.0
20231108:1311,121.24,156.51,15.78,10.55,6.0,0.0
20231108:1411,91.86,124.89,10.55,10.59,5.45,0.0
20231108:1511,3.27,12.58,3.8,10.36,6.0,0.0
20231108:1611,0.0,0.0,0.0,10.11,6.34,0.0
20231108:1711,0.0,0.0,0.0,9.77,6.83,0.0
20231108:1811,0.0,0.0,0.0,9.37,7.17,0.0
20231108:1911,0.0,0.0,0.0,9.47,7.24,0.0
20231108:2011,0.0,0.0,0.0,9.53,7.17,0.0
20231108:2111,0.0,0.0,0.0,9.56,7.03,0.0
20231108:2211,0.0,0.0,0.0,9.42,6.55,0.0
20231108:2311,0.0,0.0,0.0,9.56,6.07,0.0
20231109:0011,0.0,0.0,0.0,9.82,5.79,0.0
20231109:0111,0.0,0.0,0.0,10.01,5.66,0.0
20231109:0211,0.0,0.0,0.0,10.16,5.45,0.0
20231109:0311,0.0,0.0,0.0,10.2,5.31,0.0
20231109:0411,0.0,0.0,0.0,10.09,4.9,0.0
20231109:0511,0.0,0.0,0.0,10.06,4.55,0.0
20231109:0611,0.0,0.0,0.0,10.06,4.76,0.0
20231109:0711,0.84,7.74,2.57,9.67,3.79,0.0
20231109:0811,59.54,85.82,9.48,9.74,3.66,0.0
20231109:0911,24.19,42.59,14.92,9.86,3.59,0.0
20231109:1011,338.62,401.71,18.48,10.09,3.38,0.0
20231109:1111,493.32,585.63,19.82,10.42,3.1,0.0
20231109:1211,370.6,440.73,18.79,10.78,3.38,0.0
20231109:1311,114.3,149.3,15.52,10.9,3.66,0.0
20231109:1411,85.36,117.48,10.3,10.53,3.72,0.0
20231109:1511,6.8,19.18,3.56,9.95,3.79,0.0
20231109:1611,0.0,0.0,0.0,9.31,4.0,0.0
20231109:1711,0.0,0.0,0.0,9.0,4.48,0.0
20231109:1811,0.0,0.0,0.0,8.92,5.03,0.0
20231109:1911,0.0,0.0,0.0,8.6,5.17,0.0
20231109:2011,0.0,0.0,0.0,8.55,4.9,0.0
20231109:2111,0.0,0.0,0.0,8.47,4.69,0.0
20231109:2211,0.0,0.0,0.0,8.17,4.55,0.0
20231109:2311,0.0,0.0,0.0,7.79,4.28,0.0
20231110:0011,0.0,0.0,0.0,7.5,4.34,0.0
20231110:0111,0.0,0.0,0.0,7.17,4.69,0.0
20231110:0211,0.0,0.0,0.0,6.97,4.9,0.0
20231110:0311,0.0,0.0,0.0,7.0,4.9,0.0
20231110:0411,0.0,0.0,0.0,7.05,5.03,0.0
20231110:0511,0.0,0.0,0.0,7.18,5.24,0.0
20231110:0611,0.0,0.0,0.0,7.25,5.38,0.0
20231110:0711,17.27,35.44,2.31,7.29,5.24,0.0
20231110:0811,265.1,318.24,9.21,7.47,5.52,0.0
20231110:0911,382.64,446.13,14.64,7.93,5.31,0.0
20231110:1011,70.92,98.21,18.19,8.34,7.03,0.0
20231110:1111,25.87,44.52,19.53,8.82,7.38,0.0
20231110:1211,25.08,43.56,18.52,8.98,6.69,0.0
20231110:1311,43.14,65.82,15.25,8.73,5.52,0.0
20231110:1411,12.06,26.13,10.06,8.59,5.03,0.0
20231110:1511,9.68,24.28,3.33,8.42,4.55,0.0
20231110:1611,0.0,0.0,0.0,8.16,4.28,0.0
20231110:1711,0.0,0.0,0.0,8.04,3.93,0.0
20231110:1811,0.0,0.0,0.0,7.83,3.52,0.0
20231110:1911,0.0,0.0,0.0,7.23,2.97,0.0
20231110:2011,0.0,0.0,0.0,7.18,2.76,0.0
20231110:2111,0.0,0.0,0.0,7.18,2.69,0.0
20231110:2211,0.0,0.0,0.0,6.98,2.62,0.0
20231110:2311,0.0,0.0,0.0,6.63,2.69,0.0
20231111:0011,0.0,0.0,0.0,6.25,2.69,0.0
20231111:0111,0.0,0.0,0.0,6.27,2.76,0.0
20231111:0211,0.0,0.0,0.0,6.0,2.83,0.0
20231111:0311,0.0,0.0,0.0,5.83,3.1,0.0
20231111:0411,0.0,0.0,0.0,5.88,3.45,0.0
20231111:0511,0.0,0.0,0.0,5.95,3.66,0.0
20231111:0611,0.0,0.0,0.0,6.09,3.86,0.0
20231111:0711,0.0,1.94,2.05,6.03,3.72,0.0
20231111:0811,27.32,46.0,8.94,6.34,3.86,0.0
20231111:0911,54.7,79.16,14.37,7.27,3.72,0.0
20231111:1011,155.27,192.75,17.91,8.05,3.86,0.0
20231111:1111,90.8,121.19,19.25,8.58,4.41,0.0
20231111:1211,130.53,166.02,18.25,8.93,4.07,0.0
20231111:1311,49.46,73.56,15.0,9.14,4.07,0.0
20231111:1411,33.25,53.93,9.82,8.93,4.48,0.0
20231111:1511,12.92,29.89,3.11,8.31,3.79,0.0
20231111:1611,0.0,0.0,0.0,7.73,3.31,0.0
20231111:1711,0.0,0.0,0.0,7.32,3.1,0.0
20231111:1811,0.0,0.0,0.0,6.84,3.1,0.0
20231111:1911,0.0,0.0,0.0,7.32,3.31,0.0
20231111:2011,0.0,0.0,0.0,7.06,2.97,0.0
20231111:2111,0.0,0.0,0.0,6.79,2.83,0.0
20231111:2211,0.0,0.0,0.0,6.51,2.69,0.0
20231111:2311,0.0,0.0,0.0,6.22,2.76,0.0
20231112:0011,0.0,0.0,0.0,5.75,2.97,0.0
20231112:0111,0.0,0.0,0.0,5.56,3.1,0.0
20231112:0211,0.0,0.0,0.0,5.42,3.03,0.0
20231112:0311,0.0,0.0,0.0,5.26,2.83,0.0
20231112:0411,0.0,0.0,0.0,5.14,2.83,0.0
20231112:0511,0.0,0.0,0.0,5.31,2.97,0.0
20231112:0611,0.0,0.0,0.0,5.34,2.9,0.0
20231112:0711,0.89,7.74,1.8,5.42,2.69,0.0
20231112:0811,53.01,76.97,8.68,5.74,2.69,0.0
20231112:0911,309.84,365.06,14.1,6.44,2.62,0.0
20231112:1011,341.06,400.74,17.64,7.6,3.03,0.0
20231112:1111,490.55,576.66,18.98,8.18,3.03,0.0
20231112:1211,166.01,205.77,17.98,8.79,3.17,0.0
20231112:1311,249.07,300.84,14.75,9.17,3.24,0.0
20231112:1411,55.32,81.22,9.58,9.11,2.9,0.0
20231112:1511,1.77,9.68,2.89,8.43,2.97,0.0
20231112:1611,0.0,0.0,0.0,7.3,2.69,0.0
20231112:1711,0.0,0.0,0.0,6.87,2.69,0.0
20231112:1811,0.0,0.0,0.0,6.56,2.83,0.0
20231112:1911,0.0,0.0,0.0,6.55,2.97,0.0
20231112:2011,0.0,0.0,0.0,6.24,2.83,0.0
20231112:2111,0.0,0.0,0.0,5.87,2.69,0.0
20231112:2211,0.0,0.0,0.0,5.46,2.69,0.0
20231112:2311,0.0,0.0,0.0,4.92,2.41,0.0
20231113:0011,0.0,0.0,0.0,4.36,2.14,0.0
20231113:0111,0.0,0.0,0.0,3.69,2.34,0.0
20231113:0211,0.0,0.0,0.0,3.62,2.07,0.0
20231113:0311,0.0,0.0,0.0,3.4,2.0,0.0
20231113:0411,0.0,0.0,0.0,3.14,2.21,0.0
20231113:0511,0.0,0.0,0.0,3.09,2.41,0.0
20231113:0611,0.0,0.0,0.0,3.14,2.83,0.0
20231113:0711,0.0,2.9,1.55,3.52,3.1,0.0
20231113:0811,71.11,97.39,8.42,4.06,3.38,0.0
20231113:0911,52.83,76.33,13.83,5.1,3.38,0.0
20231113:1011,41.23,62.92,17.36,6.05,3.66,0.0
20231113:1111,66.75,92.92,18.71,6.4,3.72,0.0
20231113:1211,10.81,24.2,17.72,6.81,4.62,0.0
20231113:1311,6.87,18.39,14.5,7.55,5.38,0.0
20231113:1411,5.02,15.49,9.35,8.42,5.86,0.0
20231113:1511,0.0,2.9,2.68,9.29,5.31,0.0
20231113:1611,0.0,0.0,0.0,11.0,5.93,0.0
20231113:1711,0.0,0.0,0.0,11.56,6.83,0.0
20231113:1811,0.0,0.0,0.0,10.9,6.41,0.0
20231113:1911,0.0,0.0,0.0,11.01,7.03,0.0
20231113:2011,0.0,0.0,0.0,10.88,7.24,0.0
20231113:2111,0.0,0.0,0.0,10.86,7.72,0.0
20231113:2211,0.0,0.0,0.0,11.02,8.41,0.0
20231113:2311,0.0,0.0,0.0,10.94,8.69,0.0
20231114:0011,0.0,0.0,0.0,10.7,8.9,0.0
20231114:0111,0.0,0.0,0.0,10.57,8.9,0.0
20231114:0211,0.0,0.0,0.0,10.51,8.97,0.0
20231114:0311,0.0,0.0,0.0,10.51,9.17,0.0
20231114:0411,0.0,0.0,0.0,10.36,9.45,0.0
20231114:0511,0.0,0.0,0.0,10.18,9.31,0.0
20231114:0611,0.0,0.0,0.0,10.2,8.83,0.0
20231114:0711,0.0,0.0,0.0,10.26,8.83,0.0
20231114:0811,115.9,151.43,8.16,10.44,8.76,0.0
20231114:0911,141.98,178.92,13.56,10.6,8.48,0.0
20231114:1011,9.91,23.23,17.1,10.91,7.45,0.0
20231114:1111,181.02,223.16,18.44,11.34,7.38,0.0
20231114:1211,142.35,179.91,17.46,10.91,7.38,0.0
20231114:1311,314.29,375.53,14.26,11.04,6.41,0.0
20231114:1411,65.02,93.6,9.13,10.98,6.0,0.0
20231114:1511,0.06,5.81,2.47,10.34,4.62,0.0
20231114:1611,0.0,0.0,0.0,9.8,3.79,0.0
20231114:1711,0.0,0.0,0.0,9.58,3.24,0.0
20231114:1811,0.0,0.0,0.0,9.44,2.9,0.0
20231114:1911,0.0,0.0,0.0,9.03,2.76,0.0
20231114:2011,0.0,0.0,0.0,8.84,2.76,0.0
20231114:2111,0.0,0.0,0.0,8.7,2.83,0.0
20231114:2211,0.0,0.0,0.0,8.35,2.76,0.0
20231114:2311,0.0,0.0,0.0,7.99,2.55,0.0
20231115:0011,0.0,0.0,0.0,7.62,2.41,0.0
20231115:0111,0.0,0.0,0.0,7.27,2.34,0.0
20231115:0211,0.0,0.0,0.0,7.15,2.14,0.0
20231115:0311,0.0,0.0,0.0,6.72,1.93,0.0
20231115:0411,0.0,0.0,0.0,6.47,1.79,0.0
20231115:0511,0.0,0.0,0.0,5.77,1.93,0.0
20231115:0611,0.0,0.0,0.0,5.37,1.72,0.0
20231115:0711,0.0,0.0,0.0,5.34,1.31,0.0
20231115:0811,79.82,108.45,7.91,5.52,1.17,0.0
20231115:0911,50.52,74.47,13.3,7.52,1.31,0.0
20231115:1011,281.69,335.73,16.83,8.81,2.62,0.0
20231115:1111,122.45,157.41,18.18,9.49,3.52,0.0
20231115:1211,171.32,212.24,17.21,9.92,4.0,0.0
20231115:1311,283.98,339.99,14.03,9.84,5.31,0.0
20231115:1411,2.24,10.65,8.91,9.76,5.59,0.0
20231115:1511,0.06,5.81,2.27,9.56,5.03,0.0
20231115:1611,0.0,0.0,0.0,9.08,5.17,0.0
20231115:1711,0.0,0.0,0.0,8.94,5.38,0.0
20231115:1811,0.0,0.0,0.0,8.81,5.38,0.0
20231115:1911,0.0,0.0,0.0,9.04,5.86,0.0
20231115:2011,0.0,0.0,0.0,9.1,6.28,0.0
20231115:2111,0.0,0.0,0.0,9.16,6.21,0.0
20231115:2211,0.0,0.0,0.0,9.02,6.14,0.0
20231115:2311,0.0,0.0,0.0,8.82,6.34,0.0
20231116:0011,0.0,0.0,0.0,8.57,6.21,0.0
20231116:0111,0.0,0.0,0.0,8.33,5.38,0.0
20231116:0211,0.0,0.0,0.0,7.83,4.62,0.0
20231116:0311,0.0,0.0,0.0,7.22,3.86,0.0
20231116:0411,0.0,0.0,0.0,6.66,3.1,0.0
20231116:0511,0.0,0.0,0.0,6.17,2.55,0.0
20231116:0611,0.0,0.0,0.0,5.77,2.14,0.0
20231116:0711,0.0,0.0,0.0,5.25,1.93,0.0
20231116:0811,22.41,39.64,7.66,5.05,1.52,0.0
20231116:0911,111.83,144.08,13.05,6.2,0.9,0.0
20231116:1011,97.27,128.66,16.58,7.83,0.9,0.0
20231116:1111,138.41,175.33,17.93,8.55,1.59,0.0
20231116:1211,470.59,560.76,16.97,8.65,1.93,0.0
20231116:1311,284.83,342.39,13.8,8.43,2.41,0.0
20231116:1411,35.08,56.17,8.7,7.98,2.48,0.0
20231116:1511,1.32,8.71,2.08,7.08,2.28,0.0
20231116:1611,0.0,0.0,0.0,6.04,2.28,0.0
20231116:1711,0.0,0.0,0.0,5.51,2.21,0.0
20231116:1811,0.0,0.0,0.0,5.15,2.21,0.0
20231116:1911,0.0,0.0,0.0,4.63,2.14,0.0
20231116:2011,0.0,0.0,0.0,4.12,2.0,0.0
20231116:2111,0.0,0.0,0.0,3.74,1.93,0.0
20231116:2211,0.0,0.0,0.0,3.29,1.72,0.0
20231116:2311,0.0,0.0,0.0,2.8,1.72,0.0
20231117:0011,0.0,0.0,0.0,2.64,1.72,0.0
20231117:0111,0.0,0.0,0.0,2.37,1.93,0.0
20231117:0211,0.0,0.0,0.0,2.61,2.07,0.0
20231117:0311,0.0,0.0,0.0,2.67,2.28,0.0
20231117:0411,0.0,0.0,0.0,3.04,2.21,0.0
20231117:0511,0.0,0.0,0.0,3.04,2.07,0.0
20231117:0611,0.0,0.0,0.0,3.19,1.93,0.0
20231117:0711,0.0,0.0,0.0,3.58,2.14,0.0
20231117:0811,202.56,247.14,7.42,3.81,1.93,0.0
20231117:0911,353.55,415.25,12.8,4.83,1.66,0.0
20231117:1011,15.01,30.01,16.32,6.19,1.79,0.0
20231117:1111,99.92,131.11,17.68,7.19,2.0,0.0
20231117:1211,403.71,477.92,16.73,7.75,1.93,0.0
20231117:1311,317.83,381.66,13.57,7.95,1.72,0.0
20231117:1411,126.36,166.49,8.5,7.92,1.45,0.0
20231117:1511,0.02,5.65,1.89,6.77,1.24,0.0
20231117:1611,0.0,0.0,0.0,5.51,1.1,0.0
20231117:1711,0.0,0.0,0.0,5.09,0.62,0.0
20231117:1811,0.0,0.0,0.0,4.72,0.62,0.0
20231117:1911,0.0,0.0,0.0,3.99,0.83,0.0
20231117:2011,0.0,0.0,0.0,2.75,1.24,0.0
20231117:2111,0.0,0.0,0.0,2.04,1.31,0.0
20231117:2211,0.0,0.0,0.0,1.46,1.52,0.0
20231117:2311,0.0,0.0,0.0,0.97,1.93,0.0
20231118:0011,0.0,0.0,0.0,0.77,1.93,0.0
20231118:0111,0.0,0.0,0.0,1.16,1.86,0.0
20231118:0211,0.0,0.0,0.0,1.66,1.79,0.0
20231118:0311,0.0,0.0,0.0,1.68,2.0,0.0
20231118:0411,0.0,0.0,0.0,2.01,2.34,0.0
20231118:0511,0.0,0.0,0.0,2.2,2.48,0.0
20231118:0611,0.0,0.0,0.0,2.55,2.9,0.0
20231118:0711,0.0,0.0,0.0,2.85,2.97,0.0
20231118:0811,20.5,36.93,7.17,3.35,3.1,0.0
20231118:0911,26.48,44.52,12.55,4.04,4.07,0.0
20231118:1011,52.22,75.5,16.07,4.7,4.21,0.0
20231118:1111,18.0,33.88,17.44,5.32,4.55,0.0
20231118:1211,15.06,30.01,16.5,5.78,4.9,0.0
20231118:1311,16.51,31.94,13.36,5.74,4.48,0.0
20231118:1411,7.57,19.36,8.3,5.81,4.62,0.0
20231118:1511,0.0,0.94,1.71,5.75,5.03,0.0
20231118:1611,0.0,0.0,0.0,5.95,5.79,0.0
20231118:1711,0.0,0.0,0.0,6.24,6.55,0.0
20231118:1811,0.0,0.0,0.0,6.41,6.9,0.0
20231118:1911,0.0,0.0,0.0,6.32,6.62,0.0
20231118:2011,0.0,0.0,0.0,6.54,6.0,0.0
20231118:2111,0.0,0.0,0.0,6.95,5.24,0.0
20231118:2211,0.0,0.0,0.0,7.56,4.41,0.0
20231118:2311,0.0,0.0,0.0,8.48,4.07,0.0
20231119:0011,0.0,0.0,0.0,9.83,4.41,0.0
20231119:0111,0.0,0.0,0.0,11.04,4.97,0.0
20231119:0211,0.0,0.0,0.0,11.68,5.45,0.0
20231119:0311,0.0,0.0,0.0,11.8,6.14,0.0
20231119:0411,0.0,0.0,0.0,11.54,6.28,0.0
20231119:0511,0.0,0.0,0.0,11.19,6.28,0.0
20231119:0611,0.0,0.0,0.0,10.63,5.93,0.0
20231119:0711,0.0,0.0,0.0,10.6,6.28,0.0
20231119:0811,1.28,8.71,6.94,10.44,6.28,0.0
20231119:0911,28.65,48.4,12.31,10.68,6.0,0.0
20231119:1011,203.56,248.33,15.83,11.15,5.79,0.0
20231119:1111,33.13,54.2,17.2,11.5,5.59,0.0
20231119:1211,262.47,315.76,16.27,11.67,5.45,0.0
20231119:1311,75.29,104.59,13.15,11.45,5.79,0.0
20231119:1411,20.37,37.75,8.11,10.98,5.38,0.0
20231119:1511,0.0,0.94,1.54,10.75,5.17,0.0
20231119:1611,0.0,0.0,0.0,10.48,4.9,0.0
20231119:1711,0.0,0.0,0.0,10.13,4.55,0.0
20231119:1811,0.0,0.0,0.0,9.91,4.07,0.0
20231119:1911,0.0,0.0,0.0,9.99,4.14,0.0
20231119:2011,0.0,0.0,0.0,9.88,3.52,0.0
20231119:2111,0.0,0.0,0.0,9.74,3.31,0.0
20231119:2211,0.0,0.0,0.0,9.68,3.1,0.0
20231119:2311,0.0,0.0,0.0,9.8,3.24,0.0
20231120:0011,0.0,0.0,0.0,10.21,3.66,0.0
20231120:0111,0.0,0.0,0.0,10.43,4.0,0.0
20231120:0211,0.0,0.0,0.0,10.43,4.0,0.0
20231120:0311,0.0,0.0,0.0,10.43,4.14,0.0
20231120:0411,0.0,0.0,0.0,10.38,4.21,0.0
20231120:0511,0.0,0.0,0.0,10.16,4.14,0.0
20231120:0611,0.0,0.0,0.0,10.02,4.28,0.0
20231120:0711,0.0,0.0,0.0,10.08,3.79,0.0
20231120:0811,24.74,43.49,6.7,10.22,4.28,0.0
20231120:0911,21.17,38.72,12.07,10.32,4.83,0.0
20231120:1011,100.61,132.84,15.59,10.3,4.97,0.0
20231120:1111,59.01,85.18,16.97,10.21,4.9,0.0
20231120:1211,153.79,192.46,16.05,10.07,4.83,0.0
20231120:1311,20.47,37.75,12.95,9.98,4.48,0.0
20231120:1411,10.63,24.2,7.92,9.86,3.86,0.0
20231120:1511,0.0,0.94,1.37,9.63,3.45,0.0
20231120:1611,0.0,0.0,0.0,9.24,3.24,0.0
20231120:1711,0.0,0.0,0.0,8.91,3.1,0.0
20231120:1811,0.0,0.0,0.0,8.69,3.03,0.0
20231120:1911,0.0,0.0,0.0,8.49,2.9,0.0
20231120:2011,0.0,0.0,0.0,8.32,2.9,0.0
20231120:2111,0.0,0.0,0.0,8.19,2.62,0.0
20231120:2211,0.0,0.0,0.0,7.92,2.48,0.0
20231120:2311,0.0,0.0,0.0,7.72,2.41,0.0
20231121:0011,0.0,0.0,0.0,7.73,2.07,0.0
20231121:0111,0.0,0.0,0.0,7.71,1.45,0.0
20231121:0211,0.0,0.0,0.0,7.68,0.97,0.0
20231121:0311,0.0,0.0,0.0,8.18,1.72,0.0
20231121:0411,0.0,0.0,0.0,8.29,3.1,0.0
20231121:0511,0.0,0.0,0.0,8.06,3.66,0.0
20231121:0611,0.0,0.0,0.0,7.65,3.45,0.0
20231121:0711,0.0,0.0,0.0,7.34,3.31,0.0
20231121:0811,8.15,20.33,6.47,7.14,3.38,0.0
20231121:0911,22.27,39.69,11.84,7.12,3.52,0.0
20231121:1011,237.13,282.37,15.36,7.16,3.66,0.0
20231121:1111,160.66,198.12,16.74,7.59,4.14,0.0
20231121:1211,40.09,61.95,15.84,7.8,4.34,0.0
20231121:1311,227.12,274.31,12.75,7.89,4.14,0.0
20231121:1411,18.5,34.85,7.74,7.68,3.52,0.0
20231121:1511,0.0,0.0,0.0,7.2,3.38,0.0
20231121:1611,0.0,0.0,0.0,6.45,3.17,0.0
20231121:1711,0.0,0.0,0.0,5.68,3.17,0.0
20231121:1811,0.0,0.0,0.0,5.13,3.1,0.0
20231121:1911,0.0,0.0,0.0,4.8,2.97,0.0
20231121:2011,0.0,0.0,0.0,4.35,2.9,0.0
20231121:2111,0.0,0.0,0.0,3.79,2.62,0.0
20231121:2211,0.0,0.0,0.0,3.33,2.34,0.0
20231121:2311,0.0,0.0,0.0,2.89,2.14,0.0
20231122:0011,0.0,0.0,0.0,2.39,1.93,0.0
20231122:0111,0.0,0.0,0.0,1.72,1.86,0.0
20231122:0211,0.0,0.0,0.0,1.0,1.79,0.0
20231122:0311,0.0,0.0,0.0,0.39,1.93,0.0
20231122:0411,0.0,0.0,0.0,-0.01,1.59,0.0
20231122:0511,0.0,0.0,0.0,-0.58,1.86,0.0
20231122:0611,0.0,0.0,0.0,-0.83,2.07,0.0
20231122:0711,0.0,0.0,0.0,-0.07,2.21,0.0
20231122:0811,14.74,29.04,6.25,0.62,2.28,0.0
20231122:0911,35.52,55.17,11.61,1.88,2.55,0.0
20231122:1011,103.71,132.53,15.13,2.86,3.24,0.0
20231122:1111,354.05,406.63,16.52,3.58,3.86,0.0
20231122:1211,44.13,65.82,15.63,3.97,4.21,0.0
20231122:1311,20.35,36.78,12.56,4.15,4.34,0.0
20231122:1411,9.62,22.26,7.57,4.12,4.34,0.0
20231122:1511,0.0,0.0,0.0,4.06,4.62,0.0
20231122:1611,0.0,0.0,0.0,4.15,5.17,0.0
20231122:1711,0.0,0.0,0.0,4.45,5.52,0.0
20231122:1811,0.0,0.0,0.0,4.86,6.0,0.0
20231122:1911,0.0,0.0,0.0,5.51,6.62,0.0
20231122:2011,0.0,0.0,0.0,6.27,6.76,0.0
20231122:2111,0.0,0.0,0.0,7.0,6.55,0.0
20231122:2211,0.0,0.0,0.0,7.8,6.21,0.0
20231122:2311,0.0,0.0,0.0,8.62,6.14,0.0
20231123:0011,0.0,0.0,0.0,9.41,6.14,0.0
20231123:0111,0.0,0.0,0.0,10.08,6.28,0.0
20231123:0211,0.0,0.0,0.0,10.55,6.55,0.0
20231123:0311,0.0,0.0,0.0,10.75,6.76,0.0
20231123:0411,0.0,0.0,0.0,10.73,6.9,0.0
20231123:0511,0.0,0.0,0.0,10.76,6.97,0.0
20231123:0611,0.0,0.0,0.0,10.7,6.97,0.0
20231123:0711,0.0,0.0,0.0,10.91,7.17,0.0
20231123:0811,38.27,60.91,6.03,11.06,7.45,0.0
20231123:0911,65.71,93.12,11.38,11.34,7.79,0.0
20231123:1011,129.23,165.42,14.91,11.7,7.93,0.0
20231123:1111,102.01,135.13,16.31,12.0,8.07,0.0
20231123:1211,58.33,84.81,15.43,12.09,9.03,0.0
20231123:1311,13.19,28.07,12.37,12.1,9.03,0.0
20231123:1411,2.71,11.62,7.41,11.96,9.31,0.0
20231123:1511,0.0,0.0,0.0,12.03,9.31,0.0
20231123:1611,0.0,0.0,0.0,12.0,9.38,0.0
20231123:1711,0.0,0.0,0.0,11.29,9.72,0.0
20231123:1811,0.0,0.0,0.0,10.42,7.79,0.0
20231123:1911,0.0,0.0,0.0,10.11,8.14,0.0
20231123:2011,0.0,0.0,0.0,9.26,7.86,0.0
20231123:2111,0.0,0.0,0.0,8.28,7.1,0.0
20231123:2211,0.0,0.0,0.0,7.96,6.83,0.0
20231123:2311,0.0,0.0,0.0,7.94,7.17,0.0
20231124:0011,0.0,0.0,0.0,7.71,7.59,0.0
20231124:0111,0.0,0.0,0.0,7.45,6.83,0.0
20231124:0211,0.0,0.0,0.0,7.09,6.62,0.0
20231124:0311,0.0,0.0,0.0,6.64,6.69,0.0
20231124:0411,0.0,0.0,0.0,6.07,7.45,0.0
20231124:0511,0.0,0.0,0.0,5.78,7.66,0.0
20231124:0611,0.0,0.0,0.0,5.3,7.17,0.0
20231124:0711,0.0,0.0,0.0,5.24,6.48,0.0
20231124:0811,125.01,160.33,5.81,5.4,6.69,0.0
20231124:0911,5.73,16.45,11.17,5.09,7.59,0.0
20231124:1011,7.58,19.36,14.7,5.71,7.1,0.0
20231124:1111,9.52,22.26,16.1,6.07,7.45,0.0
20231124:1211,445.45,508.08,15.24,5.69,8.48,0.0
20231124:1311,240.33,285.12,12.2,6.18,8.41,0.0
20231124:1411,36.95,58.18,7.25,5.51,8.97,0.0
20231124:1511,0.0,0.0,0.0,5.74,9.03,0.0
20231124:1611,0.0,0.0,0.0,5.09,9.79,0.0
20231124:1711,0.0,0.0,0.0,4.96,10.0,0.0
20231124:1811,0.0,0.0,0.0,4.68,9.17,0.0
20231124:1911,0.0,0.0,0.0,4.16,7.66,0.0
20231124:2011,0.0,0.0,0.0,4.41,6.41,0.0
20231124:2111,0.0,0.0,0.0,4.8,5.45,0.0
20231124:2211,0.0,0.0,0.0,4.67,4.07,0.0
20231124:2311,0.0,0.0,0.0,4.16,3.45,0.0
20231125:0011,0.0,0.0,0.0,4.23,3.24,0.0
20231125:0111,0.0,0.0,0.0,4.65,3.45,0.0
20231125:0211,0.0,0.0,0.0,4.99,3.93,0.0
20231125:0311,0.0,0.0,0.0,4.94,4.69,0.0
20231125:0411,0.0,0.0,0.0,4.97,4.34,0.0
20231125:0511,0.0,0.0,0.0,4.85,4.28,0.0
20231125:0611,0.0,0.0,0.0,5.2,4.41,0.0
20231125:0711,0.0,0.0,0.0,5.36,5.24,0.0
20231125:0811,177.04,220.43,5.6,5.61,5.38,0.0
20231125:0911,3.93,13.55,10.95,5.95,4.48,0.0
20231125:1011,233.72,277.86,14.49,6.58,3.79,0.0
20231125:1111,353.82,413.44,15.9,7.08,3.66,0.0
20231125:1211,97.29,127.63,15.05,7.14,4.14,0.0
20231125:1311,339.42,402.36,12.02,7.01,3.79,0.0
20231125:1411,71.88,101.39,7.09,6.59,3.17,0.0
20231125:1511,0.0,0.0,0.0,5.86,2.76,0.0
20231125:1611,0.0,0.0,0.0,5.11,2.41,0.0
20231125:1711,0.0,0.0,0.0,4.34,2.34,0.0
20231125:1811,0.0,0.0,0.0,3.98,2.21,0.0
20231125:1911,0.0,0.0,0.0,3.2,2.28,0.0
20231125:2011,0.0,0.0,0.0,2.77,2.0,0.0
20231125:2111,0.0,0.0,0.0,2.3,1.72,0.0
20231125:2211,0.0,0.0,0.0,1.63,1.45,0.0
20231125:2311,0.0,0.0,0.0,1.44,1.45,0.0
20231126:0011,0.0,0.0,0.0,0.88,1.66,0.0
20231126:0111,0.0,0.0,0.0,0.91,1.93,0.0
20231126:0211,0.0,0.0,0.0,1.12,2.07,0.0
20231126:0311,0.0,0.0,0.0,1.67,2.14,0.0
20231126:0411,0.0,0.0,0.0,1.83,2.21,0.0
20231126:0511,0.0,0.0,0.0,1.93,2.14,0.0
20231126:0611,0.0,0.0,0.0,2.07,1.86,0.0
20231126:0711,0.0,0.0,0.0,2.3,2.55,0.0
20231126:0811,59.0,84.14,5.39,3.03,2.48,0.0
20231126:0911,20.32,36.78,10.75,4.24,2.48,0.0
20231126:1011,63.48,88.92,14.28,5.83,2.48,0.0
20231126:1111,34.7,55.17,15.7,6.55,2.62,0.0
20231126:1211,27.59,46.46,14.87,7.06,2.76,0.0
20231126:1311,44.18,66.65,11.86,6.72,2.62,0.0
20231126:1411,14.28,29.04,6.95,6.48,2.41,0.0
20231126:1511,0.0,0.0,0.0,5.96,2.34,0.0
20231126:1611,0.0,0.0,0.0,5.37,2.34,0.0
20231126:1711,0.0,0.0,0.0,4.98,2.28,0.0
20231126:1811,0.0,0.0,0.0,4.78,2.34,0.0
20231126:1911,0.0,0.0,0.0,5.11,2.62,0.0
20231126:2011,0.0,0.0,0.0,5.1,2.55,0.0
20231126:2111,0.0,0.0,0.0,5.04,2.48,0.0
20231126:2211,0.0,0.0,0.0,5.0,2.48,0.0
20231126:2311,0.0,0.0,0.0,4.95,2.55,0.0
20231127:0011,0.0,0.0,0.0,4.85,2.55,0.0
20231127:0111,0.0,0.0,0.0,4.7,2.62,0.0
20231127:0211,0.0,0.0,0.0,4.67,2.76,0.0
20231127:0311,0.0,0.0,0.0,4.43,2.83,0.0
20231127:0411,0.0,0.0,0.0,4.28,2.97,0.0
20231127:0511,0.0,0.0,0.0,4.18,3.17,0.0
20231127:0611,0.0,0.0,0.0,4.09,3.31,0.0
20231127:0711,0.0,0.0,0.0,3.36,3.72,0.0
20231127:0811,4.02,13.55,5.19,2.6,3.66,0.0
20231127:0911,11.8,25.17,10.54,1.93,3.59,0.0
20231127:1011,25.22,42.59,14.08,1.73,3.86,0.0
20231127:1111,57.85,81.03,15.51,1.74,4.0,0.0
20231127:1211,84.68,111.02,14.69,1.82,4.21,0.0
20231127:1311,101.43,129.84,11.7,1.96,4.48,0.0
20231127:1411,19.37,35.41,6.81,1.98,4.62,0.0
20231127:1511,0.0,0.0,0.0,2.05,4.97,0.0
20231127:1611,0.0,0.0,0.0,2.07,5.52,0.0
20231127:1711,0.0,0.0,0.0,1.96,5.45,0.0
20231127:1811,0.0,0.0,0.0,1.66,5.66,0.0
20231127:1911,0.0,0.0,0.0,1.74,5.72,0.0
20231127:2011,0.0,0.0,0.0,1.43,5.79,0.0
20231127:2111,0.0,0.0,0.0,1.24,5.79,0.0
20231127:2211,0.0,0.0,0.0,1.07,5.59,0.0
20231127:2311,0.0,0.0,0.0,1.03,6.07,0.0
20231128:0011,0.0,0.0,0.0,0.99,5.93,0.0
20231128:0111,0.0,0.0,0.0,1.04,5.66,0.0
20231128:0211,0.0,0.0,0.0,0.91,5.45,0.0
20231128:0311,0.0,0.0,0.0,0.78,5.31,0.0
20231128:0411,0.0,0.0,0.0,0.43,5.17,0.0
20231128:0511,0.0,0.0,0.0,0.32,4.97,0.0
20231128:0611,0.0,0.0,0.0,0.18,4.48,0.0
20231128:0711,0.0,0.0,0.0,-0.25,3.72,0.0
20231128:0811,5.91,16.45,4.99,-0.31,3.31,0.0
20231128:0911,25.44,42.59,10.35,0.0,3.24,0.0
20231128:1011,56.7,79.34,13.89,0.36,3.1,0.0
20231128:1111,430.16,489.57,15.33,0.63,2.69,0.0
20231128:1211,420.55,482.14,14.52,0.79,2.14,0.0
20231128:1311,155.72,189.9,11.55,0.79,1.17,0.0
20231128:1411,59.85,85.31,6.68,0.58,0.28,0.0
20231128:1511,0.0,0.0,0.0,0.15,1.38,0.0
20231128:1611,0.0,0.0,0.0,-0.57,2.07,0.0
20231128:1711,0.0,0.0,0.0,-0.94,2.69,0.0
20231128:1811,0.0,0.0,0.0,-0.82,3.59,0.0
20231128:1911,0.0,0.0,0.0,0.1,5.31,0.0
20231128:2011,0.0,0.0,0.0,0.64,6.14,0.0
20231128:2111,0.0,0.0,0.0,0.94,5.79,0.0
20231128:2211,0.0,0.0,0.0,1.32,5.24,0.0
20231128:2311,0.0,0.0,0.0,1.51,4.9,0.0
20231129:0011,0.0,0.0,0.0,1.65,4.9,0.0
20231129:0111,0.0,0.0,0.0,1.66,4.83,0.0
20231129:0211,0.0,0.0,0.0,1.69,5.03,0.0
20231129:0311,0.0,0.0,0.0,1.74,5.1,0.0
20231129:0411,0.0,0.0,0.0,1.53,4.69,0.0
20231129:0511,0.0,0.0,0.0,1.23,3.93,0.0
20231129:0611,0.0,0.0,0.0,0.95,2.48,0.0
20231129:0711,0.0,0.0,0.0,0.77,2.62,0.0
20231129:0811,1.39,8.71,4.8,0.83,4.41,0.0
20231129:0911,80.09,105.48,10.16,0.91,4.62,0.0
20231129:1011,456.83,517.46,13.71,1.18,4.21,0.0
20231129:1111,406.35,462.08,15.15,1.43,3.52,0.0
20231129:1211,412.29,471.88,14.36,1.49,2.9,0.0
20231129:1311,89.75,116.97,11.41,1.43,2.41,0.0
20231129:1411,41.28,63.01,6.55,1.32,2.14,0.0
20231129:1511,0.0,0.0,0.0,0.93,1.59,0.0
20231129:1611,0.0,0.0,0.0,0.15,1.72,0.0
20231129:1711,0.0,0.0,0.0,-0.39,1.86,0.0
20231129:1811,0.0,0.0,0.0,-0.93,2.0,0.0
20231129:1911,0.0,0.0,0.0,-1.37,1.66,0.0
20231129:2011,0.0,0.0,0.0,-2.13,1.59,0.0
20231129:2111,0.0,0.0,0.0,-2.46,1.52,0.0
20231129:2211,0.0,0.0,0.0,-2.65,1.52,0.0
20231129:2311,0.0,0.0,0.0,-2.65,1.38,0.0
20231130:0011,0.0,0.0,0.0,-2.81,1.45,0.0
20231130:0111,0.0,0.0,0.0,-3.28,1.59,0.0
20231130:0211,0.0,0.0,0.0,-3.78,1.45,0.0
20231130:0311,0.0,0.0,0.0,-3.97,1.31,0.0
20231130:0411,0.0,0.0,0.0,-3.92,1.24,0.0
20231130:0511,0.0,0.0,0.0,-3.74,1.38,0.0
20231130:0611,0.0,0.0,0.0,-3.73,1.59,0.0
20231130:0711,0.0,0.0,0.0,-3.84,1.17,0.0
20231130:0811,0.53,6.78,4.61,-3.55,1.31,0.0
20231130:0911,9.99,22.26,9.97,-2.8,1.31,0.0
20231130:1011,28.84,46.46,13.53,-1.91,1.52,0.0
20231130:1111,8.53,20.33,14.99,-0.88,1.38,0.0
20231130:1211,9.15,21.29,14.21,-0.02,1.24,0.0
20231130:1311,9.81,22.26,11.27,0.3,0.97,0.0
20231130:1411,7.15,18.39,6.43,0.44,1.31,0.0
20231130:1511,0.0,0.0,0.0,-0.03,1.59,0.0
20231130:1611,0.0,0.0,0.0,-0.52,1.72,0.0
20231130:1711,0.0,0.0,0.0,-0.78,1.72,0.0
20231130:1811,0.0,0.0,0.0,-0.94,1.79,0.0
20231130:1911,0.0,0.0,0.0,-0.88,1.93,0.0
20231130:2011,0.0,0.0,0.0,-0.98,1.86,0.0
20231130:2111,0.0,0.0,0.0,-1.09,1.72,0.0
20231130:2211,0.0,0.0,0.0,-1.24,1.66,0.0
20231130:2311,0.0,0.0,0.0,-1.6,1.52,0.0
20231201:0011,0.0,0.0,0.0,-1.98,1.45,0.0
20231201:0111,0.0,0.0,0.0,-2.26,1.38,0.0
20231201:0211,0.0,0.0,0.0,-2.32,1.52,0.0
20231201:0311,0.0,0.0,0.0,-2.5,1.24,0.0
20231201:0411,0.0,0.0,0.0,-2.86,1.1,0.0
20231201:0511,0.0,0.0,0.0,-3.05,1.03,0.0
20231201:0611,0.0,0.0,0.0,-3.22,0.97,0.0
20231201:0711,0.0,0.0,0.0,-2.48,0.41,0.0
20231201:0811,35.18,54.83,4.43,-2.66,0.41,0.0
20231201:0911,220.56,257.79,9.79,-2.71,0.48,0.0
20231201:1011,151.27,182.32,13.35,-1.25,0.76,0.0
20231201:1111,109.74,137.82,14.82,-0.47,1.1,0.0
20231201:1211,383.82,440.89,14.06,-0.01,1.45,0.0
20231201:1311,245.48,289.02,11.14,0.21,1.38,0.0
20231201:1411,55.86,80.44,6.32,-0.04,0.9,0.0
20231201:1511,0.0,0.0,0.0,-0.61,0.9,0.0
20231201:1611,0.0,0.0,0.0,-1.56,0.76,0.0
20231201:1711,0.0,0.0,0.0,-1.67,0.62,0.0
20231201:1811,0.0,0.0,0.0,-2.19,0.76,0.0
20231201:1911,0.0,0.0,0.0,-1.75,1.31,0.0
20231201:2011,0.0,0.0,0.0,-1.79,1.38,0.0
20231201:2111,0.0,0.0,0.0,-1.91,1.45,0.0
20231201:2211,0.0,0.0,0.0,-2.2,1.52,0.0
20231201:2311,0.0,0.0,0.0,-2.24,1.52,0.0
20231202:0011,0.0,0.0,0.0,-1.91,1.52,0.0
20231202:0111,0.0,0.0,0.0,-1.98,1.59,0.0
20231202:0211,0.0,0.0,0.0,-2.04,1.66,0.0
20231202:0311,0.0,0.0,0.0,-2.04,1.66,0.0
20231202:0411,0.0,0.0,0.0,-2.06,1.59,0.0
20231202:0511,0.0,0.0,0.0,-2.13,1.52,0.0
20231202:0611,0.0,0.0,0.0,-2.03,1.38,0.0
20231202:0711,0.0,0.0,0.0,-1.72,1.24,0.0
20231202:0811,18.42,33.95,4.26,-1.9,1.17,0.0
20231202:0911,57.08,79.37,9.62,-1.28,0.97,0.0
20231202:1011,201.0,237.29,13.19,-0.02,0.9,0.0
20231202:1111,289.91,336.7,14.67,1.16,1.03,0.0
20231202:1211,320.84,372.78,13.92,1.66,1.24,0.0
20231202:1311,137.43,170.41,11.02,1.77,1.38,0.0
20231202:1411,14.66,29.04,6.22,1.47,1.24,0.0
20231202:1511,0.0,0.0,0.0,0.58,1.52,0.0
20231202:1611,0.0,0.0,0.0,-0.76,1.52,0.0
20231202:1711,0.0,0.0,0.0,-1.67,1.52,0.0
20231202:1811,0.0,0.0,0.0,-1.89,1.66,0.0
20231202:1911,0.0,0.0,0.0,-1.16,1.93,0.0
20231202:2011,0.0,0.0,0.0,-0.73,2.07,0.0
20231202:2111,0.0,0.0,0.0,-0.3,2.21,0.0
20231202:2211,0.0,0.0,0.0,-0.07,2.28,0.0
20231202:2311,0.0,0.0,0.0,0.1,2.34,0.0
20231203:0011,0.0,0.0,0.0,0.19,2.41,0.0
20231203:0111,0.0,0.0,0.0,0.35,2.41,0.0
20231203:0211,0.0,0.0,0.0,0.42,2.41,0.0
20231203:0311,0.0,0.0,0.0,0.34,2.34,0.0
20231203:0411,0.0,0.0,0.0,0.18,2.28,0.0
20231203:0511,0.0,0.0,0.0,0.21,2.21,0.0
20231203:0611,0.0,0.0,0.0,0.17,2.21,0.0
20231203:0711,0.0,0.0,0.0,-0.3,1.86,0.0
20231203:0811,11.92,25.34,4.09,-0.42,2.21,0.0
20231203:0911,14.03,28.07,9.45,0.49,3.59,0.0
20231203:1011,30.03,48.4,13.03,1.22,3.93,0.0
20231203:1111,25.98,43.56,14.52,1.89,3.93,0.0
20231203:1211,161.76,195.34,13.79,2.45,3.93,0.0
20231203:1311,245.2,289.27,10.91,2.73,4.0,0.0
20231203:1411,28.66,47.58,6.12,2.51,3.38,0.0
20231203:1511,0.0,0.0,0.0,1.71,3.03,0.0
20231203:1611,0.0,0.0,0.0,0.94,2.97,0.0
20231203:1711,0.0,0.0,0.0,0.3,3.17,0.0
20231203:1811,0.0,0.0,0.0,0.12,3.52,0.0
20231203:1911,0.0,0.0,0.0,-0.01,3.72,0.0
20231203:2011,0.0,0.0,0.0,-0.15,3.86,0.0
20231203:2111,0.0,0.0,0.0,-0.28,3.93,0.0
20231203:2211,0.0,0.0,0.0,-0.4,4.0,0.0
20231203:2311,0.0,0.0,0.0,-0.45,4.07,0.0
20231204:0011,0.0,0.0,0.0,-0.53,4.21,0.0
20231204:0111,0.0,0.0,0.0,-0.61,4.21,0.0
20231204:0211,0.0,0.0,0.0,-0.56,4.34,0.0
20231204:0311,0.0,0.0,0.0,-0.49,3.72,0.0
20231204:0411,0.0,0.0,0.0,-0.34,4.0,0.0
20231204:0511,0.0,0.0,0.0,-0.16,4.0,0.0
20231204:0611,0.0,0.0,0.0,-0.01,3.79,0.0
20231204:0711,0.0,0.0,0.0,0.08,3.86,0.0
20231204:0811,12.03,25.55,3.92,0.2,4.0,0.0
20231204:0911,68.34,92.4,9.29,0.59,3.93,0.0
20231204:1011,81.28,106.96,12.87,1.33,3.79,0.0
20231204:1111,125.14,155.18,14.38,1.87,3.52,0.0
20231204:1211,72.31,97.47,13.66,2.19,3.79,0.0
20231204:1311,67.36,92.11,10.8,2.28,3.72,0.0
20231204:1411,32.85,52.79,6.03,1.97,3.66,0.0
20231204:1511,0.0,0.0,0.0,1.39,3.66,0.0
20231204:1611,0.0,0.0,0.0,0.82,3.79,0.0
20231204:1711,0.0,0.0,0.0,0.31,3.86,0.0
20231204:1811,0.0,0.0,0.0,0.07,3.86,0.0
20231204:1911,0.0,0.0,0.0,0.23,3.79,0.0
20231204:2011,0.0,0.0,0.0,-0.02,3.86,0.0
20231204:2111,0.0,0.0,0.0,0.0,4.0,0.0
20231204:2211,0.0,0.0,0.0,-0.23,4.07,0.0
20231204:2311,0.0,0.0,0.0,-0.31,4.21,0.0
20231205:0011,0.0,0.0,0.0,-0.48,4.41,0.0
20231205:0111,0.0,0.0,0.0,-0.74,4.48,0.0
20231205:0211,0.0,0.0,0.0,-0.91,4.34,0.0
20231205:0311,0.0,0.0,0.0,-0.91,4.28,0.0
20231205:0411,0.0,0.0,0.0,-0.95,4.28,0.0
20231205:0511,0.0,0.0,0.0,-0.9,4.28,0.0
20231205:0611,0.0,0.0,0.0,-0.85,4.14,0.0
20231205:0711,0.0,0.0,0.0,-0.59,4.07,0.0
20231205:0811,0.0,2.9,3.76,-0.51,3.86,0.0
20231205:0911,5.92,16.45,9.14,-0.41,3.66,0.0
20231205:1011,8.5,20.33,12.73,-0.19,3.72,0.0
20231205:1111,11.23,24.2,14.24,-0.04,3.79,0.0
20231205:1211,21.55,37.75,13.54,0.06,3.59,0.0
20231205:1311,11.22,24.2,10.7,0.0,3.24,0.0
20231205:1411,5.28,15.49,5.94,0.0,3.24,0.0
20231205:1511,0.0,0.0,0.0,-0.08,3.38,0.0
20231205:1611,0.0,0.0,0.0,-0.14,3.24,0.0
20231205:1711,0.0,0.0,0.0,-0.13,3.24,0.0
20231205:1811,0.0,0.0,0.0,-0.13,3.03,0.0
20231205:1911,0.0,0.0,0.0,-0.33,2.76,0.0
20231205:2011,0.0,0.0,0.0,-0.38,2.76,0.0
20231205:2111,0.0,0.0,0.0,-0.35,2.62,0.0
20231205:2211,0.0,0.0,0.0,-0.23,2.41,0.0
20231205:2311,0.0,0.0,0.0,-0.13,2.28,0.0
20231206:0011,0.0,0.0,0.0,-0.05,2.28,0.0
20231206:0111,0.0,0.0,0.0,0.0,2.28,0.0
20231206:0211,0.0,0.0,0.0,0.13,2.34,0.0
20231206:0311,0.0,0.0,0.0,0.34,2.34,0.0
20231206:0411,0.0,0.0,0.0,0.39,2.41,0.0
20231206:0511,0.0,0.0,0.0,0.51,2.41,0.0
20231206:0611,0.0,0.0,0.0,0.67,2.41,0.0
20231206:0711,0.0,0.0,0.0,0.41,2.34,0.0
20231206:0811,0.11,5.81,3.61,0.53,2.28,0.0
20231206:0911,9.79,22.26,8.99,0.86,2.07,0.0
20231206:1011,31.57,50.33,12.59,1.31,2.0,0.0
20231206:1111,36.33,56.14,14.12,1.78,2.14,0.0
20231206:1211,12.49,26.13,13.43,2.0,2.21,0.0
20231206:1311,13.19,27.1,10.6,2.15,2.28,0.0
20231206:1411,2.91,11.62,5.87,2.03,2.28,0.0
20231206:1511,0.0,0.0,0.0,1.68,2.48,0.0
20231206:1611,0.0,0.0,0.0,1.55,2.48,0.0
20231206:1711,0.0,0.0,0.0,1.43,2.34,0.0
20231206:1811,0.0,0.0,0.0,1.12,2.34,0.0
20231206:1911,0.0,0.0,0.0,1.38,2.14,0.0
20231206:2011,0.0,0.0,0.0,1.27,2.21,0.0
20231206:2111,0.0,0.0,0.0,1.35,2.21,0.0
20231206:2211,0.0,0.0,0.0,0.95,2.21,0.0
20231206:2311,0.0,0.0,0.0,0.35,2.28,0.0
20231207:0011,0.0,0.0,0.0,0.06,2.41,0.0
20231207:0111,0.0,0.0,0.0,0.16,2.41,0.0
20231207:0211,0.0,0.0,0.0,0.09,2.28,0.0
20231207:0311,0.0,0.0,0.0,0.18,2.07,0.0
20231207:0411,0.0,0.0,0.0,-0.12,2.07,0.0
20231207:0511,0.0,0.0,0.0,-0.27,2.14,0.0
20231207:0611,0.0,0.0,0.0,-0.37,2.28,0.0
20231207:0711,0.0,0.0,0.0,-0.47,2.0,0.0
20231207:0811,0.0,2.9,3.46,-0.83,2.14,0.0
20231207:0911,31.83,50.27,8.84,-0.58,2.0,0.0
20231207:1011,42.38,62.92,12.45,0.14,1.79,0.0
20231207:1111,276.84,320.33,14.0,0.9,1.86,0.0
20231207:1211,285.65,331.75,13.33,1.65,2.0,0.0
20231207:1311,154.59,189.19,10.52,1.76,2.07,0.0
20231207:1411,66.2,93.46,5.8,1.45,2.28,0.0
20231207:1511,0.0,0.0,0.0,0.62,2.41,0.0
20231207:1611,0.0,0.0,0.0,0.5,2.76,0.0
20231207:1711,0.0,0.0,0.0,0.69,3.31,0.0
20231207:1811,0.0,0.0,0.0,0.71,3.45,0.0
20231207:1911,0.0,0.0,0.0,0.75,3.52,0.0
20231207:2011,0.0,0.0,0.0,0.8,3.93,0.0
20231207:2111,0.0,0.0,0.0,0.85,4.21,0.0
20231207:2211,0.0,0.0,0.0,0.66,4.14,0.0
20231207:2311,0.0,0.0,0.0,0.31,4.07,0.0
20231208:0011,0.0,0.0,0.0,0.32,4.28,0.0
20231208:0111,0.0,0.0,0.0,0.27,4.55,0.0
20231208:0211,0.0,0.0,0.0,0.28,4.55,0.0
20231208:0311,0.0,0.0,0.0,0.35,4.34,0.0
20231208:0411,0.0,0.0,0.0,0.41,4.34,0.0
20231208:0511,0.0,0.0,0.0,0.43,4.07,0.0
20231208:0611,0.0,0.0,0.0,0.38,3.86,0.0
20231208:0711,0.0,0.0,0.0,0.43,3.52,0.0
20231208:0811,1.89,9.68,3.32,0.42,3.52,0.0
20231208:0911,16.21,30.97,8.71,0.63,3.24,0.0
20231208:1011,27.68,45.49,12.33,0.81,2.69,0.0
20231208:1111,62.5,86.12,13.88,1.09,2.83,0.0
20231208:1211,36.42,56.14,13.23,1.39,2.55,0.0
20231208:1311,22.12,38.72,10.44,1.66,2.34,0.0
20231208:1411,1.38,8.71,5.74,1.86,2.28,0.0
20231208:1511,0.0,0.0,0.0,1.83,2.07,0.0
20231208:1611,0.0,0.0,0.0,1.84,2.0,0.0
20231208:1711,0.0,0.0,0.0,2.0,2.14,0.0
20231208:1811,0.0,0.0,0.0,2.25,2.28,0.0
20231208:1911,0.0,0.0,0.0,2.56,2.28,0.0
20231208:2011,0.0,0.0,0.0,3.33,2.69,0.0
20231208:2111,0.0,0.0,0.0,4.16,3.03,0.0
20231208:2211,0.0,0.0,0.0,4.83,3.31,0.0
20231208:2311,0.0,0.0,0.0,5.38,3.66,0.0
20231209:0011,0.0,0.0,0.0,6.29,3.86,0.0
20231209:0111,0.0,0.0,0.0,6.54,3.93,0.0
20231209:0211,0.0,0.0,0.0,7.09,4.14,0.0
20231209:0311,0.0,0.0,0.0,7.04,4.28,0.0
20231209:0411,0.0,0.0,0.0,7.12,4.28,0.0
20231209:0511,0.0,0.0,0.0,7.04,4.41,0.0
20231209:0611,0.0,0.0,0.0,7.03,4.41,0.0
20231209:0711,0.0,0.0,0.0,5.44,4.21,0.0
20231209:0811,0.0,4.84,3.18,5.04,4.34,0.0
20231209:0911,17.27,32.91,8.58,5.34,4.69,0.0
20231209:1011,205.44,245.42,12.21,5.86,4.97,0.0
20231209:1111,224.11,266.26,13.78,6.45,5.17,0.0
20231209:1211,203.95,244.9,13.14,6.77,5.31,0.0
20231209:1311,9.47,22.26,10.37,6.99,5.45,0.0
20231209:1411,3.35,12.58,5.68,6.94,5.52,0.0
20231209:1511,0.0,0.0,0.0,6.63,5.86,0.0
20231209:1611,0.0,0.0,0.0,6.36,6.41,0.0
20231209:1711,0.0,0.0,0.0,6.08,7.24,0.0
20231209:1811,0.0,0.0,0.0,5.37,7.52,0.0
20231209:1911,0.0,0.0,0.0,5.7,7.03,0.0
20231209:2011,0.0,0.0,0.0,5.85,5.86,0.0
20231209:2111,0.0,0.0,0.0,6.42,4.34,0.0
20231209:2211,0.0,0.0,0.0,7.93,4.69,0.0
20231209:2311,0.0,0.0,0.0,8.74,6.0,0.0
20231210:0011,0.0,0.0,0.0,8.33,5.86,0.0
20231210:0111,0.0,0.0,0.0,7.7,6.07,0.0
20231210:0211,0.0,0.0,0.0,7.51,6.28,0.0
20231210:0311,0.0,0.0,0.0,7.3,6.62,0.0
20231210:0411,0.0,0.0,0.0,6.94,7.24,0.0
20231210:0511,0.0,0.0,0.0,7.04,7.38,0.0
20231210:0611,0.0,0.0,0.0,7.57,7.17,0.0
20231210:0711,0.0,0.0,0.0,7.87,6.41,0.0
20231210:0811,0.0,3.87,3.05,8.01,6.48,0.0
20231210:0911,28.3,47.48,8.46,8.19,6.34,0.0
20231210:1011,36.82,58.08,12.1,8.4,6.14,0.0
20231210:1111,23.62,41.62,13.68,8.59,6.83,0.0
20231210:1211,87.37,116.74,13.06,8.5,7.79,0.0
20231210:1311,117.28,151.19,10.3,8.44,6.62,0.0
20231210:1411,0.07,5.81,5.64,8.34,5.86,0.0
20231210:1511,0.0,0.0,0.0,7.95,5.59,0.0
20231210:1611,0.0,0.0,0.0,7.72,4.9,0.0
20231210:1711,0.0,0.0,0.0,7.41,3.72,0.0
20231210:1811,0.0,0.0,0.0,6.98,3.38,0.0
20231210:1911,0.0,0.0,0.0,6.94,3.38,0.0
20231210:2011,0.0,0.0,0.0,7.1,3.59,0.0
20231210:2111,0.0,0.0,0.0,7.02,3.03,0.0
20231210:2211,0.0,0.0,0.0,6.72,2.34,0.0
20231210:2311,0.0,0.0,0.0,7.17,2.83,0.0
20231211:0011,0.0,0.0,0.0,8.16,6.0,0.0
20231211:0111,0.0,0.0,0.0,8.12,5.93,0.0
20231211:0211,0.0,0.0,0.0,7.77,5.38,0.0
20231211:0311,0.0,0.0,0.0,7.35,4.9,0.0
20231211:0411,0.0,0.0,0.0,7.52,4.83,0.0
20231211:0511,0.0,0.0,0.0,7.83,4.97,0.0
20231211:0611,0.0,0.0,0.0,7.93,5.66,0.0
20231211:0711,0.0,0.0,0.0,8.38,4.9,0.0
20231211:0811,8.5,21.3,2.93,8.44,4.69,0.0
20231211:0911,66.58,93.36,8.34,8.44,4.34,0.0
20231211:1011,65.33,91.74,11.99,8.42,4.14,0.0
20231211:1111,6.22,17.42,13.59,8.39,4.48,0.0
20231211:1211,31.3,51.3,12.99,8.43,5.1,0.0
20231211:1311,34.56,55.36,10.25,8.61,5.59,0.0
20231211:1411,5.01,15.49,5.6,8.53,6.14,0.0
20231211:1511,0.0,0.0,0.0,7.84,5.59,0.0
20231211:1611,0.0,0.0,0.0,7.42,5.24,0.0
20231211:1711,0.0,0.0,0.0,7.16,4.83,0.0
20231211:1811,0.0,0.0,0.0,6.91,4.55,0.0
20231211:1911,0.0,0.0,0.0,6.87,4.21,0.0
20231211:2011,0.0,0.0,0.0,6.59,3.93,0.0
20231211:2111,0.0,0.0,0.0,6.35,3.72,0.0
20231211:2211,0.0,0.0,0.0,6.37,3.72,0.0
20231211:2311,0.0,0.0,0.0,6.31,3.52,0.0
20231212:0011,0.0,0.0,0.0,6.26,3.52,0.0
20231212:0111,0.0,0.0,0.0,6.25,3.31,0.0
20231212:0211,0.0,0.0,0.0,6.05,2.83,0.0
20231212:0311,0.0,0.0,0.0,5.78,2.69,0.0
20231212:0411,0.0,0.0,0.0,5.72,2.62,0.0
20231212:0511,0.0,0.0,0.0,5.68,2.55,0.0
20231212:0611,0.0,0.0,0.0,5.68,2.41,0.0
20231212:0711,0.0,0.0,0.0,4.59,1.79,0.0
20231212:0811,15.04,30.64,2.81,4.72,1.72,0.0
20231212:0911,20.21,36.78,8.23,5.18,1.59,0.0
20231212:1011,121.52,154.1,11.89,5.82,2.0,0.0
20231212:1111,282.37,333.79,13.5,6.72,2.62,0.0
20231212:1211,36.94,58.08,12.92,7.4,2.9,0.0
20231212:1311,36.29,57.33,10.2,7.62,3.1,0.0
20231212:1411,9.45,22.26,5.56,7.28,3.38,0.0
20231212:1511,0.0,0.0,0.0,6.81,3.79,0.0
20231212:1611,0.0,0.0,0.0,6.58,4.34,0.0
20231212:1711,0.0,0.0,0.0,6.62,4.69,0.0
20231212:1811,0.0,0.0,0.0,6.71,4.69,0.0
20231212:1911,0.0,0.0,0.0,6.67,4.83,0.0
20231212:2011,0.0,0.0,0.0,6.65,4.83,0.0
20231212:2111,0.0,0.0,0.0,6.61,4.28,0.0
20231212:2211,0.0,0.0,0.0,6.59,3.45,0.0
20231212:2311,0.0,0.0,0.0,6.64,2.83,0.0
20231213:0011,0.0,0.0,0.0,6.73,2.41,0.0
20231213:0111,0.0,0.0,0.0,6.76,2.07,0.0
20231213:0211,0.0,0.0,0.0,6.82,1.72,0.0
20231213:0311,0.0,0.0,0.0,6.61,1.72,0.0
20231213:0411,0.0,0.0,0.0,6.46,1.72,0.0
20231213:0511,0.0,0.0,0.0,6.35,1.66,0.0
20231213:0611,0.0,0.0,0.0,6.21,1.59,0.0
20231213:0711,0.0,0.0,0.0,6.6,1.24,0.0
20231213:0811,0.0,4.84,2.7,6.52,1.24,0.0
20231213:0911,1.32,8.71,8.13,6.65,1.24,0.0
20231213:1011,4.48,14.52,11.8,6.9,1.66,0.0
20231213:1111,6.27,17.42,13.43,6.9,2.14,0.0
20231213:1211,5.67,16.45,12.86,6.73,2.55,0.0
20231213:1311,10.16,23.23,10.15,6.31,2.97,0.0
20231213:1411,3.38,12.58,5.54,5.75,3.17,0.0
20231213:1511,0.0,0.0,0.0,5.23,3.38,0.0
20231213:1611,0.0,0.0,0.0,4.73,3.79,0.0
20231213:1711,0.0,0.0,0.0,4.26,4.97,0.0
20231213:1811,0.0,0.0,0.0,4.09,4.48,0.0
20231213:1911,0.0,0.0,0.0,4.03,4.14,0.0
20231213:2011,0.0,0.0,0.0,4.03,4.21,0.0
20231213:2111,0.0,0.0,0.0,4.05,4.34,0.0
20231213:2211,0.0,0.0,0.0,4.02,4.34,0.0
20231213:2311,0.0,0.0,0.0,3.89,4.28,0.0
20231214:0011,0.0,0.0,0.0,3.71,4.0,0.0
20231214:0111,0.0,0.0,0.0,3.6,3.79,0.0
20231214:0211,0.0,0.0,0.0,3.48,3.52,0.0
20231214:0311,0.0,0.0,0.0,3.41,3.24,0.0
20231214:0411,0.0,0.0,0.0,3.28,2.97,0.0
20231214:0511,0.0,0.0,0.0,3.18,2.76,0.0
20231214:0611,0.0,0.0,0.0,2.88,2.41,0.0
20231214:0711,0.0,0.0,0.0,3.5,1.52,0.0
20231214:0811,0.0,2.9,2.6,3.5,1.17,0.0
20231214:0911,13.77,28.07,8.03,3.73,0.9,0.0
20231214:1011,31.1,50.33,11.72,4.06,0.69,0.0
20231214:1111,59.73,84.36,13.36,4.39,0.21,0.0
20231214:1211,37.36,58.08,12.81,4.66,0.62,0.0
20231214:1311,87.66,116.54,10.12,4.75,1.24,0.0
20231214:1411,27.81,47.29,5.52,4.77,1.45,0.0
20231214:1511,0.0,0.0,0.0,4.49,1.38,0.0
20231214:1611,0.0,0.0,0.0,3.85,1.72,0.0
20231214:1711,0.0,0.0,0.0,3.45,1.86,0.0
20231214:1811,0.0,0.0,0.0,2.81,2.14,0.0
20231214:1911,0.0,0.0,0.0,3.46,2.34,0.0
20231214:2011,0.0,0.0,0.0,3.59,2.62,0.0
20231214:2111,0.0,0.0,0.0,3.77,2.83,0.0
20231214:2211,0.0,0.0,0.0,3.88,3.03,0.0
20231214:2311,0.0,0.0,0.0,4.1,3.1,0.0
20231215:0011,0.0,0.0,0.0,4.51,3.24,0.0
20231215:0111,0.0,0.0,0.0,4.85,3.31,0.0
20231215:0211,0.0,0.0,0.0,5.09,3.31,0.0
20231215:0311,0.0,0.0,0.0,5.3,3.31,0.0
20231215:0411,0.0,0.0,0.0,5.19,3.17,0.0
20231215:0511,0.0,0.0,0.0,5.24,3.1,0.0
20231215:0611,0.0,0.0,0.0,5.17,3.1,0.0
20231215:0711,0.0,0.0,0.0,4.67,3.1,0.0
20231215:0811,1.35,8.71,2.5,4.7,3.1,0.0
20231215:0911,57.8,82.18,7.94,5.18,3.1,0.0
20231215:1011,140.3,174.71,11.64,6.16,3.38,0.0
20231215:1111,123.46,156.54,13.3,6.91,3.45,0.0
20231215:1211,266.39,316.85,12.77,7.58,3.45,0.0
20231215:1311,138.09,174.99,10.09,8.01,3.72,0.0
20231215:1411,50.1,76.29,5.51,8.0,3.79,0.0
20231215:1511,0.0,0.0,0.0,7.51,3.72,0.0
20231215:1611,0.0,0.0,0.0,7.02,3.59,0.0
20231215:1711,0.0,0.0,0.0,6.87,3.45,0.0
20231215:1811,0.0,0.0,0.0,6.77,3.31,0.0
20231215:1911,0.0,0.0,0.0,5.38,3.31,0.0
20231215:2011,0.0,0.0,0.0,5.03,3.31,0.0
20231215:2111,0.0,0.0,0.0,4.91,3.45,0.0
20231215:2211,0.0,0.0,0.0,4.73,3.59,0.0
20231215:2311,0.0,0.0,0.0,4.7,3.66,0.0
20231216:0011,0.0,0.0,0.0,4.5,3.86,0.0
20231216:0111,0.0,0.0,0.0,4.49,4.14,0.0
20231216:0211,0.0,0.0,0.0,4.62,4.21,0.0
20231216:0311,0.0,0.0,0.0,4.69,4.14,0.0
20231216:0411,0.0,0.0,0.0,4.83,4.34,0.0
20231216:0511,0.0,0.0,0.0,5.11,4.41,0.0
20231216:0611,0.0,0.0,0.0,5.46,4.34,0.0
20231216:0711,0.0,0.0,0.0,5.8,4.41,0.0
20231216:0811,0.0,1.94,2.41,6.36,4.48,0.0
20231216:0911,14.26,29.04,7.86,6.9,4.55,0.0
20231216:1011,68.16,94.59,11.57,7.52,4.9,0.0
20231216:1111,169.18,207.58,13.24,8.08,4.83,0.0
20231216:1211,15.55,30.97,12.73,8.53,4.76,0.0
20231216:1311,10.69,24.2,10.07,8.89,5.17,0.0
20231216:1411,1.29,8.71,5.51,8.98,5.24,0.0
20231216:1511,0.0,0.0,0.0,8.84,5.31,0.0
20231216:1611,0.0,0.0,0.0,8.64,5.31,0.0
20231216:1711,0.0,0.0,0.0,8.42,5.31,0.0
20231216:1811,0.0,0.0,0.0,8.3,5.31,0.0
20231216:1911,0.0,0.0,0.0,8.06,5.45,0.0
20231216:2011,0.0,0.0,0.0,8.15,5.52,0.0
20231216:2111,0.0,0.0,0.0,8.31,5.52,0.0
20231216:2211,0.0,0.0,0.0,8.29,5.45,0.0
20231216:2311,0.0,0.0,0.0,8.48,5.52,0.0
20231217:0011,0.0,0.0,0.0,8.53,5.59,0.0
20231217:0111,0.0,0.0,0.0,8.49,5.52,0.0
20231217:0211,0.0,0.0,0.0,8.5,5.38,0.0
20231217:0311,0.0,0.0,0.0,8.55,5.17,0.0
20231217:0411,0.0,0.0,0.0,8.4,5.03,0.0
20231217:0511,0.0,0.0,0.0,8.33,5.1,0.0
20231217:0611,0.0,0.0,0.0,8.33,5.24,0.0
20231217:0711,0.0,0.0,0.0,8.43,5.45,0.0
20231217:0811,0.0,2.9,2.32,8.37,5.79,0.0
20231217:0911,5.02,15.49,7.79,8.42,6.14,0.0
20231217:1011,11.38,25.17,11.51,8.7,6.62,0.0
20231217:1111,43.07,65.82,13.2,9.18,7.17,0.0
20231217:1211,27.35,46.46,12.7,9.14,6.62,0.0
20231217:1311,103.17,135.65,10.06,9.15,6.55,0.0
20231217:1411,63.45,93.08,5.51,9.07,6.97,0.0
20231217:1511,0.0,0.0,0.0,8.68,6.62,0.0
20231217:1611,0.0,0.0,0.0,8.23,6.41,0.0
20231217:1711,0.0,0.0,0.0,7.96,6.34,0.0
20231217:1811,0.0,0.0,0.0,7.67,6.21,0.0
20231217:1911,0.0,0.0,0.0,7.54,6.07,0.0
20231217:2011,0.0,0.0,0.0,7.27,5.86,0.0
20231217:2111,0.0,0.0,0.0,7.13,5.72,0.0
20231217:2211,0.0,0.0,0.0,6.97,5.72,0.0
20231217:2311,0.0,0.0,0.0,7.04,5.72,0.0
20231218:0011,0.0,0.0,0.0,6.93,5.66,0.0
20231218:0111,0.0,0.0,0.0,7.12,5.59,0.0
20231218:0211,0.0,0.0,0.0,7.35,5.52,0.0
20231218:0311,0.0,0.0,0.0,7.5,5.31,0.0
20231218:0411,0.0,0.0,0.0,7.53,5.17,0.0
20231218:0511,0.0,0.0,0.0,7.6,5.17,0.0
20231218:0611,0.0,0.0,0.0,7.68,5.24,0.0
20231218:0711,0.0,0.0,0.0,7.82,5.24,0.0
20231218:0811,0.0,1.94,2.25,7.79,5.17,0.0
20231218:0911,41.48,63.66,7.72,8.04,5.24,0.0
20231218:1011,11.4,25.17,11.46,8.24,4.9,0.0
20231218:1111,10.72,24.2,13.16,8.39,5.93,0.0
20231218:1211,99.77,130.76,12.68,8.45,5.93,0.0
20231218:1311,11.39,25.17,10.06,8.49,5.93,0.0
20231218:1411,1.3,8.71,5.52,8.49,5.86,0.0
20231218:1511,0.0,0.0,0.0,8.42,6.0,0.0
20231218:1611,0.0,0.0,0.0,8.45,6.28,0.0
20231218:1711,0.0,0.0,0.0,8.57,6.41,0.0
20231218:1811,0.0,0.0,0.0,8.53,6.69,0.0
20231218:1911,0.0,0.0,0.0,7.81,6.62,0.0
20231218:2011,0.0,0.0,0.0,7.78,6.76,0.0
20231218:2111,0.0,0.0,0.0,7.84,6.76,0.0
20231218:2211,0.0,0.0,0.0,7.99,6.69,0.0
20231218:2311,0.0,0.0,0.0,8.23,6.48,0.0
20231219:0011,0.0,0.0,0.0,8.5,6.21,0.0
20231219:0111,0.0,0.0,0.0,8.62,5.86,0.0
20231219:0211,0.0,0.0,0.0,8.61,5.59,0.0
20231219:0311,0.0,0.0,0.0,8.53,5.52,0.0
20231219:0411,0.0,0.0,0.0,8.41,5.45,0.0
20231219:0511,0.0,0.0,0.0,8.31,5.45,0.0
20231219:0611,0.0,0.0,0.0,8.24,5.52,0.0
20231219:0711,0.0,0.0,0.0,7.95,4.69,0.0
20231219:0811,0.0,2.9,2.18,8.16,4.41,0.0
20231219:0911,45.07,68.11,7.66,8.36,3.86,0.0
20231219:1011,25.11,43.56,11.41,8.57,3.52,0.0
20231219:1111,30.43,50.33,13.13,8.79,3.31,0.0
20231219:1211,8.7,21.29,12.67,9.0,3.24,0.0
20231219:1311,56.85,82.41,10.06,9.19,3.31,0.0
20231219:1411,4.41,14.52,5.54,9.19,3.45,0.0
20231219:1511,0.0,0.0,0.0,8.92,3.45,0.0
20231219:1611,0.0,0.0,0.0,8.55,3.38,0.0
20231219:1711,0.0,0.0,0.0,8.13,3.38,0.0
20231219:1811,0.0,0.0,0.0,7.8,3.52,0.0
20231219:1911,0.0,0.0,0.0,7.54,3.86,0.0
20231219:2011,0.0,0.0,0.0,7.14,3.66,0.0
20231219:2111,0.0,0.0,0.0,6.58,3.66,0.0
20231219:2211,0.0,0.0,0.0,6.11,3.86,0.0
20231219:2311,0.0,0.0,0.0,5.78,4.21,0.0
20231220:0011,0.0,0.0,0.0,5.89,4.62,0.0
20231220:0111,0.0,0.0,0.0,6.0,4.9,0.0
20231220:0211,0.0,0.0,0.0,5.84,5.1,0.0
20231220:0311,0.0,0.0,0.0,5.82,5.45,0.0
20231220:0411,0.0,0.0,0.0,5.72,5.72,0.0
20231220:0511,0.0,0.0,0.0,5.94,6.34,0.0
20231220:0611,0.0,0.0,0.0,6.04,6.97,0.0
20231220:0711,0.0,0.0,0.0,6.54,7.17,0.0
20231220:0811,0.0,1.94,2.11,6.35,7.59,0.0
20231220:0911,35.86,56.49,7.61,6.57,7.1,0.0
20231220:1011,201.53,241.77,11.37,6.81,6.21,0.0
20231220:1111,357.78,415.43,13.11,7.17,5.93,0.0
20231220:1211,250.19,296.12,12.66,7.24,6.21,0.0
20231220:1311,255.38,305.32,10.07,7.14,6.0,0.0
20231220:1411,0.08,5.81,5.56,6.88,5.38,0.0
20231220:1511,0.0,0.0,0.0,6.68,5.17,0.0
20231220:1611,0.0,0.0,0.0,6.54,4.83,0.0
20231220:1711,0.0,0.0,0.0,6.54,4.55,0.0
20231220:1811,0.0,0.0,0.0,6.47,4.62,0.0
20231220:1911,0.0,0.0,0.0,6.93,5.59,0.0
20231220:2011,0.0,0.0,0.0,7.78,7.17,0.0
20231220:2111,0.0,0.0,0.0,8.44,8.14,0.0
20231220:2211,0.0,0.0,0.0,8.8,8.14,0.0
20231220:2311,0.0,0.0,0.0,8.93,7.66,0.0
20231221:0011,0.0,0.0,0.0,8.94,6.69,0.0
20231221:0111,0.0,0.0,0.0,8.99,6.07,0.0
20231221:0211,0.0,0.0,0.0,8.98,6.21,0.0
20231221:0311,0.0,0.0,0.0,9.0,6.76,0.0
20231221:0411,0.0,0.0,0.0,9.17,7.45,0.0
20231221:0511,0.0,0.0,0.0,9.12,7.86,0.0
20231221:0611,0.0,0.0,0.0,9.07,8.28,0.0
20231221:0711,0.0,0.0,0.0,8.89,8.97,0.0
20231221:0811,0.0,2.9,2.05,8.99,9.24,0.0
20231221:0911,5.58,16.45,7.56,9.25,9.24,0.0
20231221:1011,3.84,13.55,11.34,9.75,9.79,0.0
20231221:1111,39.77,61.95,13.09,9.89,11.1,0.0
20231221:1211,79.85,108.48,12.66,9.44,10.76,0.0
20231221:1311,5.59,16.45,10.09,9.01,11.17,0.0
20231221:1411,0.07,5.81,5.6,8.21,10.28,0.0
20231221:1511,0.0,0.0,0.0,8.01,9.93,0.0
20231221:1611,0.0,0.0,0.0,7.67,10.21,0.0
20231221:1711,0.0,0.0,0.0,7.09,10.48,0.0
20231221:1811,0.0,0.0,0.0,6.69,10.21,0.0
20231221:1911,0.0,0.0,0.0,6.69,10.48,0.0
20231221:2011,0.0,0.0,0.0,6.2,10.07,0.0
20231221:2111,0.0,0.0,0.0,6.11,9.72,0.0
20231221:2211,0.0,0.0,0.0,5.97,9.52,0.0
20231221:2311,0.0,0.0,0.0,5.66,10.14,0.0
20231222:0011,0.0,0.0,0.0,5.5,9.79,0.0
20231222:0111,0.0,0.0,0.0,5.34,10.07,0.0
20231222:0211,0.0,0.0,0.0,5.14,9.86,0.0
20231222:0311,0.0,0.0,0.0,5.14,9.38,0.0
20231222:0411,0.0,0.0,0.0,5.02,9.38,0.0
20231222:0511,0.0,0.0,0.0,5.05,9.52,0.0
20231222:0611,0.0,0.0,0.0,5.07,9.59,0.0
20231222:0711,0.0,0.0,0.0,5.83,8.76,0.0
20231222:0811,0.0,4.84,2.0,5.77,7.93,0.0
20231222:0911,55.3,79.4,7.52,5.99,7.52,0.0
20231222:1011,39.97,61.36,11.32,6.42,6.9,0.0
20231222:1111,113.39,144.86,13.08,6.89,6.55,0.0
20231222:1211,43.57,65.83,12.67,7.02,6.34,0.0
20231222:1311,10.83,24.2,10.12,6.62,5.66,0.0
20231222:1411,0.88,7.74,5.64,6.29,5.31,0.0
20231222:1511,0.0,0.0,0.0,5.93,4.55,0.0
20231222:1611,0.0,0.0,0.0,5.68,5.03,0.0
20231222:1711,0.0,0.0,0.0,5.49,5.93,0.0
20231222:1811,0.0,0.0,0.0,5.79,8.0,0.0
20231222:1911,0.0,0.0,0.0,5.5,8.48,0.0
20231222:2011,0.0,0.0,0.0,5.48,8.48,0.0
20231222:2111,0.0,0.0,0.0,5.33,8.07,0.0
20231222:2211,0.0,0.0,0.0,5.36,7.79,0.0
20231222:2311,0.0,0.0,0.0,5.21,7.03,0.0
20231223:0011,0.0,0.0,0.0,5.2,6.83,0.0
20231223:0111,0.0,0.0,0.0,5.34,6.62,0.0
20231223:0211,0.0,0.0,0.0,5.24,6.07,0.0
20231223:0311,0.0,0.0,0.0,4.83,5.38,0.0
20231223:0411,0.0,0.0,0.0,4.86,4.62,0.0
20231223:0511,0.0,0.0,0.0,4.66,4.21,0.0
20231223:0611,0.0,0.0,0.0,4.54,3.66,0.0
20231223:0711,0.0,0.0,0.0,3.96,1.52,0.0
20231223:0811,0.0,1.94,1.96,3.83,1.1,0.0
20231223:0911,22.9,40.06,7.49,3.84,1.1,0.0
20231223:1011,45.57,67.6,11.3,4.12,1.38,0.0
20231223:1111,48.11,70.73,13.09,4.59,1.86,0.0
20231223:1211,53.02,76.57,12.69,5.11,2.28,0.0
20231223:1311,69.75,96.18,10.15,5.62,2.83,0.0
20231223:1411,5.09,15.49,5.68,5.92,2.9,0.0
20231223:1511,0.0,0.0,0.0,6.21,2.69,0.0
20231223:1611,0.0,0.0,0.0,6.62,2.69,0.0
20231223:1711,0.0,0.0,0.0,7.31,3.52,0.0
20231223:1811,0.0,0.0,0.0,8.17,4.9,0.0
20231223:1911,0.0,0.0,0.0,8.69,6.0,0.0
20231223:2011,0.0,0.0,0.0,9.01,7.03,0.0
20231223:2111,0.0,0.0,0.0,9.03,7.45,0.0
20231223:2211,0.0,0.0,0.0,8.96,7.38,0.0
20231223:2311,0.0,0.0,0.0,8.91,7.59,0.0
20231224:0011,0.0,0.0,0.0,8.78,7.31,0.0
20231224:0111,0.0,0.0,0.0,8.63,7.1,0.0
20231224:0211,0.0,0.0,0.0,8.62,7.03,0.0
20231224:0311,0.0,0.0,0.0,8.66,6.55,0.0
20231224:0411,0.0,0.0,0.0,8.87,6.34,0.0
20231224:0511,0.0,0.0,0.0,9.19,6.41,0.0
20231224:0611,0.0,0.0,0.0,9.56,6.62,0.0
20231224:0711,0.0,0.0,0.0,9.43,6.62,0.0
20231224:0811,0.0,0.97,1.92,9.75,6.55,0.0
20231224:0911,14.02,29.04,7.47,10.14,6.62,0.0
20231224:1011,7.99,20.33,11.29,10.59,6.9,0.0
20231224:1111,8.61,21.29,13.09,11.07,7.31,0.0
20231224:1211,11.21,25.17,12.72,11.38,7.52,0.0
20231224:1311,3.25,12.58,10.19,11.46,7.52,0.0
20231224:1411,4.35,14.52,5.74,11.52,8.0,0.0
20231224:1511,0.0,0.0,0.0,11.61,8.28,0.0
20231224:1611,0.0,0.0,0.0,11.86,8.9,0.0
20231224:1711,0.0,0.0,0.0,11.9,9.24,0.0
20231224:1811,0.0,0.0,0.0,11.76,9.79,0.0
20231224:1911,0.0,0.0,0.0,11.68,9.03,0.0
20231224:2011,0.0,0.0,0.0,11.39,9.66,0.0
20231224:2111,0.0,0.0,0.0,11.01,9.03,0.0
20231224:2211,0.0,0.0,0.0,10.64,8.62,0.0
20231224:2311,0.0,0.0,0.0,10.57,8.83,0.0
20231225:0011,0.0,0.0,0.0,10.43,8.97,0.0
20231225:0111,0.0,0.0,0.0,10.2,9.1,0.0
20231225:0211,0.0,0.0,0.0,9.88,8.69,0.0
20231225:0311,0.0,0.0,0.0,9.62,8.48,0.0
20231225:0411,0.0,0.0,0.0,9.34,8.0,0.0
20231225:0511,0.0,0.0,0.0,9.04,7.59,0.0
20231225:0611,0.0,0.0,0.0,8.89,7.1,0.0
20231225:0711,0.0,0.0,0.0,8.82,6.69,0.0
20231225:0811,0.0,4.84,1.89,8.66,6.28,0.0
20231225:0911,137.76,174.72,7.45,8.72,5.66,0.0
20231225:1011,110.05,142.51,11.29,8.92,5.17,0.0
20231225:1111,75.36,103.58,13.11,9.32,5.03,0.0
20231225:1211,19.08,35.81,12.75,9.35,4.9,0.0
20231225:1311,36.05,57.35,10.24,9.28,4.76,0.0
20231225:1411,33.43,55.1,5.8,9.1,4.28,0.0
20231225:1511,0.0,0.0,0.0,8.94,3.93,0.0
20231225:1611,0.0,0.0,0.0,8.74,3.66,0.0
20231225:1711,0.0,0.0,0.0,8.67,3.93,0.0
20231225:1811,0.0,0.0,0.0,8.8,4.41,0.0
20231225:1911,0.0,0.0,0.0,9.07,4.48,0.0
20231225:2011,0.0,0.0,0.0,9.19,5.31,0.0
20231225:2111,0.0,0.0,0.0,9.52,5.72,0.0
20231225:2211,0.0,0.0,0.0,9.58,5.45,0.0
20231225:2311,0.0,0.0,0.0,9.65,5.17,0.0
20231226:0011,0.0,0.0,0.0,9.65,5.38,0.0
20231226:0111,0.0,0.0,0.0,9.56,6.55,0.0
20231226:0211,0.0,0.0,0.0,9.58,7.52,0.0
20231226:0311,0.0,0.0,0.0,9.05,7.17,0.0
20231226:0411,0.0,0.0,0.0,8.37,7.1,0.0
20231226:0511,0.0,0.0,0.0,7.82,6.83,0.0
20231226:0611,0.0,0.0,0.0,7.68,6.83,0.0
20231226:0711,0.0,0.0,0.0,7.58,6.83,0.0
20231226:0811,0.0,0.97,1.87,7.61,7.1,0.0
20231226:0911,16.34,31.94,7.44,7.73,7.31,0.0
20231226:1011,13.48,28.07,11.3,8.05,7.38,0.0
20231226:1111,34.5,55.17,13.13,8.26,8.0,0.0
20231226:1211,74.69,102.3,12.79,8.38,8.21,0.0
20231226:1311,37.17,58.32,10.3,7.72,8.14,0.0
20231226:1411,0.08,5.81,5.87,7.37,6.76,0.0
20231226:1511,0.0,0.0,0.0,6.7,5.93,0.0
20231226:1611,0.0,0.0,0.0,6.28,5.72,0.0
20231226:1711,0.0,0.0,0.0,5.97,5.59,0.0
20231226:1811,0.0,0.0,0.0,5.74,5.38,0.0
20231226:1911,0.0,0.0,0.0,5.84,4.69,0.0
20231226:2011,0.0,0.0,0.0,5.7,4.21,0.0
20231226:2111,0.0,0.0,0.0,5.46,3.79,0.0
20231226:2211,0.0,0.0,0.0,4.94,3.38,0.0
20231226:2311,0.0,0.0,0.0,4.51,3.1,0.0
20231227:0011,0.0,0.0,0.0,4.2,3.03,0.0
20231227:0111,0.0,0.0,0.0,4.12,2.83,0.0
20231227:0211,0.0,0.0,0.0,3.77,2.62,0.0
20231227:0311,0.0,0.0,0.0,3.44,2.48,0.0
20231227:0411,0.0,0.0,0.0,2.95,2.28,0.0
20231227:0511,0.0,0.0,0.0,2.64,1.86,0.0
20231227:0611,0.0,0.0,0.0,2.43,1.93,0.0
20231227:0711,0.0,0.0,0.0,2.55,2.14,0.0
20231227:0811,0.0,2.9,1.85,2.93,2.41,0.0
20231227:0911,13.8,28.07,7.44,3.59,2.76,0.0
20231227:1011,26.43,44.52,11.31,4.29,3.31,0.0
20231227:1111,103.54,133.22,13.16,4.83,3.59,0.0
20231227:1211,24.03,41.62,12.84,5.14,4.48,0.0
20231227:1311,16.56,31.94,10.36,5.14,4.97,0.0
20231227:1411,3.95,13.55,5.94,5.44,4.97,0.0
20231227:1511,0.0,0.0,0.0,6.12,4.69,0.0
20231227:1611,0.0,0.0,0.0,7.03,4.83,0.0
20231227:1711,0.0,0.0,0.0,7.7,5.38,0.0
20231227:1811,0.0,0.0,0.0,7.91,5.72,0.0
20231227:1911,0.0,0.0,0.0,7.82,6.48,0.0
20231227:2011,0.0,0.0,0.0,7.75,6.83,0.0
20231227:2111,0.0,0.0,0.0,7.97,7.31,0.0
20231227:2211,0.0,0.0,0.0,8.07,7.66,0.0
20231227:2311,0.0,0.0,0.0,8.35,7.72,0.0
20231228:0011,0.0,0.0,0.0,9.05,7.59,0.0
20231228:0111,0.0,0.0,0.0,9.51,7.31,0.0
20231228:0211,0.0,0.0,0.0,9.68,7.24,0.0
20231228:0311,0.0,0.0,0.0,9.56,7.24,0.0
20231228:0411,0.0,0.0,0.0,9.51,7.66,0.0
20231228:0511,0.0,0.0,0.0,9.44,8.07,0.0
20231228:0611,0.0,0.0,0.0,9.58,8.28,0.0
20231228:0711,0.0,0.0,0.0,10.18,9.03,0.0
20231228:0811,0.0,0.97,1.84,10.09,9.03,0.0
20231228:0911,75.31,104.18,7.44,10.36,9.1,0.0
20231228:1011,82.23,111.62,11.33,10.46,8.9,0.0
20231228:1111,28.68,48.4,13.2,10.61,8.9,0.0
20231228:1211,18.96,35.81,12.89,10.72,8.97,0.0
20231228:1311,46.6,70.45,10.43,10.76,8.76,0.0
20231228:1411,25.75,45.19,6.03,10.41,8.28,0.0
20231228:1511,0.0,0.0,0.0,10.23,8.0,0.0
20231228:1611,0.0,0.0,0.0,9.99,7.93,0.0
20231228:1711,0.0,0.0,0.0,9.9,8.0,0.0
20231228:1811,0.0,0.0,0.0,9.91,8.21,0.0
20231228:1911,0.0,0.0,0.0,10.13,8.83,0.0
20231228:2011,0.0,0.0,0.0,10.23,8.97,0.0
20231228:2111,0.0,0.0,0.0,10.21,8.97,0.0
20231228:2211,0.0,0.0,0.0,9.82,8.55,0.0
20231228:2311,0.0,0.0,0.0,9.48,8.48,0.0
20231229:0011,0.0,0.0,0.0,9.38,8.55,0.0
20231229:0111,0.0,0.0,0.0,9.27,8.69,0.0
20231229:0211,0.0,0.0,0.0,9.07,8.97,0.0
20231229:0311,0.0,0.0,0.0,8.75,8.41,0.0
20231229:0411,0.0,0.0,0.0,8.65,8.14,0.0
20231229:0511,0.0,0.0,0.0,8.49,8.0,0.0
20231229:0611,0.0,0.0,0.0,8.2,8.0,0.0
20231229:0711,0.0,0.0,0.0,8.08,7.79,0.0
20231229:0811,0.86,7.74,1.84,8.09,7.52,0.0
20231229:0911,235.51,283.41,7.46,8.08,8.07,0.0
20231229:1011,377.07,438.84,11.36,8.51,7.86,0.0
20231229:1111,421.65,489.49,13.25,9.09,7.72,0.0
20231229:1211,197.06,239.03,12.96,9.4,8.07,0.0
20231229:1311,313.44,372.7,10.51,9.43,8.07,0.0
20231229:1411,165.14,213.5,6.12,9.15,7.52,0.0
20231229:1511,0.0,0.0,0.0,8.55,6.9,0.0
20231229:1611,0.0,0.0,0.0,8.24,6.34,0.0
20231229:1711,0.0,0.0,0.0,7.88,5.86,0.0
20231229:1811,0.0,0.0,0.0,7.48,5.52,0.0
20231229:1911,0.0,0.0,0.0,7.46,5.38,0.0
20231229:2011,0.0,0.0,0.0,7.3,5.31,0.0
20231229:2111,0.0,0.0,0.0,7.04,5.38,0.0
20231229:2211,0.0,0.0,0.0,6.73,5.93,0.0
20231229:2311,0.0,0.0,0.0,6.24,6.0,0.0
20231230:0011,0.0,0.0,0.0,5.99,5.86,0.0
20231230:0111,0.0,0.0,0.0,5.97,6.21,0.0
20231230:0211,0.0,0.0,0.0,5.72,6.07,0.0
20231230:0311,0.0,0.0,0.0,6.02,6.34,0.0
20231230:0411,0.0,0.0,0.0,5.94,6.62,0.0
20231230:0511,0.0,0.0,0.0,5.79,6.55,0.0
20231230:0611,0.0,0.0,0.0,5.62,6.41,0.0
20231230:0711,0.0,0.0,0.0,5.86,5.86,0.0
20231230:0811,0.88,7.74,1.85,5.74,5.79,0.0
20231230:0911,55.26,79.42,7.48,5.96,5.93,0.0
20231230:1011,354.05,411.19,11.4,6.44,5.66,0.0
20231230:1111,254.15,299.98,13.3,7.04,5.45,0.0
20231230:1211,280.64,330.82,13.03,7.43,5.1,0.0
20231230:1311,169.74,209.65,10.59,7.67,4.76,0.0
20231230:1411,31.4,51.97,6.21,7.58,4.48,0.0
20231230:1511,0.0,0.0,0.0,7.44,3.59,0.0
20231230:1611,0.0,0.0,0.0,7.22,3.03,0.0
20231230:1711,0.0,0.0,0.0,7.29,3.31,0.0
20231230:1811,0.0,0.0,0.0,7.55,4.28,0.0
20231230:1911,0.0,0.0,0.0,8.05,4.69,0.0
20231230:2011,0.0,0.0,0.0,8.03,4.48,0.0
20231230:2111,0.0,0.0,0.0,8.02,4.34,0.0
20231230:2211,0.0,0.0,0.0,8.16,4.34,0.0
20231230:2311,0.0,0.0,0.0,8.48,4.55,0.0
20231231:0011,0.0,0.0,0.0,8.61,4.83,0.0
20231231:0111,0.0,0.0,0.0,8.81,4.97,0.0
20231231:0211,0.0,0.0,0.0,8.73,4.97,0.0
20231231:0311,0.0,0.0,0.0,8.49,5.03,0.0
20231231:0411,0.0,0.0,0.0,8.24,5.1,0.0
20231231:0511,0.0,0.0,0.0,7.94,5.17,0.0
20231231:0611,0.0,0.0,0.0,7.83,5.31,0.0
20231231:0711,0.0,0.0,0.0,7.96,5.72,0.0
20231231:0811,0.0,1.94,1.86,8.22,6.0,0.0
20231231:0911,13.44,28.07,7.5,8.61,6.41,0.0
20231231:1011,110.38,142.76,11.44,9.04,6.69,0.0
20231231:1111,15.5,30.97,13.37,9.19,6.76,0.0
20231231:1211,116.05,149.11,13.11,8.86,6.48,0.0
20231231:1311,3.31,12.58,10.69,8.75,6.07,0.0
20231231:1411,16.16,31.92,6.32,8.24,5.86,0.0
20231231:1511,0.0,0.0,0.0,7.82,5.66,0.0
20231231:1611,0.0,0.0,0.0,7.42,5.38,0.0
20231231:1711,0.0,0.0,0.0,7.28,5.52,0.0
20231231:1811,0.0,0.0,0.0,7.26,5.86,0.0
20231231:1911,0.0,0.0,0.0,7.28,6.14,0.0
20231231:2011,0.0,0.0,0.0,7.38,6.28,0.0
20231231:2111,0.0,0.0,0.0,7.26,6.14,0.0
20231231:2211,0.0,0.0,0.0,7.36,6.14,0.0
20231231:2311,0.0,0.0,0.0,7.12,6.21,0.0

P: PV system power (W)
G(i): Global irradiance on the inclined plane (plane of the array) (W/m2)
H_sun: Sun height (degree)
T2m: 2-m air temperature (degree Celsius)
WS10m: 10-m total wind speed (m/s)
Int: 1 means solar radiation values are reconstructed



PVGIS (c) European Union, 2001-2026